frame,t,cx,cy,geo_cx,geo_cy,peak_x,peak_y,area,eq_radius,sigma_x,sigma_y,sigma_maj,sigma_min,orientation_deg,ellipticity,radius_mean,radius_std,radius_min,radius_max,boundary_roughness,circularity,perimeter,halo_area,halo_radius,core_flux,peak_intensity
388,15.52,1305.758076047723,644.3024791088301,1305.758147113594,644.3025812124974,1319,524,38664.0,110.93752043114216,50.47036644501182,61.24312065238799,61.59003014020254,50.04643747226838,100.47702427265754,0.1874263195139947,110.11954230143506,8.545289461703447,94.37081525032414,124.1139828055969,2.195400397110978,1.0294450555726817,687.0,11535.0,129.12688227791347,9859309.0,255.0
389,15.56,1301.817296740892,632.1403337558443,1301.8172983809313,632.1409592089839,1321,477,58861.0,136.87964863581476,61.3676194081548,76.7700778415598,77.29287002966203,60.7078397425,100.81230287295767,0.2145738705367951,135.86003523085108,12.11001038517788,115.6133210247769,156.8515878812059,2.7107451264999085,1.0482839296085533,840.0,12778.0,155.22418630106606,15009475.0,255.0
390,15.6,1302.6096573888076,642.9131463654332,1302.6097149974357,642.9132903509415,1308,502,54596.0,131.82733611087738,61.98651746843054,70.45640676116074,71.11660595339022,61.227950800499634,105.50026523787196,0.1390484686427753,131.13173549218737,7.665369075076678,115.5309099759189,144.6952508367106,3.095441107399818,1.0379814636715994,813.0,12835.0,150.21395303623848,13921962.0,255.0
391,15.64,1303.8269409993704,643.6161421077592,1303.8269916655886,643.6165801193798,1325,504,54113.0,131.24291550808928,61.78612580598232,70.03757032160172,70.65944356763215,61.073968541258125,105.26192087845936,0.13565738056229137,130.55235028771182,7.458185104407184,115.60175176381225,143.90988761075684,3.0290958012090257,1.0519603677118419,804.0,12605.0,149.34212336851934,13798768.0,255.0
392,15.68,1304.7481468745416,642.7913242623015,1304.7480959459708,642.7918846005616,1324,502,54489.0,131.6980918171124,61.838516290044545,70.48603227305468,71.13451564937036,61.09143578179919,105.24688768627992,0.14118434315451844,130.97858300877806,7.766120596188854,115.86892396621147,145.67702903650934,3.0955930455923166,0.9891725343325527,832.0,13161.0,149.82585367767993,13894634.0,255.0
393,15.72,1304.8763262932778,642.283541842826,1304.8763526503708,642.2839329854436,1314,500,54615.0,131.850272786702,61.74315279913891,70.77073610684963,71.44968051088173,60.956190510694576,105.28518997321191,0.14686545727225475,131.12098299930327,8.037974421501854,116.00344451605783,145.34382912168513,3.0036430915098284,0.9962437670245698,830.0,13392.0,149.8920437027689,13926784.0,255.0
394,15.76,1305.5292337118635,640.385877232774,1305.5293617329303,640.3861995331077,1313,498,55259.0,132.62535956833477,61.70361940958551,71.70482848779871,72.48447762682888,60.78585016164002,105.57641213173261,0.16139493375970482,131.83644883581613,8.802547045836018,115.47613377811912,146.12666686178727,2.9376524189539324,0.9725220738473772,845.0,13973.0,150.76925578205538,14090992.0,255.0
395,15.8,1306.4524246776546,639.459055998575,1306.4525071194262,639.4594463069104,1326,496,55482.0,132.89269771228618,61.625359679641264,72.09425588400299,72.88343072989709,60.68996796962038,105.36941159290518,0.16730088907951057,132.08397356998242,9.084485068281724,114.7121899860667,147.5776927868398,2.8560163816393715,0.9604677401224895,852.0,14161.0,150.8671567825463,14147860.0,255.0
396,15.84,1307.5429087057655,638.810143269237,1307.5428607408207,638.8105492291363,1323,496,55587.0,133.0183883652872,61.62501393003742,72.24631566529055,73.06234478042505,60.65530681047132,105.50626965785233,0.16981439628362205,132.19595034632482,9.224858717388722,114.28541371810772,147.65861385690025,2.8054282296472772,0.9292763940145238,867.0,14476.0,150.93117602821118,14174641.0,255.0
397,15.88,1308.5077541613052,638.6926942692198,1308.5077350759066,638.6933407946278,1334,495,55397.0,132.79086099925496,61.491719185800456,72.13281426532737,72.87221824418818,60.61364722925823,104.83127228570837,0.1682200886742955,131.970137756847,9.162677612255255,113.51892920541236,148.7551398916214,2.922390274461364,0.9368748458013995,862.0,14697.0,150.6992517402118,14126157.0,255.0
398,15.92,1309.0717119914493,637.8655392549119,1309.0717483931537,637.865729038781,1310,496,55388.0,132.78007371570402,61.35821690158274,72.29789768019793,73.02613561988618,60.48967107485405,104.56332722147124,0.17167092902583014,131.95944650786095,9.420565571923719,111.94580310159773,149.2540092007534,3.0787116116944975,0.9543546769687293,854.0,15203.0,150.55967492700825,14123914.0,255.0
399,15.96,1309.2409366710585,637.6645405575757,1309.240928856251,637.6645977301841,1328,495,55423.0,132.82201934153926,61.294068230874295,72.40124569114643,73.12229193171257,60.43205772248887,104.4076649079383,0.17354809147769668,131.99241516764963,9.455834895260118,113.61011286466751,148.38353840908033,2.8881693001566697,0.9416792300698059,860.0,15379.0,150.28735563534545,14132859.0,255.0
400,16.0,1309.5484657042011,637.3425107361611,1309.548445937404,637.3428148308681,1328,494,55371.0,132.75969534419198,61.17586360461728,72.46765656267824,73.17906575068389,60.323062516040274,104.22346799293263,0.175678701316619,131.90823330137158,9.544213386493697,113.62399226458082,147.62978160664593,2.797717333114795,0.9364351334344692,862.0,15417.0,150.12237714341663,14119572.0,255.0
401,16.04,1311.9126905491007,634.2976012036007,1311.9125899730304,634.2978620800515,1348,490,55989.0,133.4985101697553,61.39776152111849,73.07816178882858,73.95237041379929,60.34194031035602,105.3778595003361,0.1840431892485166,132.64149707269698,9.97659647182921,114.26123676256408,150.20376904822442,2.6479690666649476,0.9557361190269501,858.0,15995.0,150.73196418958602,14277160.0,255.0
402,16.08,1315.0276981943548,628.5490254285539,1315.0276876676778,628.5490539900752,1341,482,57029.0,134.73267791881597,61.55637963122332,74.25317819096281,75.12076138374866,60.494574582255375,104.80956546820677,0.19470232372614715,133.81762512105783,10.625195661036953,115.99409776236412,150.71393852261795,2.461540704293595,0.9667169144895252,861.0,16586.0,151.91574596124974,14542392.0,255.0
403,16.12,1315.525113914252,628.7435829770764,1315.525113914252,628.7435829770764,1328,482,56841.0,134.5104168478146,61.317684104269944,74.30711208671457,75.18800567384994,60.234285032427415,104.77411883916768,0.19888438996890923,133.58583324556153,10.84079019100839,116.47605955700362,151.7440632470269,2.3815062300875938,1.0195784741985296,837.0,16244.0,151.68924868480406,14494455.0,255.0
404,16.16,1316.0114263546755,628.756308299977,1316.0114263546755,628.756308299977,1340,483,56711.0,134.35651065493238,61.25272505706015,74.20160529172851,75.05837231061923,60.1997948573394,104.6107477650049,0.19796029404673954,133.45374153100948,10.776703668512987,115.00722683168121,150.63131203520962,2.360754677999349,1.0624521161947742,819.0,16202.0,151.44490705089112,14461305.0,255.0
405,16.2,1316.03997745159,628.0355014763791,1316.0400056246924,628.035558602264,1327,482,56892.0,134.57074735903126,61.29413396325581,74.42458034497356,75.31676601558874,60.19446631364075,104.79314271049539,0.20078264776820132,133.6362361338047,10.974954267590027,115.14704758348775,151.68748048915054,2.555846743749342,1.0036358642440113,844.0,16789.0,151.4945990795216,14507453.0,255.0
406,16.24,1316.4040604032161,628.2916686586001,1316.4042129033396,628.2918158883616,1315,483,56683.0,134.3233385475354,61.188770727156346,74.2584009084862,75.10230453754166,60.14997607427885,104.4570169975859,0.19909280487909042,133.39219211150456,10.87408957791709,114.6226662419748,151.15004645671578,2.5699979350410977,0.9675827472325745,858.0,16772.0,151.32171230465931,14454131.0,255.0
407,16.28,1316.3659721962863,628.0102256402233,1316.3660859424695,628.010336419535,1315,482,56596.0,134.22021575924327,61.13012817706033,74.22360683367523,75.07697817619496,60.078979104799814,104.51932076571518,0.199768283643449,133.29433290316604,10.913015909069443,114.82300941027968,151.51412797619258,2.591502379163672,0.9310494259412152,874.0,16705.0,151.2626469235639,14431957.0,255.0
408,16.32,1316.4405049477803,627.910615287964,1316.4405402534871,627.9106953196913,1315,483,56492.0,134.0968384798639,61.08369764633463,74.14240734828176,74.9930957786496,60.03624131374033,104.51508678202342,0.19944308618830842,133.1592937602614,10.88067139161341,114.20204079863568,151.56568870990878,2.591291859451199,0.9400636536399236,869.0,16957.0,151.14428953535997,14405450.0,255.0
409,16.36,1316.550325698866,627.7816445796808,1316.5504531935985,627.7818828777794,1322,482,56488.0,134.09209093287333,61.06377197143643,74.1633450455325,75.01279060627138,60.0172245374774,104.48708238845076,0.19990678853027888,133.15483489668193,10.93195477562258,113.5991857421318,151.22478359239344,2.610646577828551,0.9083673850657247,884.0,16978.0,151.07203184187048,14404410.0,255.0
410,16.4,1316.5909863283584,627.7453188279512,1316.5910702258145,627.7454890283243,1346,482,56418.0,134.008981634505,61.03501738883101,74.1172666907669,74.9820664218338,59.969427915204186,104.61231506262355,0.20021638803832875,133.05290528395702,10.940794313186233,114.5590921390255,150.74023236698466,2.5889037054670694,0.8950504952921547,890.0,17091.0,151.00044284816573,14386568.0,255.0
411,16.44,1316.6488174669291,627.5928181193209,1316.6488770015587,627.5930104860422,1322,482,56456.0,134.0541045040848,61.051854824354116,74.14808917788199,75.0019632429259,59.99978013236335,104.52260703919467,0.20002387220147255,133.10249524983195,10.949064161315858,113.51049279699535,151.36103542562927,2.696275109673663,0.8956533510974138,890.0,17067.0,151.04623303755318,14396257.0,255.0
412,16.48,1316.672539927994,627.5013995286157,1316.6726189420674,627.5015161456208,1318,482,56393.0,133.9792872483001,61.02969844132557,74.09897823183464,74.96545480812868,59.962181850325095,104.63102839908186,0.20013582250923323,133.03582846394957,10.968275948726282,113.49159837995224,151.2695782953515,2.699941006000471,0.9151024510014938,880.0,17128.0,150.82655458528234,14380199.0,255.0
413,16.52,1316.6597977975973,627.5239130058492,1316.6598833602184,627.5241345080035,1318,482,56413.0,134.00304328367392,61.054879357662806,74.09835500022828,74.99173286481324,59.95418675164483,104.84450972100684,0.20052271815449885,133.06255572754296,10.954251206832952,114.50171191588716,151.12117386559763,2.5965143871201297,0.9196022559397315,878.0,17199.0,150.79170112003777,14385289.0,255.0
414,16.56,1316.678868246879,627.6062294813121,1316.6789023394513,627.6063935531968,1320,482,56338.0,133.9139364212045,60.942561497965414,74.12167095803841,74.96894340397537,59.89720721733651,104.43545833319605,0.2010397306178342,132.95053688563962,10.989700248384274,113.47978693077293,151.00902784311197,2.647921363774375,0.9142099530885422,880.0,17137.0,150.70649595365282,14366172.0,255.0
415,16.6,1316.6669288655826,627.4358554976977,1316.6669859514686,627.4360898254577,1346,481,56376.0,133.9590913058811,60.933379386695464,74.20156743995074,75.06395663170854,59.86778556804571,104.5104994694747,0.20244297990073779,132.99213734672057,11.100843079668584,113.50068402439148,151.1651415169688,2.721136144934403,0.9086208857058553,883.0,17253.0,150.86198169957592,14375854.0,255.0
416,16.64,1316.7100091488787,627.4999455771859,1316.7100569664058,627.5001153525351,1307,482,56349.0,133.92700913770315,60.93880930068132,74.15413258785946,75.02476608757333,59.863664541586104,104.59651585395841,0.20208129044068313,132.9736242514351,11.052860512824104,113.7040649622396,150.61761338555675,2.6520581625897397,0.8979871988735252,888.0,17098.0,150.78881814006797,14368974.0,255.0
417,16.68,1316.567283220671,627.5199149325687,1316.5672889235902,627.5201227951875,1306,482,56354.0,133.93295085975421,60.994558291198075,74.09855997100362,74.98215725582327,59.904998323827456,104.74413626218994,0.20107662254309022,132.9826064821722,11.016945238395449,113.59572690078755,151.19229629574738,2.6493291734855995,0.894035159199087,890.0,17278.0,150.72247988615345,14370247.0,255.0
418,16.72,1316.8101849225748,627.3090587870547,1316.8102953167654,627.3099053426454,1307,482,56414.0,134.0042309748926,61.05470141561533,74.10172125543166,75.0008018679191,59.94682124297148,104.88512564280948,0.20071759567929115,133.0469040260054,10.949803746520544,114.36296576517822,150.88682715103977,2.5961865689678723,0.9030864257123072,886.0,17303.0,150.8550231761601,14385480.0,255.0
419,16.76,1316.8335750558767,627.2086433547677,1316.8336470170455,627.2095348011364,1346,481,56320.0,133.89254195014408,60.98583005569315,74.07515704391936,74.98768626077816,59.86023110478529,104.96493326882268,0.2017325231690098,132.9313692155086,11.016980167630901,113.84612181259652,150.78858896789544,2.6347781592616792,0.8934957618996447,890.0,17259.0,150.88905185259105,14361507.0,255.0
420,16.8,1316.7569893749587,627.3689238030295,1316.7572621094234,627.3691934140334,1319,480,56423.0,134.01491972220117,61.03054543762033,74.13784936490481,75.01438800998127,59.94989388109651,104.68941558128651,0.20082139611510685,133.06034840799555,10.985760611497962,114.4128575105874,151.22302597687295,2.606086363186183,0.8971447414075896,889.0,17277.0,150.8861738423437,14387803.0,255.0
421,16.84,1316.7554577216047,627.3284274052245,1316.7557312813603,627.3287530362936,1320,481,56401.0,133.98879016787927,60.98549805233942,74.15929946190316,75.02748293206425,59.91418424923212,104.5965023083038,0.20143683477315755,133.02648954421466,11.008536715714566,114.4165638930432,150.72901073984139,2.6104050062138873,0.9131557357564625,881.0,17330.0,150.78167135144818,14382192.0,255.0
422,16.88,1316.780375437289,627.2536404269068,1316.780498616923,627.2539896446556,1346,480,56396.0,133.98285092212757,60.959680732019464,74.19358040554525,75.07632471910522,59.86915328460328,104.67857689348153,0.2025561519080603,133.0168158023989,11.07613051083653,114.39574247991057,150.65154328330723,2.5576017690338375,0.8926942919246083,891.0,17292.0,150.86059923540253,14380937.0,255.0
423,16.92,1316.8730600556714,627.1902776617953,1316.873103472752,627.1904068993665,1321,481,56353.0,133.9317625364318,60.92982106904572,74.18409720551357,75.07738323619338,59.825662554699406,104.74781617529096,0.20314667379271967,132.95734282595683,11.109591160268517,113.60120862983807,150.5511336431025,2.618978573913522,0.9103108828510014,882.0,17168.0,150.8297521800847,14370000.0,255.0
424,16.96,1316.8280578493418,627.0931872114596,1316.8281338727995,627.0933418512209,1346,480,56352.0,133.93057420256577,60.9733007113662,74.12088696632304,75.01332872625414,59.871944996968836,104.79006375987277,0.2018492444794805,132.96888149407346,11.013681335767645,114.35700976481303,150.48815311381247,2.5881163627976234,0.8980350073811583,888.0,17261.0,150.78754319379263,14369740.0,255.0
425,17.0,1316.8073838523298,627.046014557932,1316.8074383099593,627.0462098349014,1320,481,56330.0,133.90442818941025,60.930382328456716,74.15154947986787,75.03848371215446,59.83468678900169,104.7158313093737,0.20261332813538868,132.9245179320255,11.088881182018593,114.38030211609863,150.77675627352951,2.6728073677858273,0.8896514819155474,892.0,17191.0,150.81437354857542,14364128.0,255.0
426,17.04,1316.765205026385,627.1188271072288,1316.7652695460838,627.1190155091032,1345,480,56354.0,133.93295085975421,60.94212315838435,74.16133297677611,75.03655191988632,59.86118575436132,104.62916172522509,0.20223965223944673,132.96168312578408,11.062714679527817,113.669716226968,150.60231949933342,2.665384582739121,0.9082663082352026,883.0,17099.0,150.69076231294736,14370248.0,255.0
427,17.08,1316.7997918535373,627.1109644803978,1316.7998508866917,627.1112314274048,1320,481,56333.0,133.9079938554509,60.92803588581659,74.16305734824044,75.05331254626594,59.82796092107998,104.73417986938504,0.2028604882136339,132.93109887837136,11.120953742807462,113.63562771328932,150.69237251109988,2.6715276938239043,0.9120547873684651,881.0,17150.0,150.79008383671135,14364885.0,255.0
428,17.12,1316.8244441715717,626.9663412253462,1316.8245103604881,626.9665590405905,1320,481,56368.0,133.94958627934582,60.99081253637958,74.12384119667725,75.00957253517969,59.89813916715311,104.74671957206233,0.2014600651262114,132.9807762100515,11.023333946282822,113.58185709645582,150.84313843645117,2.647721739790597,0.900316584397959,887.0,17268.0,150.74787037478393,14373815.0,255.0
429,17.16,1316.792964674401,627.0812913678863,1316.7930844640193,627.0815159480003,1320,481,56308.0,133.8782770700194,60.89493097558361,74.15452629732663,75.02804158880514,59.815377322646086,104.59851282099639,0.20275971415504623,132.9097373786993,11.077288249420564,113.84836401143382,150.61143936773064,2.5995719356400495,0.9054728565054672,884.0,17174.0,150.88177321601808,14358511.0,255.0
430,17.2,1316.8757927941301,626.924133757759,1316.875872604224,626.9243121303089,1320,481,56297.0,133.86519959455057,60.916254807311724,74.12438658877434,75.01503164753429,59.81604980129354,104.74946420943435,0.202612483290745,132.89246765940806,11.088274141399193,113.53424399452618,150.43406087497425,2.6128119278068573,0.9012134666629873,886.0,17218.0,150.792807910185,14355713.0,255.0
431,17.24,1316.7648611609952,626.949027559001,1316.7649315360436,626.9493313442379,1320,481,56307.0,133.87708826140005,60.92857367544532,74.11910063569417,75.00590182465925,59.833492799918574,104.72886205644205,0.20228286915620464,132.91150028987116,11.06161606719731,113.64268077925955,149.91002343307233,2.619007148060649,0.9095678114863687,882.0,17082.0,150.8927247947739,14358249.0,255.0
432,17.28,1316.7513549417752,627.0051691424344,1316.7514589282864,627.0056760735761,1345,480,56377.0,133.9602793867778,60.97004502100741,74.17235316484309,75.08678295980678,59.84028232403946,104.9264768980936,0.20305172275030914,133.00128738441515,11.095915129996808,113.88697591689642,150.2000083628178,2.5779864759437525,0.8944000456075333,890.0,17195.0,150.87133339899833,14376079.0,255.0
433,17.32,1316.7355245838576,626.9511776962,1316.7356366735316,626.951565939919,1344,480,56324.0,133.8972965724694,60.912227485666904,74.17790301710684,75.08888048462298,59.785623529799786,104.87268318065891,0.203801905902127,132.93015985393893,11.153545623865314,113.67173157569401,150.6046630947126,2.6274404907233824,0.901645687982061,886.0,17289.0,150.81704245699672,14362575.0,255.0
434,17.36,1316.7993788009135,626.8832045856132,1316.7994573698397,626.8834586466165,1320,480,56392.0,133.97809933595985,61.00818969798289,74.13616538406565,75.035874289272,59.898145194347784,104.85255488647572,0.20173989092959077,133.0229285818662,11.025679869925042,113.61383903152137,150.87264906416712,2.627424415170423,0.9130100219992275,881.0,17289.0,150.80116927495294,14379931.0,255.0
435,17.4,1316.8189853474137,626.9447446963143,1316.819069734463,626.9452618144433,1320,480,56414.0,134.0042309748926,60.967823530771234,74.22996105702586,75.14105032364432,59.84133338142115,104.87460476251982,0.20361329627846403,133.03281763428708,11.152927126595946,113.58911091153647,150.4800764927843,2.6840286886412117,0.8990230498722435,888.0,17208.0,150.8799470202345,14385515.0,255.0
436,17.44,1316.816470235963,627.0328565214107,1316.8166624825162,627.03319226769,1318,482,55766.0,133.23238762750321,60.615752956829276,73.7929712175993,74.67827144080015,59.521658934029794,104.7266614010214,0.2029588019961801,132.274618737823,11.058748264863292,112.58779817921025,150.19045864834388,2.686302838764843,0.9069881402622352,879.0,16966.0,150.06137831257877,14220282.0,255.0
437,17.48,1316.8373587866035,627.0572928858448,1316.837538384183,627.057625657694,1316,482,55687.0,133.13798343041236,60.52966454204132,73.79377462408353,74.67849681725497,59.434700099835005,104.68354036096713,0.2041256501817773,132.17557831937725,11.106424313248404,113.32150706404883,149.85807136836016,2.6400225295471262,0.8975161640113163,883.0,17089.0,150.09261433796766,14200140.0,255.0
438,17.52,1316.871834904798,627.0552328680805,1316.872008343373,627.055796306619,1316,482,55613.0,133.04949342383514,60.44737473493679,73.78461043825814,74.6475023461587,59.37848299975015,104.48780486218794,0.2045482952075527,132.0844432272093,11.13313331147916,113.28718736337828,149.83861829434778,2.6275464350740734,0.9148782904245671,874.0,16839.0,150.0225883301437,14181248.0,255.0
439,17.56,1316.9592600451583,627.0632948557586,1316.959431793693,627.0638603548596,1316,482,55684.0,133.1343971416035,60.51150842381773,73.81622430645655,74.69234000899733,59.426694057192904,104.60115555856522,0.2043803414107197,132.16717970595047,11.1587170050134,113.19946195226977,150.14062803904696,2.742906494337085,0.8914004419003105,886.0,17106.0,150.03773342603412,14199353.0,255.0
440,17.6,1316.9792203693764,626.8615330854225,1316.979316288423,626.862090634875,1316,482,55696.0,133.1487417172705,60.517629291150804,73.82614717890475,74.71216814716864,59.42032811295861,104.67319262397051,0.20467670010711025,132.18262489785585,11.161629715099517,112.44018814254656,150.13232266992824,2.6803869524277006,0.8996978853170085,882.0,17065.0,149.9887554748649,14202418.0,255.0
441,17.64,1316.9372569295265,626.9433486073624,1316.9374371498348,626.9440633529665,1341,482,55688.0,133.13917883854825,60.553957241778164,73.76640147656488,74.66152826073885,59.446782269621174,104.78401655622443,0.20378294344556602,132.16599557255833,11.08176460385691,113.20471374648372,149.70902237066426,2.612429845815215,0.9057195343923421,879.0,17013.0,150.0026783769027,14200357.0,255.0
442,17.68,1316.9050213146743,626.9707672986757,1316.905264293032,626.9713150847427,1320,482,55639.0,133.08059121216712,60.46552374578593,73.80777842866856,74.68177708355789,59.382656475349776,104.56887468970305,0.20485747936997611,132.11458378027135,11.14538618149012,112.50480672255077,149.37759303626106,2.67068182028936,0.9090546509263466,877.0,16948.0,150.02613493865476,14187878.0,255.0
443,17.72,1316.8882776098023,626.9743409659833,1316.8885752808987,626.9750831460674,1321,482,55625.0,133.06384715231013,60.448058987333184,73.8059358115043,74.67989650568826,59.36494802699397,104.56175548114089,0.2050745809151968,132.0957004499223,11.144243896770629,112.52118689387514,149.5329433783519,2.6175050861579163,0.8965169002303853,883.0,16840.0,149.95487050217423,14184283.0,255.0
444,17.76,1316.8608024037944,626.9860057875651,1316.8610592124173,626.9868137395804,1342,481,55664.0,133.11048608030296,60.48213669717648,73.81087224597628,74.68504291173889,59.39931048791303,104.57607288873159,0.20466925943779934,132.13825831588122,11.11912730667586,113.27898827215358,150.1275240594445,2.5735563056787005,0.9136254091463692,875.0,16834.0,150.03290554866166,14194225.0,255.0
445,17.8,1316.893289728145,626.9066103204157,1316.8934791195375,626.9074473051097,1345,481,55698.0,133.15113232963802,60.489738247412284,73.8392331306787,74.69799318312873,59.42600943173306,104.45071574196177,0.20444971947178092,132.17376774201836,11.116031732191457,113.51828966357311,149.70004683311748,2.5530621175523933,0.8876127527171308,888.0,17159.0,150.0152283395689,14202897.0,255.0
446,17.84,1316.971135075035,626.940554165011,1316.971320754717,626.9411320754716,1316,482,55650.0,133.09374578141512,60.458185764060865,73.82049847030004,74.68596457494542,59.38572990033263,104.49592241875008,0.20486091010124674,132.12324313942239,11.133550669882606,113.40203140811326,149.68925059160043,2.564128549151252,0.8948917465463033,884.0,16894.0,149.99427665114194,14190683.0,255.0
447,17.88,1316.9250126385134,626.9766690680606,1316.9251802182393,626.9772772214932,1321,482,55627.0,133.06623928985792,60.45397233410047,73.79785818798906,74.67426326699905,59.36801369119272,104.58624542234337,0.2049735599141913,132.10698858661343,11.122780972463309,113.48078153145579,149.88182143814305,2.5642764009906096,0.921423305838938,871.0,16819.0,149.9703346614166,14184817.0,255.0
448,17.92,1316.8782583134616,626.9591719760306,1316.8784437056338,626.9598706083207,1316,482,55645.0,133.0877665929406,60.47025236363414,73.80333334172363,74.67363934081494,59.392179795567934,104.54526243374202,0.20464329420856964,132.11790444707913,11.136572226769596,112.53245467035217,149.82738815136688,2.6128554436495284,0.9050201747461191,879.0,16874.0,149.9188498079779,14189396.0,255.0
449,17.96,1316.9052497755085,626.851464154661,1316.905493440534,626.8520844923817,1345,481,55721.0,133.17862128752873,60.49673684115113,73.87599755364846,74.74516329738559,59.41951486356421,104.5158217012287,0.2050386641453419,132.2158814678025,11.165166012725898,112.51474597084851,149.98919358146995,2.6632180777102477,0.9021462518764888,881.0,17104.0,150.1408493971339,14208779.0,255.0
450,18.0,1316.8308538862252,626.8609735804034,1316.830958363245,626.8614860014358,1344,480,55720.0,133.17742623343048,60.50331616993055,73.86404193794225,74.7374378607932,59.4210681574536,104.5557418702107,0.20493570748127654,132.2155923910339,11.15159261558871,112.58804994012358,150.03545033183036,2.613748667915659,0.8899666492097339,887.0,17037.0,150.0826225870757,14208544.0,255.0
451,18.04,1316.8569283990305,626.9198414270719,1316.8572402778027,626.9209482619385,1345,481,55723.0,133.181011363555,60.53395441499492,73.83731570017264,74.72178453211336,59.43873941513285,104.66384121875795,0.20453265687749034,132.21229687195128,11.137981365338918,112.55704718964618,149.33706345608593,2.6169196394975605,0.886014505174399,889.0,17012.0,150.11908491648543,14209235.0,255.0
452,18.08,1316.8521027176766,626.8789101518178,1316.8521607823398,626.8793053857769,1316,482,55628.0,133.0674353425056,60.468212100344715,73.79279799355817,74.67967437616291,59.36941927794675,104.67274321959917,0.20501234406966107,132.09673820114247,11.142035445172052,112.5653458405174,149.18874061086257,2.618453256203119,0.8905039828681574,886.0,16860.0,149.9735277531251,14185095.0,255.0
453,18.12,1316.8375193434304,626.794920691671,1316.8377761400607,626.7955170492334,1307,482,55633.0,133.07341544449375,60.50323863093742,73.74956647851315,74.63331636975936,59.40966695961355,104.68462432153883,0.20397927025944496,132.11519229229694,11.080322611108365,112.58708329279312,149.97530935841655,2.5870260363298403,0.8845834748015602,889.0,16918.0,149.9785576764784,14186341.0,255.0
454,18.16,1316.9607123570677,626.8271707765373,1316.9607712765958,626.8276667625072,1322,481,55648.0,133.09135413825942,60.48778860547881,73.79414410397487,74.68473150889048,59.38467103440284,104.7082934840986,0.20486195993978118,132.1213348914863,11.13602213360511,112.438195591072,149.93994242032218,2.5864611558119264,0.909201696916719,877.0,16868.0,149.976352068396,14190187.0,255.0
455,18.2,1316.8679077175816,626.820439386103,1316.8680600445307,626.8208001149178,1322,481,55692.0,133.14396036376442,60.54381644008408,73.78422312388265,74.68213132597874,59.43268925208381,104.79184348010033,0.2041913079225458,132.16532161885297,11.10370246162604,112.5546122986841,149.98166092107755,2.55900829898533,0.8895194297880205,887.0,16881.0,150.0234874395692,14201405.0,255.0
456,18.24,1316.9589182916548,626.7875293967761,1316.9591748724215,626.7880399626249,1322,482,55652.0,133.09613738159464,60.48412945875739,73.80675584130869,74.7056135971569,59.370349681255576,104.76195301603893,0.2052759247597552,132.1296369133415,11.1392040178861,113.19083563277616,149.98211399453325,2.5754438161322146,0.9051340239908531,879.0,16723.0,150.03991780148655,14191182.0,255.0
457,18.28,1316.8720315909532,626.880481743854,1316.8722907156464,626.8811329571188,1321,482,55642.0,133.08417895091242,60.47557663932962,73.80113124921559,74.6970531256101,59.36541584014347,104.73909935354153,0.20525089871597801,132.1228757771423,11.155115853764162,113.27295849451791,149.7983362823369,2.5215023159357806,0.8927421797365674,885.0,16813.0,150.10984147498303,14188619.0,255.0
458,18.32,1316.982595042575,626.8332429836204,1316.9828128651816,626.8339895367025,1322,481,55623.0,133.06145497175729,60.42553762724637,73.83704808341878,74.71869772252367,59.33187573189475,104.59532323871943,0.20593000761027214,132.0950775334848,11.185757776946415,113.16489210331511,149.93396593627347,2.636335023924688,0.9087932358323509,877.0,16763.0,150.06301482895927,14183775.0,255.0
459,18.36,1316.866323985968,626.879565450309,1316.8665239756826,626.8800136695564,1322,482,55598.0,133.03154908534438,60.41060756593022,73.81457704154204,74.6858092843143,59.33012035933857,104.52111027082974,0.20560383655373704,132.05599148070993,11.155656728676492,113.27870425017028,149.6906802667461,2.600578600718402,0.9146315284380465,874.0,16847.0,149.99945983485202,14177435.0,255.0
460,18.4,1316.8010351554678,626.7822302400305,1316.8012619997844,626.7829971596016,1307,482,55626.0,133.06504322645952,60.426342266766795,73.83360316252623,74.69200578651696,59.36200861905507,104.42295528028565,0.20524281020485313,132.09648763466973,11.168587566978571,112.62452413285799,149.98310696415774,2.6759103901207237,0.8824857111404409,890.0,17044.0,150.00215845197943,14184536.0,255.0
461,18.44,1316.878353688085,626.8982787538403,1316.8785498598031,626.8988963980157,1322,482,55636.0,133.07700337669684,60.476190983078766,73.78671458959101,74.66677968679836,59.38620157032016,104.62835988780729,0.20465029000279655,132.1009893386844,11.097703029581485,113.26576300282447,150.11033151753225,2.6249566516948506,0.8926459133716198,885.0,16919.0,149.9906581888281,14187105.0,255.0
462,18.48,1316.8804249949903,626.8041847757006,1316.8805742211362,626.8046641992166,1307,482,55658.0,133.1033119242997,60.439680538206105,73.87113097585784,74.76073213188498,59.33575571539722,104.64518072091944,0.20632457677483207,132.13555923779833,11.213692206254233,112.54354106595041,149.96129013911013,2.5959857132751236,0.8634803156222257,900.0,17115.0,150.0656499977949,14192732.0,255.0
463,18.52,1316.8224750103661,626.9109824909481,1316.8225371847382,626.9114751742472,1307,482,55668.0,133.11526863616834,60.46780952365311,73.84452645487815,74.7226197065808,59.37929083543938,104.58400805778751,0.20533713795623443,132.1349439409376,11.158569022819348,113.32094342928055,150.08269310457118,2.6548025026485256,0.8851399866132197,889.0,17006.0,150.038409770578,14195286.0,255.0
464,18.56,1316.9152671112022,626.8553547178406,1316.9152819444196,626.8557493667703,1322,481,55667.0,133.11407301331093,60.462675778487785,73.84347405632151,74.71618208234679,59.38085514741903,104.54200161170303,0.2052477322519809,132.13461697382309,11.142750641093867,113.23102802376592,149.98740928048142,2.6160095816446054,0.9053779866581402,879.0,16921.0,150.01324566644405,14195043.0,255.0
465,18.6,1316.9341465367586,626.831798427185,1316.9342204503826,626.8321122005532,1322,481,55686.0,133.1367880115431,60.44972548667921,73.8925694915735,74.77946947949754,59.34906976395492,104.6200398096293,0.20634540232694754,132.15543936124746,11.209271042394171,113.21334981310733,149.75269430370233,2.5945377353761843,0.9015795872650196,881.0,17089.0,150.05490161524065,14199891.0,255.0
466,18.64,1316.9844265493032,626.7904788333431,1316.9844965418126,626.7907482259948,1322,481,55665.0,133.11168173537854,60.45377530697891,73.84911433778258,74.71156882968796,59.38461181441178,104.45858074384907,0.20514837601945457,132.1442547494679,11.159203618727403,113.16521229264958,149.505271594741,2.6135396151873507,0.9241736296053683,870.0,17032.0,150.01645222750926,14194542.0,255.0
467,18.68,1316.8815682115169,626.8215075641641,1316.881608473207,626.821811327529,1345,481,55705.0,133.1594991349399,60.51023972283092,73.8315767973803,74.70086411094468,59.43375930210124,104.54250544813493,0.2043765489267828,132.1881661674195,11.10369692220458,113.2663750884086,149.43766196973056,2.6298118338962784,0.9080609729516732,878.0,17014.0,150.03568772475757,14204742.0,255.0
468,18.72,1316.8729717170097,626.8490866373547,1316.873093711268,626.8494727955309,1320,481,55671.0,133.11885544030872,60.46310290698704,73.84269093688602,74.71117838816126,59.38661163758814,104.51089515843087,0.2051174547261786,132.14254740746668,11.138062518236014,112.5471074266707,149.79887029077148,2.582571121655297,0.9116553273388658,876.0,17025.0,149.94388314874573,14196059.0,255.0
469,18.76,1316.8335604833392,626.8481018883324,1316.8336507366153,626.8484010061086,1316,482,55660.0,133.10570335259789,60.507613767589426,73.77281430183636,74.6478283504505,59.42475222012027,104.61077466133494,0.20393193568689205,132.12945710225227,11.07038074516933,113.58275892570134,149.4729534988524,2.5669714312824876,0.8950525536885398,884.0,17028.0,149.8970849693405,14193264.0,255.0
470,18.8,1316.7556555704439,626.8136691768716,1316.7558166693616,626.8140282793438,1316,482,55659.0,133.10450764381952,60.476988694728306,73.80157837922157,74.65632202331207,59.41862262622897,104.43146896448535,0.20410460874733427,132.13829742317276,11.091017764213097,112.66702535878406,150.03336100600902,2.613817556742405,0.9135433430525612,875.0,16980.0,149.96828057149983,14192998.0,255.0
471,18.84,1316.832846040454,626.699355330925,1316.8329860986387,626.6999173820899,1316,482,55678.0,133.12722427415474,60.53968088961061,73.750451224386,74.61422453125344,59.471838004353955,104.55046889762536,0.20294235612616784,132.14976818481244,11.024369723470834,113.59620613492805,149.89564509624032,2.578693815906639,0.8913043927182942,886.0,17210.0,149.8701540129341,14197827.0,255.0
472,18.88,1316.9433154922112,626.7372292374777,1316.943493089212,626.738197810088,1316,482,55710.0,133.16547510259173,60.5373094053435,73.81101612273841,74.69242109619096,59.446397383682786,104.65441617605343,0.2041174122990862,132.19612707136523,11.099606073426592,113.48289005465051,149.87157925524448,2.6008180121508473,0.910214680405952,877.0,17215.0,149.99784727715627,14205945.0,255.0
473,18.92,1316.918275402448,626.7450820689403,1316.9186629526462,626.7460868002515,1319,480,55645.0,133.0877665929406,60.45333684461741,73.8247884958676,74.69214681741529,59.37835073420313,104.50612849825221,0.20502551788539003,132.10803870810318,11.151752636582133,112.51094167770583,149.54861131226352,2.624131641558708,0.8788328903105032,892.0,17077.0,150.0236842182382,14189351.0,255.0
474,18.96,1316.9665264082694,626.7774655626573,1316.9668122113812,626.7781970423877,1316,482,55653.0,133.0973331655691,60.459308943981284,73.83171085823395,74.70320720544741,59.3791242732463,104.5367059042904,0.20513286518016693,132.1252557289862,11.161349068465594,112.46007077772343,149.5025594861383,2.657630457809088,0.9113605635319987,876.0,17031.0,150.03970050010582,14191426.0,255.0
475,19.0,1316.9705827561572,626.7653743453347,1316.9709450486343,626.7664118301568,1320,480,55722.0,133.17981633090346,60.50741400542488,73.86094022253003,74.74396035504141,59.41318061359819,104.63071435147442,0.205110615876125,132.2058850817934,11.135806139540042,113.4533070380574,149.3346696010139,2.574660343376716,0.900117882175279,882.0,17169.0,150.08005056416005,14208979.0,255.0
476,19.04,1316.9872548802787,626.7548341456743,1316.9874279351282,626.7555810987985,1319,481,55679.0,133.128419778901,60.508348984012734,73.82081978555215,74.72308882705455,59.390518828565185,104.79138793060466,0.20519186558222147,132.14665261196473,11.173957378989982,112.44137992097205,149.65939610253142,2.6218833107799644,0.9159640431652577,874.0,17050.0,149.95188721645653,14198062.0,255.0
477,19.08,1316.9004732078743,626.7530713288775,1316.900632274752,626.7536104325334,1316,482,55672.0,133.12005102021257,60.560056877712675,73.74706759192384,74.66688000574747,59.422281154857096,104.97654405724519,0.20416815125684806,132.15905114885055,11.072172364945146,113.52421039647987,149.90712298568712,2.5955552833830398,0.9179482539604238,873.0,17008.0,149.96848323253647,14196298.0,255.0
478,19.12,1316.9493625173027,626.6080300214693,1316.9495265304656,626.6086644026377,1316,482,55653.0,133.0973331655691,60.51380206987843,73.7743300094567,74.6768917568677,59.39641274378201,104.81716051056456,0.20462125101344242,132.12320087895503,11.12070681684619,113.47549011844261,149.75751764017548,2.595224396937765,0.89900327512833,882.0,17067.0,149.9091806062102,14191444.0,255.0
479,19.16,1316.870148613225,626.742976422008,1316.8701933443542,626.743513260979,1317,482,55652.0,133.09613738159464,60.51905584986039,73.76433462341946,74.65935512045473,59.411395172914006,104.76854229737006,0.20423374837540198,132.1351252698006,11.102585928885324,113.53252777823583,149.91398566123533,2.654781894995436,0.898987121403012,882.0,16955.0,149.91831077008027,14191200.0,255.0
480,19.2,1316.9477563724681,626.7634012493124,1316.9478766557777,626.7638654557203,1345,481,55714.0,133.17025568363124,60.55384902542209,73.78678988227817,74.65183849299054,59.48413235932367,104.54995453907473,0.20317927113196343,132.20631106238417,11.041285525237049,113.45268471867756,149.8917877081775,2.641448657655125,0.8858714021371151,889.0,16996.0,150.01176380773276,14207015.0,255.0
481,19.24,1316.8942392227618,626.8559490820646,1316.894353533537,626.8566984355332,1345,481,55610.0,133.04590474975393,60.45470283258517,73.76872423750466,74.62562924393934,59.393696889074796,104.45279723563849,0.2041112752975761,132.06657497833478,11.088777956365305,112.52533100088854,149.26972719699225,2.6142111801948418,0.9023965261680187,880.0,16972.0,149.92679905547521,14180465.0,255.0
482,19.28,1316.8650666445988,626.837006424938,1316.8651364273646,626.8376712082539,1307,482,55634.0,133.07461143264334,60.4434219200326,73.80712368009523,74.65367700769498,59.39467373900378,104.35202100411685,0.20439720962596886,132.0991647025578,11.096995714766255,112.55601934900908,149.14053916380408,2.593992678371863,0.9069035844034359,878.0,16923.0,149.97420477182308,14186596.0,255.0
483,19.32,1316.8971052753534,626.769350649827,1316.8971868479748,626.769785596086,1345,481,55596.0,133.02915632399547,60.420293115201325,73.79615965560501,74.66878143127848,59.338504190873834,104.5439507607357,0.20531039808804008,132.0534943381338,11.131084725707684,113.50178153492516,149.28451055604359,2.5517998823785986,0.9187988446310187,872.0,16738.0,149.9838212326251,14176927.0,255.0
484,19.36,1316.849935012867,626.7061671837193,1316.850072832557,626.7066196701854,1307,482,55607.0,133.0423159788721,60.41143555798427,73.83125764593447,74.70719341952773,59.32479585412929,104.54920768546896,0.20590249561399832,132.07383955476223,11.199869177093275,112.58239986508583,149.34277552342718,2.6255364140266577,0.9339144919678847,865.0,16741.0,149.9146218576609,14179730.0,255.0
485,19.4,1316.803226331592,626.8059303832308,1316.8033073019758,626.8062763162629,1322,482,55574.0,133.00283310808828,60.39719104704955,73.80389496939178,74.67645474724735,59.314945042620856,104.52995571044207,0.2057075386963617,132.03591428053636,11.191266288947492,112.62029891113136,149.45235717493424,2.6487857955584158,0.9398682722993479,862.0,16589.0,149.99495719154916,14171327.0,255.0
486,19.44,1316.7909945406504,626.8434643605426,1316.791126611178,626.8438528052924,1322,482,55627.0,133.06623928985792,60.47606929096761,73.76370010504269,74.63348746390317,59.399334668395056,104.56172171462416,0.20411953552185513,132.1018511105643,11.08114945236191,113.53931394906871,150.21527746104223,2.5399234903684444,0.9235427376997725,870.0,16794.0,149.97025937976082,14184840.0,255.0
487,19.48,1316.7657856869996,626.7160513117522,1316.765819148172,626.7163865546219,1316,482,55692.0,133.14396036376442,60.49976200484283,73.81153495124389,74.66133972688749,59.447861565304535,104.39937238361244,0.20376647696430483,132.16998133633476,11.063616120849732,112.66536765541223,149.60208675529333,2.5697666574525706,0.9057845911036186,879.0,16925.0,149.965851060046,14201425.0,255.0
488,19.52,1316.8854677598847,626.7963868157653,1316.8855634751073,626.7967288461193,1320,481,55699.0,133.1523276197264,60.527289507252014,73.80464752288263,74.69020304202132,59.431072181252745,104.68374960869234,0.20429896076442133,132.17294150745528,11.091456932791099,112.53918933463447,149.40192426656216,2.5249496384956966,0.8836438288715964,890.0,17065.0,149.89340170694743,14203206.0,255.0
489,19.56,1316.8052605820294,626.7862238321522,1316.8053755139415,626.7866491911593,1320,480,55697.0,133.14993702881947,60.532037917622375,73.7948878848793,74.6702906404779,59.44880812992753,104.61452362373264,0.20384924686899486,132.17305232607282,11.086271886455282,112.61997017518256,149.98437048837462,2.584199213154587,0.87768514865272,893.0,17018.0,149.98126825427514,14202687.0,255.0
490,19.6,1316.89722798193,626.7453894729314,1316.8974869861784,626.7460779034284,1320,481,55710.0,133.16547510259173,60.540672056307514,73.7989366207902,74.67195170371426,59.460538579354875,104.59861505584887,0.2037098639756425,132.20017664451723,11.068498094250732,112.5318821906331,149.75734589309326,2.5920587022690578,0.910214680405952,877.0,16907.0,149.99640030408221,14205968.0,255.0
491,19.64,1316.8222926915566,626.7718747913598,1316.8224772372178,626.7726056426557,1319,480,55683.0,133.13320169053256,60.445776383681455,73.88292186519334,74.75919759125392,59.35857479316819,104.54372003723421,0.2060030510531784,132.16863255473532,11.182865471408963,112.60424098898267,149.5803160803092,2.54339896730326,0.9056382135032464,879.0,16907.0,150.0450351556667,14199084.0,255.0
492,19.68,1316.8584966182623,626.799712002309,1316.8586866764801,626.8001651527663,1344,481,55706.0,133.16069434992536,60.5169065077357,73.81788746823811,74.68254159518165,59.446568146726946,104.51668727994486,0.20400984116263243,132.19870751538096,11.078598200844656,112.56577218037359,149.4186282209398,2.5573002333421213,0.9164082147409947,874.0,16873.0,149.9948771606672,14204975.0,255.0
493,19.72,1316.9426037768112,626.7322170276165,1316.942680997915,626.732421453735,1343,481,55636.0,133.07700337669684,60.43480133481194,73.83043429115251,74.69817384825234,59.358917305950285,104.49839855252335,0.2053498198424959,132.09641137906416,11.146801760564188,112.48782240063991,149.2581712880048,2.5626074488527966,0.8987286617979223,882.0,16756.0,150.02641722655684,14187153.0,255.0
494,19.76,1316.9705314511875,626.7526813953497,1316.970687083266,626.7530058769612,1320,482,55641.0,133.08298304874407,60.48291965942883,73.77900974241898,74.6602473003285,59.391694050217716,104.64355055493358,0.20450713468295212,132.11007138216075,11.082367510453844,113.45444784288496,149.7467463991619,2.5424693513873886,0.9259024596788747,869.0,16809.0,149.9334006624598,14188415.0,255.0
495,19.8,1316.9096772884102,626.7650316447891,1316.9097509254934,626.7653200589441,1321,480,55646.0,133.0889624521253,60.39987941176189,73.89532795976238,74.77856062353072,59.3028818718716,104.56998596955019,0.2069534185014703,132.10181590745984,11.219743630290619,113.24114856292584,149.32927130343595,2.5424856911642304,0.9345694934099108,865.0,16844.0,149.90099282117865,14189698.0,255.0
496,19.84,1316.9300187083293,626.7876621187033,1316.9300866501276,626.7880307769748,1344,481,55626.0,133.06504322645952,60.42935339459852,73.83138915067867,74.698280074276,59.354424683870434,104.48922782140045,0.20541109347027064,132.087877681502,11.164098062297718,112.49555936893287,149.95102202952242,2.6481006112394923,0.913001706833428,875.0,16896.0,150.03544654744178,14184591.0,255.0
497,19.88,1316.8757658662669,626.8147294257326,1316.875978877793,626.8151806882679,1321,481,55676.0,133.12483323245416,60.46455280124488,73.85489783137507,74.73195688122307,59.3771226975541,104.57023403644045,0.2054654370696264,132.15169888496087,11.167243432973297,112.54727482463004,149.16444396854672,2.5928659874571403,0.9138223677715086,875.0,16943.0,150.05972716232304,14197322.0,255.0
498,19.92,1316.9108216821555,626.7645665036752,1316.911010178985,626.7649677755237,1320,480,55703.0,133.15710867278432,60.45050037688501,73.90963708881175,74.78785516293142,59.36054388686163,104.54837943670424,0.2062809695833654,132.17475522724877,11.217851975384628,112.51667958300385,149.34140053476003,2.5372399705305524,0.8998109613942351,882.0,16917.0,150.0601740222789,14204215.0,255.0
499,19.96,1316.8584561883172,626.6838742501192,1316.8586484254372,626.6844410930374,1320,480,55698.0,133.15113232963802,60.503775309176234,73.84991102689939,74.74862173298045,59.38989589453784,104.75003995904568,0.20547169275317978,132.1814777263579,11.19687246879728,112.57585287493426,149.8692261371169,2.6131172696402283,0.8956636208290386,884.0,16937.0,150.03543789906752,14202924.0,255.0
500,20.0,1316.8696937378754,626.7085841232703,1316.869856373429,626.7089407540395,1316,482,55700.0,133.15352289908495,60.52044807127026,73.83236513657822,74.74443410321618,59.39033883552363,104.86315637197232,0.20542125245726994,132.19189704181753,11.170442686437744,112.56250676916784,150.05733563394992,2.5419798208830096,0.8936727545977284,885.0,17010.0,150.03646643489967,14203454.0,255.0
501,20.04,1316.8119500821526,626.7625048323464,1316.8120763243787,626.7626878519422,1316,482,55762.0,133.2276092759325,60.55241436932736,73.87126843396466,74.77293336058425,59.435407146340076,104.78364298179305,0.20512136577925377,132.2588021111036,11.153112104021952,113.33887361601094,149.88963304429495,2.601694919992016,0.9069230835509585,879.0,16897.0,150.02890851542264,14219283.0,255.0
502,20.08,1316.809570178216,626.7025266541777,1316.8097597759345,626.7029875399476,1316,482,55698.0,133.15113232963802,60.532476094239506,73.81263159750503,74.71741594334465,59.41206106673882,104.8243227062049,0.20484320400228095,132.1782116579942,11.133442446519437,112.62292639103661,149.91030036837498,2.6119490329483925,0.9058821761705335,879.0,16864.0,150.10071069329715,14202933.0,255.0
503,20.12,1316.9917273236204,626.6169985762231,1316.9918856814593,626.6173883383599,1342,481,55704.0,133.1583039092263,60.48457536015756,73.87867370547805,74.7672099114749,59.382713031929775,104.6536116137632,0.20576529333862414,132.1887716147094,11.207725160797631,112.4489537109204,149.74352162895343,2.6549869642851545,0.9018710147794895,881.0,16943.0,150.1062311261399,14204472.0,255.0
504,20.16,1316.8985310951484,626.7463663545393,1316.8986912263695,626.7467190894239,1307,482,55701.0,133.15471816771392,60.5359538037156,73.8136846050895,74.70925001466105,59.42717980984866,104.75761665693354,0.20455392340056178,132.19568170295182,11.14305603939793,112.53049937799678,149.9023589414771,2.6693985934951603,0.8916725812493571,886.0,16821.0,150.03521865511954,14203711.0,255.0
505,20.2,1316.877689266984,626.7462276438036,1316.8778031132736,626.7469163509704,1344,481,55697.0,133.14993702881947,60.506761799857635,73.8234930164573,74.69093280829537,59.432658537897645,104.53070869570516,0.20428549620019076,132.1919299334293,11.107681331901727,113.52457183025126,149.91291489383534,2.598568708529459,0.9162601575490824,874.0,16874.0,149.99367874486848,14202662.0,255.0
506,20.24,1316.8997097511706,626.6784204238274,1316.899813238516,626.678824120964,1320,481,55686.0,133.1367880115431,60.456282712862595,73.87369394397552,74.73045830434718,59.39396752203007,104.40579718001833,0.20522409644348416,132.1704620710866,11.185537173487257,112.535234300692,149.8235751052046,2.6343211074686033,0.8814556766457503,891.0,16983.0,150.04102858972723,14199885.0,255.0
507,20.28,1316.8849519531016,626.7215384838571,1316.8850339403082,626.7220486298172,1307,482,55686.0,133.1367880115431,60.45955372962586,73.86962863795853,74.73429152829932,59.387417371515554,104.46862539444271,0.20535250743592626,132.16020157974725,11.176148588536998,113.54238466123346,149.77844693147776,2.6249694072010423,0.8975000468535594,883.0,16928.0,150.08964166299714,14199876.0,255.0
508,20.32,1317.0094381313354,626.7058071055407,1317.0095554557702,626.7060978895374,1320,480,55675.0,133.12363769549924,60.44946323098243,73.86799316240476,74.7460601208946,59.36029409595764,104.56531617573997,0.205840495138499,132.1541419789354,11.179887078014158,112.67229075019233,149.68689541142746,2.504586035027312,0.8973227581182329,883.0,16848.0,150.07249268274433,14197090.0,255.0
509,20.36,1316.8750910107378,626.761459324169,1316.8751840810316,626.7617722064581,1320,480,55682.0,133.1320062287271,60.47130631493104,73.8537261675632,74.73675678399263,59.3765015951425,104.61816497916837,0.20552477589099827,132.1647489771164,11.158637907016022,113.52475723798143,149.73738344714099,2.539958176220437,0.8813923605033341,891.0,16940.0,150.07021827070812,14198874.0,255.0
510,20.4,1316.8464075414004,626.7037934202539,1316.846510374562,626.7045180993443,1320,481,55665.0,133.11168173537854,60.46832190086781,73.8390630845326,74.71872034265809,59.37792536847515,104.59833357270456,0.20531394145711357,132.13149689852085,11.182087627346856,112.58612029151016,149.6877313260465,2.6269199520147524,0.8732649046512947,895.0,16896.0,150.06567240019498,14194499.0,255.0
511,20.44,1316.9187767840622,626.7038931369007,1316.9189509823307,626.7041863642082,1345,481,55633.0,133.07341544449375,60.46773635134308,73.78029926226323,74.63877999614043,59.4048164661116,104.4652765255006,0.20410252593647138,132.10567358871626,11.087531841168872,112.51402051683664,149.6507201228555,2.5842195312933716,0.9110330481910353,876.0,16872.0,149.91391537530643,14186375.0,255.0
512,20.48,1316.8409724493044,626.6776811600741,1316.8412661322213,626.6780745587231,1344,480,55634.0,133.07461143264334,60.49709279913123,73.76165841132863,74.65220288096236,59.39468910395825,104.72685345005455,0.20438129336026667,132.1078729480288,11.10315688908001,113.57157087584514,149.66810300035976,2.588198745681024,0.913133012583521,875.0,16770.0,149.94098183640844,14186611.0,255.0
513,20.52,1316.8605407322273,626.7082303070881,1316.8607147344426,626.7088471272414,1344,480,55713.0,133.16906055446037,60.5142369655961,73.84991413641389,74.7472657310178,59.402263923360984,104.7446808690104,0.20529181445749023,132.20030341432894,11.154346739993436,112.57165541242733,149.4429903079904,2.5468078631041178,0.8918646796133899,886.0,16945.0,150.06770810024796,14206736.0,255.0
514,20.56,1316.8134426386132,626.7547306363895,1316.8135124952908,626.7552788791015,1343,480,55741.0,133.20252011794176,60.577354233958914,73.82070056233626,74.73395011062536,59.4470216105333,104.90262627122873,0.20455132476556503,132.2437668218636,11.128970296255748,112.6145396830559,149.57606635452763,2.6369056811469034,0.912801631032238,876.0,17089.0,150.07568331679684,14213891.0,255.0
515,20.6,1316.8142233845904,626.757427868276,1316.8142918655137,626.7579748107216,1344,481,55738.0,133.19893556673838,60.5033616905446,73.89017071650969,74.77040245500633,59.412128568905764,104.59509232994037,0.20540579402849313,132.2282194515598,11.18083163717362,112.61352854792364,149.75027806735957,2.576423201841449,0.8842625493033096,890.0,16909.0,150.10713912135867,14213129.0,255.0
516,20.64,1316.8633765018792,626.728304922673,1316.8635033482342,626.7287122313783,1344,481,55701.0,133.15471816771392,60.55502560834617,73.78345289821429,74.68129870730102,59.4441979624702,104.79675943267571,0.20402833116962404,132.19561751419218,11.086980131766351,112.56708629043992,149.73696653396183,2.619659267059731,0.9184264207114811,873.0,16815.0,149.99532947929924,14203706.0,255.0
517,20.68,1316.8003670132825,626.7252178239667,1316.8005670907883,626.7258044254617,1344,480,55723.0,133.181011363555,60.51274043243058,73.86318383051952,74.75133189844377,59.412120477496366,104.6700944152669,0.20520318543336546,132.21465737407763,11.152984512349606,112.6301228590039,149.9344997145657,2.6315351598165853,0.9001340359005972,882.0,16886.0,150.1215273122444,14209295.0,255.0
518,20.72,1316.7876174280518,626.8117517760068,1316.7878787878788,626.8122720985791,1344,481,55671.0,133.11885544030872,60.44496871327355,73.86267071548464,74.72400568393219,59.376858644764965,104.44030831324598,0.20538442631251097,132.15261649966925,11.156952115602046,112.63534831133805,149.67293504821419,2.6006035287023037,0.8932074671671479,885.0,16835.0,150.01530500091474,14196033.0,255.0
519,20.76,1316.9045044581353,626.7762349591696,1316.9046026609133,626.7765731751169,1342,481,55620.0,133.0578666202883,60.40491542091634,73.85818879470794,74.73592251466205,59.315493295809375,104.54780144124523,0.206332225521501,132.06901215471277,11.203513423437492,112.52196396123873,149.72843320863439,2.61292145380705,0.8706123614510138,896.0,16787.0,150.09191021169443,14183060.0,255.0
520,20.8,1316.8474613109386,626.783163856782,1316.8475648096583,626.7837342579451,1343,480,55663.0,133.1092904144874,60.431365474877616,73.87875689176028,74.75259822603314,59.347027823533956,104.52114234573095,0.2060874239570456,132.12493003408963,11.199675869513213,112.57819286171285,149.3656410791887,2.6281496289177038,0.8910642697632531,886.0,16973.0,150.0277169085203,14193999.0,255.0
521,20.84,1316.8859748545628,626.7891044245425,1316.8861469837045,626.789470844275,1307,482,55598.0,133.03154908534438,60.4189238661436,73.79422884317245,74.65787319323819,59.348433357281884,104.47677527857863,0.20506129067366585,132.0568812375446,11.11862123137493,112.53931224733986,149.1915424459497,2.5506661098703747,0.9251869116878934,869.0,16781.0,149.92244164968756,14177443.0,255.0
522,20.88,1316.9072698913849,626.6070225645801,1316.9074456804988,626.6073719964775,1322,481,55643.0,133.08537484233443,60.449039438507064,73.82024767506589,74.68658961344366,59.375320359214086,104.49863372216927,0.20500694078383153,132.1132537636796,11.125084466005893,113.53007132816538,149.37434357006802,2.5961037980009882,0.9259357409807808,869.0,16965.0,149.94668808245893,14188919.0,255.0
523,20.92,1316.8614140062807,626.6552375688274,1316.8615136008618,626.6554268785349,1322,481,55695.0,133.14754639499077,60.51424567399721,73.81443311488695,74.69979492196865,59.417885389677366,104.6720949597226,0.20457766381092146,132.1786895507046,11.091324462652654,113.57156147983764,149.2931898396517,2.548966618800014,0.9078979604800906,878.0,16982.0,149.96042921707968,14202200.0,255.0
524,20.96,1316.8837220317073,626.6647101298864,1316.8838605319913,626.6649712437095,1322,481,55640.0,133.08178713582905,60.47407851816041,73.78972348181381,74.66222603414398,59.3935136843205,104.56952890622539,0.2045038456640833,132.1122390670697,11.104547635845568,113.27219258390943,149.58172841559107,2.5753252856916258,0.8906960812321902,886.0,17057.0,149.86842420677144,14188165.0,255.0
525,21.0,1316.8530273233837,626.6995814352499,1316.853090190442,626.699856270212,1322,481,55660.0,133.10570335259789,60.493635906075575,73.79415271015228,74.67559304682156,59.40212759196093,104.64296292846696,0.20453088929985708,132.13445258320033,11.102436347741211,112.57989248954179,149.33553708111666,2.560827884894079,0.9114751939013358,876.0,17004.0,149.94847063235272,14193264.0,255.0
526,21.04,1316.9105096959838,626.6675662327309,1316.9106041812724,626.6678890506751,1322,481,55629.0,133.0686313844029,60.44261137681226,73.82190635470569,74.71113349463161,59.33994994806304,104.66575711706827,0.2057415384773017,132.11512781645465,11.172846582325136,113.24529467502192,149.31552428897385,2.549427742381875,0.9068220781676445,878.0,16889.0,149.97156281795148,14185358.0,255.0
527,21.08,1316.8494381238959,626.6628803951235,1316.849501571621,626.6632959137853,1307,482,55675.0,133.12363769549924,60.48010184586159,73.83107885977677,74.71190958057252,59.388563644094994,104.61582675312285,0.20509910698979228,132.15647709024913,11.135560180308094,113.30652356153108,149.5978385390209,2.5582279426048697,0.9264682418112785,869.0,16910.0,149.98930964898176,14197080.0,255.0
528,21.12,1316.8096157601801,626.6457123032986,1316.8097264874377,626.646032002586,1307,482,55683.0,133.13320169053256,60.535856363948646,73.78122190371573,74.6863252045137,59.415582457530334,104.84254011994145,0.20446504370334806,132.17573691449138,11.081742932863994,112.62783720743744,149.86150375685773,2.561957236723518,0.9160298463616631,874.0,16958.0,149.9378358838305,14199127.0,255.0
529,21.16,1316.8603557662818,626.6571582991301,1316.8605649230549,626.6577780172026,1318,482,55689.0,133.14037423595113,60.53605143149745,73.78930584882997,74.68316216047462,59.42979446608686,104.75614432110028,0.20424105317892483,132.18000868382506,11.106382554353555,112.57629309585683,149.8453139939005,2.6045030259415523,0.9224502935420679,871.0,16906.0,149.97347667132374,14200615.0,255.0
530,21.2,1316.8948692011527,626.6729881231058,1316.8949826647745,626.6733253094293,1345,481,55667.0,133.11407301331093,60.50221600235997,73.8031530678257,74.69535825862191,59.39719689148015,104.72257819745651,0.20480738996088732,132.14843942417133,11.143756473310658,112.54053031725262,149.3072259318148,2.5933695297620236,0.9349221864940788,865.0,16857.0,150.049586294125,14195041.0,255.0
531,21.24,1316.936738198646,626.6434137264105,1316.936788420788,626.6437345113673,1345,481,55686.0,133.1367880115431,60.52250688764721,73.80411611895777,74.69607179311463,59.41816435016965,104.72931511834432,0.20453428240858673,132.16495139277595,11.140075829106152,113.47016515130068,149.35429173534175,2.6087550756287263,0.9098225577649587,877.0,16837.0,150.01594708658243,14199896.0,255.0
532,21.28,1316.8841564500435,626.6565674229564,1316.884275126958,626.6569346995173,1318,482,55727.0,133.18579138693477,60.53438701474083,73.84658233234673,74.74377129560801,59.42304591594352,104.75393673458737,0.2049766169688142,132.20753691639123,11.166088338632347,113.52199600629322,149.79643918765075,2.5860967105505983,0.8941059532399931,885.0,16859.0,150.05918505293042,14210338.0,255.0
533,21.32,1316.8148195158249,626.7250337821547,1316.814939144796,626.7253796718487,1322,481,55706.0,133.16069434992536,60.537198921522965,73.81645311185358,74.71237164826039,59.42796249216976,104.7595165141065,0.2045766828022586,132.19186474279778,11.131498505274157,112.61574156553036,149.58643671436312,2.629086784490358,0.8957922665428277,884.0,16926.0,150.03064477370842,14204985.0,255.0
534,21.36,1316.9714172465397,626.5959407258213,1316.971488627789,626.5963134634042,1321,481,55662.0,133.10809473793154,60.487040560020844,73.81246849317105,74.69876668348661,59.3890295991693,104.66789870450077,0.2049530101238175,132.1456802517938,11.145229072808657,113.45561928331469,150.11403392179562,2.6126507175160993,0.9198895836004707,872.0,16884.0,149.95785249445123,14193769.0,255.0
535,21.4,1316.9306792314203,626.7032758973596,1316.9308925554478,626.703835508106,1321,482,55638.0,133.07939527775795,60.490497767222365,73.76692846877886,74.65151135660453,59.39538625195578,104.67728067595779,0.2043645845530363,132.11306447573543,11.066786816085282,113.47314048034455,149.29881441367547,2.534063196636088,0.9237253643040237,870.0,16808.0,149.9849938538613,14187624.0,255.0
536,21.44,1316.898001317921,626.6506650279671,1316.8981901266552,626.6513565054693,1307,482,55584.0,133.01479885200678,60.44748476500511,73.75383956262287,74.63058234962435,59.36163275046077,104.60570006205462,0.20459373514777934,132.04384097297054,11.118847742811461,112.53936162337155,149.74945732293966,2.6477078412509996,0.9249539425745507,869.0,16740.0,150.0030828108037,14173840.0,255.0
537,21.48,1316.9374938207072,626.6928134463669,1316.9376102213423,626.6930897966529,1307,482,55570.0,132.99804650908692,60.43184993441154,73.746203882751,74.62125789715864,59.34794809812093,104.5896132033924,0.20467773164702008,132.03323105905184,11.100766842387381,113.46687037758227,149.54076904120853,2.541185602890967,0.9038003614096835,879.0,16866.0,149.9915416876372,14170311.0,255.0
538,21.52,1316.8575173365386,626.5471516870967,1316.8575354275554,626.5473355245433,1321,482,55677.0,133.12602875867256,60.485594346694434,73.82842974285099,74.70198850634749,59.403342287833304,104.56513536894833,0.20479570255635493,132.1608766458843,11.139794012057935,112.58879082956099,149.32068101632728,2.6161090963320826,0.9117535819411547,876.0,16989.0,150.0829000906556,14197615.0,255.0
539,21.56,1316.8390704370313,626.5693116956361,1316.8390872801813,626.5695148703564,1322,481,55614.0,133.05068962701898,60.42948776262968,73.82098125433895,74.70297139134098,59.33570872511563,104.60676219211898,0.20571153168355238,132.07270794180178,11.181169225367364,112.60520836050108,149.7101495874755,2.615474684158007,0.8983732798409241,882.0,17041.0,150.03296008848494,14181546.0,255.0
540,21.6,1316.9858753933506,626.7503503040733,1316.986121335081,626.7509022029913,1321,480,55697.0,133.14993702881947,60.48323788781148,73.84546044961412,74.69920776872584,59.42560435648801,104.4071073650042,0.20446807762039476,132.17454113745072,11.107522790322957,113.43936167774224,149.49455682152404,2.591428896912005,0.9058659119927144,879.0,16873.0,149.98653675742833,14202661.0,255.0
541,21.64,1317.0429279390507,626.6974459269456,1317.0430196409638,626.6979999640605,1320,480,55649.0,133.09254996520943,60.46259455105963,73.8181611964793,74.68476685093808,59.388819340817406,104.50746793310871,0.20480679200150098,132.11570886048042,11.138677019042586,112.3909094327142,149.36656631145485,2.6191088438156607,0.8828505975488872,890.0,16892.0,149.9780944857629,14190432.0,255.0
542,21.68,1316.9689750848165,626.666349631584,1316.969064205688,626.6668342430337,1321,481,55696.0,133.1487417172705,60.49649999598867,73.84215182040276,74.71450417104555,59.41576191303858,104.55473642485124,0.2047626819952284,132.1806743580132,11.139160822978358,113.44694232692689,149.3278556814345,2.6221214325832305,0.8895833182768367,887.0,17088.0,149.93837163637932,14202424.0,255.0
543,21.72,1316.9081998210459,626.697236271348,1316.9082629782647,626.6974672175319,1307,482,55670.0,133.11765984966692,60.4926280509564,73.80747325069217,74.6794384267143,59.412815388883786,104.56568654038847,0.2044287337914601,132.14986663758577,11.112124831672714,113.50211141155057,149.28595797805704,2.5967936535056433,0.8952133608307763,884.0,16894.0,150.01545329287205,14195822.0,255.0
544,21.76,1316.9395453903476,626.6565087573816,1316.939675757195,626.6567083789655,1321,481,55699.0,133.1523276197264,60.52093070995115,73.81588573096953,74.69804208432006,59.42870139095592,104.6505554496971,0.20441420239807517,132.18723282862416,11.120183341449506,112.49746760737722,149.55057262927534,2.5859380032968504,0.8956797015432623,884.0,16887.0,149.940934674337,14203218.0,255.0
545,21.8,1316.9153213178001,626.6760154073206,1316.9153999389816,626.6762261983813,1346,481,55721.0,133.17862128752873,60.526555336395795,73.85669588301496,74.76801345499425,59.39713454064718,104.84932051916154,0.20558094570212693,132.22421826796847,11.184897619311522,112.51989300195825,149.57977162998674,2.629014377999364,0.9062562522603738,879.0,16924.0,150.089991892434,14208830.0,255.0
546,21.84,1316.8937719066296,626.5651280345528,1316.8938243687073,626.565354726395,1344,480,55719.0,133.17623116860844,60.516156103895625,73.85858619351164,74.75583368432278,59.40421899374928,104.74084150926714,0.20535674520599878,132.20854208484144,11.169502340829883,113.47114193344835,149.54440752967048,2.614189983313175,0.8899506770875298,887.0,17000.0,150.02606351465639,14208313.0,255.0
547,21.88,1316.9854989098558,626.6511866489836,1316.985602987111,626.6514199547626,1343,480,55706.0,133.16069434992536,60.49170797094431,73.87756482714377,74.78004796801332,59.37243252497294,104.75987949716125,0.20603912222189114,132.19101038794773,11.208973843936661,112.4521585907424,149.77607566356423,2.6221832007003063,0.8978223900086983,883.0,16919.0,150.12127485033596,14205001.0,255.0
548,21.92,1316.8935193787188,626.6283651507372,1316.8936288585787,626.6285355348169,1307,482,55720.0,133.17742623343048,60.546395167743746,73.82004691271592,74.71074479879829,59.44383824765185,104.72340007221081,0.20434686593289064,132.20362837666698,11.12340367972004,113.5274298840273,150.06418602072063,2.6329952264393746,0.8780475875348682,893.0,16977.0,149.9374457713631,14208576.0,255.0
549,21.96,1316.8565284020733,626.6688691210702,1316.8567786873473,626.6693774235243,1316,482,55704.0,133.1583039092263,60.51382154596066,73.84350294088914,74.73549132562661,59.408685063672834,104.70785583537919,0.2050806917850322,132.1826661628917,11.176445398960997,112.57908244954024,149.74337527267886,2.647741250770229,0.8738767313158308,895.0,17055.0,149.91988301378166,14204456.0,255.0
550,22.0,1317.0070108344332,626.690563038414,1317.0073237717424,626.6910732556678,1316,482,55709.0,133.16427993051587,60.521551166265105,73.85051595327828,74.75387268312846,59.40214963291207,104.79174530498018,0.20536358183461967,132.20507348412104,11.202020171617711,112.42728823935568,149.82816409921205,2.6616617364270767,0.9040030224113316,880.0,17094.0,149.9575430044985,14205727.0,255.0
551,22.04,1316.9106921764014,626.7152573974663,1316.9109614866684,626.7157374988778,1307,482,55695.0,133.14754639499077,60.52252358949999,73.82517972526273,74.72613246095148,59.40654972759537,104.78605650318346,0.20500970984095068,132.17347667848654,11.152323379936359,113.24266647339019,149.86941275317741,2.6777527187323225,0.8915765320673407,886.0,17041.0,149.97229344348892,14202160.0,255.0
552,22.08,1316.9171262995592,626.6220113704935,1316.9173942725738,626.6224174481692,1307,482,55662.0,133.10809473793154,60.51470543797013,73.77946027067321,74.66638633808275,59.41690906878537,104.69976711069462,0.20423483735035863,132.1389721726933,11.105418230257973,113.5051189451929,149.78604028661874,2.65425551151516,0.887039050625533,888.0,16873.0,149.97677341346514,14193755.0,255.0
553,22.12,1316.8850728506568,626.7110935249527,1316.8853657660247,626.7116987640127,1307,482,55664.0,133.11048608030296,60.495782067083766,73.79306213015113,74.65736313908573,59.425868067459675,104.51587748137632,0.20401865845770595,132.14494158890506,11.102841504385607,112.54696843878679,149.4384973278511,2.6395948301382632,0.8930951564080424,885.0,16845.0,150.0178862235275,14194244.0,255.0
554,22.16,1316.976927317067,626.6098034409732,1316.9771758484865,626.6103706901204,1345,480,55599.0,133.03274544988005,60.40782749774774,73.81962235987145,74.69163383220044,59.32623453269365,104.52348910031759,0.20571780949424867,132.06137526206834,11.17134742395872,112.46432819111843,149.90555625495074,2.588704526457532,0.8920522707877757,885.0,16780.0,150.01034077074453,14177675.0,255.0
555,22.2,1316.907193137109,626.6624801474503,1316.9074353719484,626.6628914536368,1322,481,55626.0,133.06504322645952,60.42104957529503,73.82823360419236,74.68136192108135,59.36333456358326,104.3830761183664,0.2051117837631996,132.10104511911325,11.15358692666179,112.52917210732639,149.44877917027574,2.6042508352937523,0.915092150812885,874.0,16731.0,150.0124195549856,14184576.0,255.0
556,22.24,1316.9219461023908,626.6843648291642,1316.9222260193897,626.6847851502779,1307,482,55597.0,133.03035271004964,60.4421316221432,73.76920068207983,74.63493980377302,59.36979033808885,104.51386925841311,0.20453087395553138,132.0677856245004,11.11178965478819,112.51256519532453,149.30121035532216,2.579722835886748,0.8940394686924495,884.0,16850.0,149.95745644916414,14177178.0,255.0
557,22.28,1316.9040225153483,626.6493314831235,1316.904310174455,626.6497781131534,1345,481,55659.0,133.10450764381952,60.456230053500256,73.84482160309892,74.72808449192637,59.360987340531715,104.61726639511677,0.20564018542526563,132.14630881194356,11.178939803239128,112.53348053606643,149.33219095200926,2.6065045167266447,0.9156350271832302,874.0,16935.0,150.05255496697754,14192985.0,255.0
558,22.32,1317.044492597991,626.6269564709588,1317.0447098178156,626.6272683128608,1342,481,55603.0,133.03753080043734,60.42995906966793,73.7991163388523,74.67477690572414,59.34447926839972,104.5695857418817,0.20529418730877103,132.0676138837118,11.142837564056876,113.1135973422045,149.18338927221984,2.586297799740555,0.8961623227597324,883.0,16936.0,149.97273883375368,14178718.0,255.0
559,22.36,1317.0117262243787,626.5846385621596,1317.0117585717112,626.5848181376867,1342,481,55619.0,133.05667048162692,60.492580457065465,73.75405955328037,74.65001853145542,59.38340108310342,104.76832696693454,0.20450922516407777,132.08875753096945,11.119047499589696,112.43188211087389,149.89616097737186,2.616350420016415,0.9170743630015953,873.0,16751.0,149.97907279582543,14182826.0,255.0
560,22.4,1316.9093250136011,626.6052639745224,1316.9093770232357,626.6055679447522,1344,481,55604.0,133.0387271111818,60.42739877908367,73.80128454461033,74.67306843481055,59.34671831003836,104.53849396534278,0.20524602036612516,132.08065565357003,11.139813333027424,112.53206448337005,149.37646089931997,2.5954482043142155,0.902299162759333,880.0,16686.0,149.93135493992477,14178982.0,255.0
561,22.44,1316.9261293254788,626.6722690705893,1316.9261724441885,626.6725611182069,1307,482,55589.0,133.0207813203288,60.44247332080068,73.75621934946794,74.62658036024473,59.364517833453895,104.55460416490992,0.20451241974530143,132.05059352010656,11.101963819403752,112.7587726748549,149.4054331932979,2.542499316265938,0.9041093807882471,879.0,16703.0,149.89943046729215,14175165.0,255.0
562,22.48,1316.9485282957098,626.648006646636,1316.9485613707388,626.6482991486763,1320,481,55678.0,133.12722427415474,60.452408345677405,73.8683220529823,74.73762848421599,59.37431739625261,104.5009812945467,0.20556326711929307,132.15230038684544,11.17482688170326,113.20833768503344,149.86266957230333,2.6035400257063457,0.8973711095915039,883.0,17013.0,149.99772306446673,14197859.0,255.0
563,22.52,1316.9225078730096,626.6471397932839,1316.9225445786597,626.6474690825424,1315,482,55632.0,133.0722194455952,60.47947782146967,73.77327538383062,74.65792257302729,59.38398770288177,104.66999778558315,0.20458558641522862,132.11655270990912,11.106480581034443,113.51140314310685,149.33786021093792,2.54497978705797,0.9048087404344701,879.0,16720.0,149.97077026956333,14186125.0,255.0
564,22.56,1316.895101270883,626.7400162949264,1316.8952225354135,626.7404262195013,1343,481,55699.0,133.1523276197264,60.52945650222333,73.81348312321003,74.71324397677954,59.415289023122455,104.78571172188019,0.2047555980625283,132.17753780364737,11.133197690573919,113.53068370192398,149.76222012822214,2.538495928672009,0.8896312346434487,887.0,16753.0,150.03362691085394,14203194.0,255.0
565,22.6,1316.9060954680376,626.6829130766808,1316.906125453305,626.6832070661735,1307,482,55702.0,133.15591342561362,60.519932334932385,73.81976107788886,74.69758367257673,59.43307436856845,104.61603893411962,0.2043507775421154,132.1836830244968,11.120392111967279,113.24891357251605,149.8203701718979,2.6008642980372496,0.9018386339445484,881.0,16795.0,150.02519599266554,14203979.0,255.0
566,22.64,1316.8643886983464,626.6274260586771,1316.8644329804254,626.627720956986,1307,482,55633.0,133.07341544449375,60.482393990488234,73.78025317551507,74.67305608466495,59.3765983906137,104.72857622343999,0.20484574351300144,132.0988941792642,11.122432869401614,113.29342563245449,149.37521513052042,2.5643922051049226,0.9215226917456925,871.0,16737.0,150.02962752337226,14186384.0,255.0
567,22.68,1316.9192737541362,626.7315153349141,1316.9193496227094,626.7316744520301,1307,482,55660.0,133.10570335259789,60.469955543601145,73.83713316859982,74.73291847552169,59.35931817443383,104.71933808116329,0.20571390245014165,132.13261139557198,11.172572033065972,112.5111241030479,149.77513741264252,2.564544801224397,0.8991163512055567,882.0,16695.0,150.00563586768482,14193265.0,255.0
568,22.72,1316.9271268188838,626.6203700920885,1316.9272022399311,626.620665517984,1318,482,55716.0,133.17264590979667,60.55346885184847,73.8079529498045,74.71182801084251,59.43466382432583,104.82919227201943,0.2044811992058284,132.2114778463128,11.104687201646493,113.23114106873454,149.8857588785976,2.604446684003275,0.9000209598233705,882.0,16710.0,150.11336551564034,14207545.0,255.0
569,22.76,1316.8688977897393,626.637875335321,1316.8690386478631,626.6382280116267,1315,482,55734.0,133.19415601507217,60.5570234030714,73.82755630806432,74.72823612464838,59.44200433665862,104.79836168389325,0.2045576422075851,132.23138671457934,11.128184692452757,113.55024717022252,149.6485800983472,2.6107590478767526,0.8942182639990987,885.0,16834.0,150.07257988874602,14212125.0,255.0
570,22.8,1316.7971372260229,626.6995124265034,1316.7972247652897,626.6998761376487,1316,482,55707.0,133.16188955418298,60.522647069292915,73.83002843820049,74.7206466397406,59.41960007605828,104.70773179877548,0.20477668826201467,132.19903603824258,11.13389365383264,112.63557381655632,149.36420906580364,2.6016803084109537,0.8998755762955076,882.0,16855.0,150.06968266693372,14205243.0,255.0
571,22.84,1316.7783187741659,626.6642856498515,1316.7783628358343,626.664444244766,1316,482,55645.0,133.0877665929406,60.49600143952758,73.77904641363675,74.67154897469521,59.39085496603482,104.73295403715271,0.20463877097070438,132.1225563391496,11.110566903087227,112.65738975811584,149.6053068730637,2.5849293504439492,0.9009157801487271,881.0,16701.0,149.9794917036326,14189456.0,255.0
572,22.88,1316.8229127945092,626.7025629035493,1316.8230404653334,626.7029011525618,1316,482,55702.0,133.15591342561362,60.53953983799427,73.79470480252547,74.6810471207786,59.44270806105672,104.69955674335677,0.20404559988396442,132.19162935154085,11.076296144049193,113.58550504260869,149.57627870781917,2.5730164889691878,0.889679151010061,887.0,16871.0,149.99523070271977,14203968.0,255.0
573,22.92,1316.9455800034011,626.6324713724554,1316.9456160818452,626.63273804182,1307,482,55715.0,133.17145080207658,60.56027463079042,73.80200671421986,74.7026458467219,59.44575478452397,104.81119244829816,0.20423494896690364,132.20282977848996,11.120283622035902,112.49356215106292,149.87736596612203,2.639247635183215,0.8701559872919906,897.0,17026.0,150.04871346483088,14207296.0,255.0
574,22.96,1316.9643540708416,626.6614509153976,1316.964408787422,626.6618027137627,1318,482,55716.0,133.17264590979667,60.53530146585615,73.82605553230573,74.71373844817703,59.43623882883716,104.69339951098576,0.20448046017583033,132.2085593502879,11.122356114513977,113.19183963998199,149.85246411506392,2.598433862980478,0.8779845546857988,893.0,16994.0,150.07142190898173,14207541.0,255.0
575,23.0,1316.8265008827136,626.6733556441718,1316.8265485771774,626.673541247485,1316,482,55664.0,133.11048608030296,60.47248757558833,73.8351552319662,74.7242029671695,59.37040839197156,104.67162614481441,0.20547284501574037,132.12959063055254,11.169936905640764,112.60860227352973,149.67181295713024,2.5881633784383906,0.8870709229639551,888.0,16817.0,150.06835329022883,14194297.0,255.0
576,23.04,1316.9343906377633,626.5482752826163,1316.9347018607905,626.5491216422329,1343,480,55729.0,133.18818133429284,60.519914075993455,73.85483611253643,74.73648430512189,59.42772695203404,104.62875903404475,0.20483646635808772,132.20822820799916,11.128449900206185,113.50819009376477,149.97449079857788,2.5688733082084134,0.884119767665222,890.0,16866.0,150.0640955170599,14210792.0,255.0
577,23.08,1316.8281017256732,626.6737927367842,1316.8284427215133,626.6744916455787,1322,481,55719.0,133.17623116860844,60.53487573405118,73.81658154724794,74.69697712669026,59.44510492541195,104.64329172895815,0.20418325865329567,132.21096227986524,11.071286316210461,113.60314052770931,149.6713669596205,2.5235698263440374,0.9000694209993249,882.0,16913.0,150.07274970837403,14208252.0,255.0
578,23.12,1316.9000424347423,626.5545530956433,1316.9001832818228,626.5550564220514,1320,481,55652.0,133.09613738159464,60.490122316325845,73.78799186903701,74.66715552254718,59.401502742614916,104.6272129705159,0.20444936830789684,132.1271974046833,11.098673586385198,113.54185442499096,149.532113912919,2.5470770044558626,0.8828981914282498,890.0,16895.0,150.04081635244705,14191202.0,255.0
579,23.16,1316.8858919361055,626.551444517793,1316.8859385947578,626.5519824659109,1320,481,55663.0,133.1092904144874,60.46948530078187,73.8288492633511,74.69701497544698,59.393716753962664,104.51743945880737,0.20487161671071497,132.13494637654816,11.143431868764248,113.5470942872667,149.53670487937202,2.6377479897553817,0.8930791120138845,885.0,16751.0,150.04787321315504,14194010.0,255.0
580,23.2,1316.8834828735367,626.62453517741,1316.8837058865809,626.6253683605262,1343,480,55652.0,133.09613738159464,60.42129704813369,73.8650067415675,74.72226496729823,59.357859429628164,104.39825313813479,0.20562017953275658,132.13206993758723,11.166840173606797,112.55611301357538,149.82774627189295,2.596311721047877,0.896952063489823,883.0,16770.0,150.1047442389755,14191167.0,255.0
581,23.24,1316.7790038145235,626.7046338131395,1316.7791647956892,626.7052357431522,1307,482,55675.0,133.12363769549924,60.51215223526677,73.79503760126057,74.68693662107826,59.407824744511565,104.72841298428322,0.20457542600903245,132.160494402234,11.104777275531067,112.65319220543918,149.77507219084816,2.5429508377539434,0.8912563681272859,886.0,16867.0,150.0562057371737,14197055.0,255.0
582,23.28,1316.8164485612824,626.6909104962127,1316.8166154620098,626.6914066009091,1343,480,55659.0,133.10450764381952,60.4671934446173,73.8294599280741,74.71299330180014,59.372041132380126,104.63097659670962,0.20533178355538306,132.13435402156898,11.15778813056116,112.61708550744162,149.74976347386107,2.5755260860700413,0.8869912421178998,888.0,16796.0,150.0288517908822,14192986.0,255.0
583,23.32,1316.8915669049566,626.6472713602341,1316.8917069315467,626.6475490812422,1320,480,55673.0,133.12124658937873,60.471616864672015,73.82858614534817,74.69311258128697,59.40046726556931,104.49110291433317,0.20473969804210512,132.14644091005886,11.108941556668555,113.54221447448842,149.6437103682198,2.542691058043441,0.905475571725055,879.0,16887.0,149.99793465741098,14196579.0,255.0
584,23.36,1316.9578760676732,626.4803225532662,1316.9578992743732,626.4806379768661,1322,481,55676.0,133.12483323245416,60.528180974175385,73.76749965780199,74.64269875928571,59.44553994823221,104.62368723370312,0.20359873187413313,132.15411354648458,11.05718976152874,112.49476226122138,150.0290894787989,2.563568453734956,0.9117372061741067,876.0,16871.0,149.90343306621173,14197345.0,255.0
585,23.4,1316.9522920396103,626.4791326086576,1316.952378387114,626.4794483650272,1322,481,55689.0,133.14037423595113,60.526692854222084,73.80224667074759,74.69690847962437,59.419054394241535,104.75202524415033,0.20453127708157148,132.175587360796,11.110050675683022,113.2134336760378,150.02920229359034,2.6167284795254453,0.9036784777157126,880.0,16933.0,149.9617087538768,14200649.0,255.0
586,23.44,1316.9622934209328,626.5776732500485,1316.962319413498,626.5778588370588,1322,481,55652.0,133.09613738159464,60.51031004442877,73.76607776134671,74.65305146430961,59.41257238188806,104.70424521631399,0.20415078531261077,132.13310505740074,11.08339492207684,113.1982492007168,150.13024735303236,2.590823979824733,0.9134284505212299,875.0,16835.0,149.94587530944105,14191237.0,255.0
587,23.48,1316.976992330542,626.5023159672418,1316.977045352492,626.5025954198474,1343,481,55675.0,133.12363769549924,60.496673344238765,73.82331434712187,74.72850557330436,59.374907845773684,104.80646627336344,0.20545838043649467,132.15410240640247,11.159740103906762,112.47376599867158,150.01110940120162,2.5630822863059777,0.9096428348878367,877.0,16805.0,149.9491322887851,14197092.0,255.0
588,23.52,1316.8539529413092,626.5236204663304,1316.8540622135965,626.5239994968282,1323,481,55647.0,133.0901583005648,60.474763994001016,73.80283739328672,74.68318468019856,59.38415456545118,104.62257184007954,0.20485240660611193,132.114076219569,11.122809163181415,112.59442342865955,149.82063674594946,2.6056974758739186,0.9071155006164934,878.0,16721.0,150.0167404642173,14189940.0,255.0
589,23.56,1316.975005818468,626.53733126883,1316.975072682244,626.5377229819461,1345,481,55722.0,133.17981633090346,60.547937805207475,73.80577094296163,74.68395256192855,59.461347333169286,104.63744211387606,0.20382698968880297,132.2228334561338,11.065085730436866,113.46869358188741,149.45565338439346,2.5652047643289064,0.9187726793932809,873.0,16876.0,149.98475939571964,14209067.0,255.0
590,23.6,1316.860228019082,626.6666854804711,1316.8603334890574,626.6672656053473,1345,481,55654.0,133.0985289388004,60.48612338309528,73.79191614859357,74.66162770992759,59.409253138717915,104.55289287667658,0.20428666021677955,132.13695064153296,11.093837467353074,113.29555255744124,149.35612520238976,2.618446496680797,0.9113769392990468,876.0,16747.0,150.02006535919816,14191707.0,255.0
591,23.64,1316.911112441375,626.5936859808069,1316.9112851088285,626.5942281445298,1321,481,55684.0,133.1343971416035,60.51553757469953,73.81822754378693,74.7104128140208,59.41056490911167,104.72151204958361,0.20478869448888692,132.16426455802576,11.165178720966631,112.53130260415054,149.90893505788583,2.6778329150527784,0.9035973415418082,880.0,16879.0,150.11041187100386,14199355.0,255.0
592,23.68,1316.9624800456118,626.5079734454168,1316.9625399561828,626.5083683511116,1307,482,55686.0,133.1367880115431,60.51170267355626,73.80344882792316,74.66644229462686,59.44356663602803,104.50833986106868,0.2038784116501865,132.17827457810728,11.089249773303084,113.47835678128132,150.00280896163963,2.639537506706336,0.8834375887276921,890.0,16872.0,150.0170243072081,14199884.0,255.0
593,23.72,1316.949252149844,626.5936515555751,1316.949340037712,626.5939840172398,1307,482,55685.0,133.13559258194024,60.47571342444949,73.86256829391958,74.7439023526772,59.38299394829743,104.6035294933649,0.2055138669626816,132.16502492065536,11.195550240250622,112.49331589418472,150.16231812435913,2.6788827605146546,0.9077349480085078,878.0,16912.0,150.05812764333612,14199636.0,255.0
594,23.76,1316.8964316207184,626.6083013157887,1316.8965442958443,626.6088501929809,1307,482,55705.0,133.1594991349399,60.46518069035943,73.89391183194982,74.76446226013839,59.38538090050558,104.50449529214009,0.20570042095831886,132.18552154048447,11.201463880833781,112.79394898061702,150.04548893172884,2.646391236222791,0.90188720519696,881.0,16863.0,150.09170710854386,14204712.0,255.0
595,23.8,1316.9130379196135,626.520236958798,1316.913194818244,626.5209028600136,1307,482,55734.0,133.19415601507217,60.55866738540137,73.82324599457769,74.71177924915013,59.45901013385497,104.71136720101195,0.2041548102398949,132.2179881389508,11.123762064781335,112.53587378971314,149.3140840912949,2.653253804750284,0.8763044955691361,894.0,17010.0,150.10819522371895,14212091.0,255.0
596,23.84,1316.8382496969402,626.5849719295879,1316.8383142175076,626.58532119972,1316,482,55713.0,133.16906055446037,60.533407023057,73.82697173376523,74.71843536656539,59.42954263301752,104.72014748168918,0.20462008684391242,132.2027749821587,11.140933558557435,112.6046460076367,149.53687126992918,2.629112955586052,0.9020167285367244,881.0,16965.0,149.94824548935424,14206774.0,255.0
597,23.88,1316.88835119015,626.5046543178765,1316.8884023902237,626.5048899097385,1346,481,55727.0,133.18579138693477,60.51761502521272,73.86946377022986,74.77323699817156,59.39732683258081,104.78445522024332,0.20563387092585994,132.20787208830941,11.177868886351659,112.81113621797255,149.52052820619173,2.5952696494559557,0.8703434031018713,897.0,17011.0,150.10568698734406,14210353.0,255.0
598,23.92,1316.8638092476208,626.5561990191538,1316.864043896141,626.5566095251756,1316,482,55768.0,133.23477673902426,60.54488922514533,73.89160243111395,74.79160963001458,59.429518339579666,104.75891634080403,0.20539859171943742,132.25995006578572,11.178673641901991,113.57780256737581,149.72775974503347,2.6376418266238857,0.8847384880969351,890.0,17104.0,150.15708595932838,14220782.0,255.0
599,23.96,1316.8906365307387,626.5455642169152,1316.890821620263,626.5459457518804,1343,481,55707.0,133.16188955418298,60.49639273069586,73.85940009494679,74.73814307729019,59.40736053024507,104.59472503381467,0.2051266182943673,132.18758354922426,11.144432447763448,113.55201130510942,149.76368926076347,2.6232577179779835,0.871974160721892,896.0,17122.0,150.14328883325402,14205237.0,255.0
600,24.0,1316.8213474385232,626.6353427312413,1316.8214529270306,626.6357811995263,1318,481,55722.0,133.17981633090346,60.53572566630912,73.84240195617697,74.74038853805203,59.42346951992341,104.76230041321391,0.2049349664583351,132.20159803402612,11.173341254947378,112.61020064357916,149.8767820054836,2.649960567286623,0.8530611515251789,906.0,16989.0,150.0764312843132,14209049.0,255.0
601,24.04,1316.9301276704277,626.5776506935293,1316.9304391522046,626.5782200606593,1342,481,55721.0,133.17862128752873,60.53943448943578,73.8349226348397,74.7294116648291,59.431758858559405,104.74157081116822,0.20470725602499873,132.2148864249002,11.160170448659828,113.49927622554958,149.48785781558513,2.666038619770554,0.8960334772561827,884.0,16974.0,150.0873423041562,14208772.0,255.0
602,24.08,1316.8840436024386,626.5913091946951,1316.8841852031383,626.5917488016373,1344,480,55701.0,133.15471816771392,60.51007907744055,73.84102471736551,74.73759508137233,59.39914547130727,104.74111164600706,0.20523070876665161,132.1840204789136,11.153966997670596,113.47758338491124,149.72869777344604,2.6127360620855415,0.8936887989918865,885.0,16888.0,150.0061724720002,14203701.0,255.0
603,24.12,1316.8407955592957,626.6476105897248,1316.8410261934255,626.6480673596525,1322,481,55701.0,133.15471816771392,60.49427441802176,73.84958648727981,74.72740016380621,59.40651754196267,104.59126347467081,0.20502362705325483,132.18871184360492,11.149403617263193,113.57646784610571,149.96066620005965,2.593271180390484,0.912146600350311,876.0,16911.0,150.0895890819873,14203693.0,255.0
604,24.16,1316.8459903996625,626.5241318024371,1316.846031062807,626.5244807919939,1343,480,55758.0,133.22283075297491,60.53290474340939,73.88820831130727,74.78136098881403,59.42598701570294,104.70470437991743,0.20533691510920726,132.2535049163026,11.176773557181164,113.59081118695059,149.53374078919114,2.588908573876811,0.8946033294588895,885.0,17048.0,150.13098010887919,14218250.0,255.0
605,24.2,1316.8423307320793,626.5502173573566,1316.842331838565,626.5504932735425,1344,480,55750.0,133.2132731928254,60.56780232110949,73.83598244930285,74.73629947750348,59.45331380732002,104.79666738265728,0.20449213805111954,132.24252461801493,11.122833014062472,113.59029994788249,150.05653076239156,2.6093272448374063,0.9129490129356714,876.0,16988.0,150.05256415595537,14216220.0,255.0
606,24.24,1316.786301910652,626.6519731932407,1316.7864448751077,626.6523291702556,1322,481,55728.0,133.18698636597455,60.53193518408839,73.84651372617674,74.73626991178203,59.42989757953777,104.69800868719784,0.2048051414702895,132.2269185697015,11.14205944111554,113.6295966890431,149.6503395851458,2.602816504663515,0.8981769674793513,883.0,17004.0,150.06282087104702,14210595.0,255.0
607,24.28,1316.7828706904372,626.6009427283451,1316.7829863603733,626.6013639626706,1323,481,55720.0,133.17742623343048,60.52839442827147,73.84005171370579,74.73801107060548,59.41607080880731,104.75990732399013,0.20500867018421765,132.2110918066625,11.13879326024449,112.65840304032285,149.6997542208524,2.5339197178754045,0.885966804161971,889.0,17001.0,149.99748480155395,14208547.0,255.0
608,24.32,1316.8724986630878,626.6273470669539,1316.8725671668612,626.6278731242699,1315,482,55645.0,133.0877665929406,60.47595438618655,73.8068984606748,74.69982571521366,59.36948170079625,104.7145723639703,0.20522596763294954,132.12415850583298,11.153384327512594,112.5668077099053,149.65960307240871,2.6065139083272633,0.9091526815865949,877.0,16908.0,149.9768690192637,14189412.0,255.0
609,24.36,1316.878860140148,626.5294949456803,1316.878905478,626.5298154835696,1307,482,55659.0,133.10450764381952,60.454015850739985,73.84969029174289,74.73043228118922,59.36183352739753,104.59538387852132,0.20565381845998232,132.1337381171706,11.186512310523838,112.5690950011868,149.756852905385,2.624033811112431,0.9011424459933147,881.0,16772.0,150.07277265449682,14193008.0,255.0
610,24.4,1316.9016787864211,626.5276056767225,1316.9018338727076,626.5280834232291,1306,482,55620.0,133.0578666202883,60.45006139240746,73.79800498856832,74.68417123861742,59.35174832335993,104.65711779445023,0.20529682074492195,132.10248964085878,11.140811871256304,113.53527750130726,149.30465560837575,2.5364107215456553,0.9005110197119632,881.0,16726.0,149.92338821257948,14183043.0,255.0
611,24.44,1316.8076234658802,626.4988939093871,1316.8078139601753,626.4993530299763,1323,481,55644.0,133.0865707230104,60.47478512473642,73.80925759452636,74.71012190478805,59.35826671584925,104.7714089485193,0.2054856128933037,132.1223920377379,11.157186460896925,113.63268802271702,149.34422600128337,2.5636636991999957,0.9112131816285652,876.0,16864.0,150.0128035598472,14189163.0,255.0
612,24.48,1316.9358177040608,626.4627846117514,1316.9358411853557,626.4630655254261,1306,482,55612.0,133.04829720989656,60.443179984517776,73.80519900975034,74.70526282283868,59.327136405529124,104.7533641393679,0.20585064339815418,132.0789836100623,11.176818216573515,113.51185186554116,149.70780104167173,2.5416638361264723,0.8983409723902879,882.0,16829.0,149.9701175532717,14181029.0,255.0
613,24.52,1316.8544047662522,626.5032407321897,1316.8545516646293,626.5039009132092,1306,482,55628.0,133.0674353425056,60.4537107760214,73.81339330043815,74.70552021815654,59.34773311635938,104.69590112187798,0.20557767427291906,132.10155246364022,11.176684090662855,113.30989948916898,149.94121856041068,2.6162650873674034,0.8785643997159254,892.0,16746.0,150.12117498009596,14185066.0,255.0
614,24.56,1316.9791927162478,626.4458286525216,1316.9792940922503,626.4462473915233,1307,482,55588.0,133.01958484818903,60.44059605347567,73.76253720131427,74.63431122163043,59.3607373113534,104.56154841590569,0.204645472843199,132.05665287257702,11.108898402669912,113.47172646581355,149.30068037160208,2.586859071481728,0.922895243375608,870.0,16579.0,149.95248533853243,14174892.0,255.0
615,24.6,1316.9646841917306,626.5290804472766,1316.96478290586,626.5294435051621,1315,482,55598.0,133.03154908534438,60.43501701360248,73.78310536360765,74.65435428379493,59.355415127865776,104.54594379634456,0.2049302991459946,132.0736648817105,11.125205169224479,113.47283626120621,149.55288658578823,2.6064998438315885,0.9104598963443491,876.0,16624.0,150.0044159352229,14177447.0,255.0
616,24.64,1316.9477856855106,626.5053294488545,1316.9478720725258,626.505774004389,1320,481,55594.0,133.0267635196078,60.43662828592745,73.773610076379,74.6394058868746,59.36405201068542,104.5099134185342,0.20465535188397532,132.06506219782338,11.124387448910918,113.49328376943464,150.00262678529225,2.5907087993880045,0.9208766833517881,871.0,16574.0,149.98279652810598,14176419.0,255.0
617,24.68,1316.9578189900526,626.4948967417652,1316.9578049964928,626.4952607061277,1322,481,55599.0,133.03274544988005,60.43053789300309,73.7868977156485,74.65161869448991,59.35900951691949,104.49322022108949,0.20485301517914944,132.07232876238245,11.1266496980084,113.48503243833204,149.49403587842704,2.6019119030530287,0.9230778699798595,870.0,16659.0,149.95888235506376,14177707.0,255.0
618,24.72,1316.8871365172515,626.5184173207696,1316.8871682212698,626.5188353080996,1323,481,55534.0,132.9549593634274,60.39434956078965,73.74431239980527,74.60720001063106,59.32509398867075,104.48258313891166,0.20483419857309626,131.98709079176407,11.11490993036497,113.55109031330085,149.36996408795738,2.5968442219562093,0.9241219100268979,869.0,16605.0,149.9603469866032,14161126.0,255.0
619,24.76,1316.9127352050243,626.5850009418753,1316.9127116966326,626.585209581916,1307,482,55563.0,132.98966954628455,60.40950250022645,73.76880295798551,74.63815424456988,59.33203361711744,104.52692856382457,0.20507099595869227,132.01901029105554,11.149682304772854,112.53045104598635,150.11369538016874,2.604626426603054,0.8975494398497008,882.0,16527.0,150.1187689785945,14168543.0,255.0
620,24.8,1316.8470826173889,626.6249764253621,1316.8471022318215,626.6252339812816,1307,482,55560.0,132.98607925783588,60.37427792067858,73.80184543852614,74.66550261583913,59.302854431296645,104.45409616953717,0.20575296015329492,132.01232223716866,11.16537147205673,113.57381901387103,149.98339968318678,2.5394984777781877,0.8874111096570857,887.0,16665.0,149.94843370969173,14167768.0,255.0
621,24.84,1316.9001559453254,626.6520360305299,1316.9003240907455,626.6523766654664,1307,482,55540.0,132.96214152399824,60.4073366437776,73.73877660812677,74.60749307401866,59.33106667900181,104.53463984624949,0.20475726720720933,131.9969186878393,11.117558456252661,112.53709539699763,149.27053306237104,2.590402834787393,0.8971779041673845,882.0,16593.0,150.00994203215066,14162656.0,255.0
622,24.88,1316.992565069387,626.5842611725363,1316.992774852172,626.5846618379194,1345,481,55639.0,133.08059121216712,60.45121132563852,73.82006498289978,74.69656829429171,59.3647507353713,104.57581808192421,0.2052546443434411,132.11694664988462,11.152017900455547,112.45100096534846,149.51018385473884,2.5686796555270814,0.9090546509263466,877.0,16835.0,150.08767465663055,14187893.0,255.0
623,24.92,1316.8550062616027,626.5898481203997,1316.8551960643495,626.5902039643781,1321,482,55696.0,133.1487417172705,60.543513842402646,73.79233736341284,74.6977804176965,59.42278790674947,104.84337463166827,0.20449058091863015,132.18130982037206,11.100339601848741,113.58363079324077,149.79026962706268,2.569391854668271,0.8996978853170085,882.0,16845.0,150.03519054628364,14202434.0,255.0
624,24.96,1316.9565758577646,626.5838969275896,1316.9567624903368,626.5842726929508,1307,482,55623.0,133.06145497175729,60.4675162216303,73.77575712029892,74.65107490151694,59.38349832011052,104.59400660126306,0.2045191794163459,132.09735126523358,11.103173495516046,113.48297352206659,149.06768597830273,2.5885117873233763,0.9298782244818007,867.0,16894.0,149.9034007111777,14183815.0,255.0
625,25.0,1316.929466845983,626.5459177622506,1316.9296194529747,626.5462349370544,1307,482,55683.0,133.13320169053256,60.50181563266997,73.81266404663775,74.68187407533011,59.42555639712541,104.54670812688651,0.2042840765192362,132.1586714162323,11.10579057410124,113.51330138050801,149.49940553913896,2.602214774604314,0.9056382135032464,879.0,16989.0,150.04118694574595,14199124.0,255.0
626,25.04,1316.8417713267752,626.5817534919981,1316.84189730419,626.5821045636595,1307,482,55679.0,133.128419778901,60.502282843152265,73.81678657717694,74.70682168872358,59.39978958702251,104.70038338765744,0.20489470379933916,132.156088966051,11.138385280475202,112.60142164236905,149.5322973695081,2.600108344717477,0.9076371405255582,878.0,17121.0,149.8732077354683,14198103.0,255.0
627,25.08,1316.8366432593255,626.6290043984233,1316.83670499461,626.6292849443047,1307,482,55660.0,133.10570335259789,60.49937454928898,73.79860244876315,74.69002622613196,59.395353577409274,104.71760196468772,0.2047753016234919,132.1379094174076,11.135003312068184,113.58349404083634,149.2834252246104,2.624099783785919,0.9198565309044265,872.0,17037.0,149.8942222317775,14193268.0,255.0
628,25.12,1316.8308978217665,626.6080720019868,1316.830926724138,626.6081896551724,1307,482,55680.0,133.12961527291162,60.4982247488348,73.82597470524195,74.71640481084704,59.395021601824396,104.69735528084189,0.20506049839804852,132.16493595890825,11.135392959259804,113.57768794836122,149.71350088920002,2.6541428869639545,0.9244226658838932,870.0,16956.0,150.06418947008672,14198386.0,255.0
629,25.16,1316.818188504607,626.5824802147623,1316.8182308134521,626.5826746191434,1316,482,55664.0,133.11048608030296,60.49968020583289,73.80452944826695,74.70028186208013,59.39013185550217,104.74701129109755,0.20495438069223415,132.14530280030667,11.140070313956988,112.6248476914135,149.43062505118857,2.6234143103741396,0.907392621818184,878.0,16975.0,150.05682128801766,14194295.0,255.0
630,25.2,1316.771256398504,626.5099056267966,1316.7713634159918,626.5101542439533,1316,482,55691.0,133.14276499855893,60.515923521307826,73.80709668034632,74.67681879263353,59.439357794570284,104.55926917137631,0.2040453951362794,132.16753838341177,11.111227425242738,112.67800597863132,149.49279267755983,2.585871021175309,0.8756284074844936,894.0,17236.0,150.02420199745487,14201171.0,255.0
631,25.24,1316.7757357493408,626.4532189752983,1316.7757673667206,626.4534015437084,1316,482,55710.0,133.16547510259173,60.52775033388553,73.83243225295386,74.72257794155483,59.42535619276057,104.70540982306399,0.20472020867319607,132.18926487183808,11.138542017788593,112.67858420840855,149.74498066804952,2.6612121243031353,0.8878039867476634,888.0,17036.0,150.08831847113964,14206027.0,255.0
632,25.28,1316.7694866866668,626.4755824934903,1316.769508061479,626.4756900231353,1322,481,55759.0,133.22402539978285,60.56286160774371,73.86808056503847,74.78271212680276,59.429786298130665,104.88446407548217,0.20530046841092675,132.25321165134926,11.17339479486283,112.6828165848834,150.04447683834087,2.664733701688481,0.8986765993698168,883.0,17165.0,150.10611854838405,14218528.0,255.0
633,25.32,1316.7714435576925,626.5175752635153,1316.7715310790204,626.5180554309804,1322,481,55745.0,133.2072993694993,60.55239880424816,73.85516424009815,74.76301515132779,59.427854170943434,104.83625887052423,0.20511694116863088,132.2396324189289,11.154654621653066,112.67713989553187,149.40311638615123,2.627600655404615,0.8823895897463877,891.0,17067.0,150.02835616220284,14214922.0,255.0
634,25.36,1316.7718165063143,626.5633056849362,1316.7718882424765,626.5635997988938,1323,481,55692.0,133.14396036376442,60.50753956967222,73.82971797597912,74.72243100589075,59.401581677241204,104.7166600128424,0.20503681588520228,132.1842995416969,11.13186970692531,112.67272661744411,149.70549619963634,2.625053326240295,0.9016767297698429,881.0,16947.0,150.00444407494402,14201426.0,255.0
635,25.4,1316.7841631117935,626.568006656234,1316.7842978914312,626.5683086585914,1326,481,55725.0,133.18340139668956,60.54414632442444,73.84524550853469,74.75455682559641,59.41775973711695,104.84776215120384,0.2051620361319304,132.2123905786903,11.184775899497778,112.66001423090047,149.70092093163672,2.6952265314199924,0.8940738644516772,885.0,16966.0,150.13820681371766,14209837.0,255.0
636,25.44,1316.7661054476066,626.5735973014176,1316.7661747809852,626.5737289961223,1322,481,55704.0,133.1583039092263,60.52686312924534,73.82063968171592,74.70527903115062,59.431551285172226,104.66950847945651,0.20445312492052348,132.18353174694548,11.131371195896252,112.67750812424458,149.85528546125616,2.660406313251532,0.889711095254469,887.0,16891.0,149.933246130808,14204495.0,255.0
637,25.48,1316.8231252317203,626.5699507308368,1316.8231767514494,626.5704797975266,1307,482,55711.0,133.1666702639409,60.49180998053256,73.89024879153256,74.79465370789937,59.36992267058171,104.76826233464007,0.20622772180424698,132.19176366747269,11.22896728895151,112.62103433434808,149.86975995875358,2.6828190061262025,0.8838342043890466,890.0,17095.0,150.11267597275733,14206249.0,255.0
638,25.52,1316.800874629313,626.593129098396,1316.8009363900549,626.5937645750369,1322,481,55746.0,133.20849415559653,60.58157697036462,73.82460039171521,74.73856251147645,59.45036892173824,104.90792733877521,0.20455562799178317,132.2392304991814,11.14153616767251,112.64115649730992,149.67946066271443,2.6476218632465196,0.8824054187819919,891.0,17083.0,150.0114392224024,14215165.0,255.0
639,25.56,1316.7869174477187,626.5780867741844,1316.7870702648388,626.5785903968995,1320,482,55732.0,133.19176617492172,60.550632722651876,73.82729719425785,74.7117441915448,59.455901422650435,104.67560553085407,0.20419604620368215,132.23535392698366,11.113359349919232,112.65638261205149,149.72296061587556,2.6814834080165357,0.9023243464686649,881.0,16975.0,150.0347217607608,14211600.0,255.0
640,25.6,1316.8408735690598,626.5578493848633,1316.8410453386941,626.5584233765301,1321,481,55714.0,133.17025568363124,60.50312453786703,73.85421067340263,74.72335492703837,59.426364027120464,104.52817743856258,0.2047149905789729,132.20132627213363,11.131832264526315,112.60442370218112,149.72174440124,2.6357872648725977,0.8701403693078339,897.0,17068.0,149.98322493014882,14207005.0,255.0
641,25.64,1316.8335717934788,626.5272095669181,1316.833698541562,626.5275343056254,1322,481,55676.0,133.12483323245416,60.49336928430549,73.82133513061913,74.70819025956503,59.39464248545629,104.67082590373548,0.20497816532435842,132.15772564773147,11.133787391110209,112.61440557903039,149.95959092393088,2.599661506041041,0.9034675236635605,880.0,16922.0,150.01551665129284,14197341.0,255.0
642,25.68,1316.9067078754015,626.5257057398514,1316.9067215117116,626.525865785314,1322,481,55672.0,133.12005102021257,60.50167284426059,73.8179005808461,74.7192840298501,59.38487566025718,104.7832455195767,0.20522691790605052,132.13967375414092,11.154259326624015,112.5416938203422,149.7086934103185,2.6138055581326882,0.8832154839573334,890.0,17076.0,149.97102363568877,14196343.0,255.0
643,25.72,1316.831416086899,626.5212753828853,1316.831528668139,626.5215572195586,1322,481,55689.0,133.14037423595113,60.49648571123923,73.8477683083891,74.74324397160805,59.386573803683675,104.72398218478901,0.20545897330543694,132.15316540651108,11.17505541866838,112.61707831914393,149.29727840933938,2.660163722505151,0.8815031637525623,891.0,17095.0,150.08621406880806,14200661.0,255.0
644,25.76,1316.8835882650815,626.5480911983743,1316.8836824894893,626.5483308778612,1322,481,55658.0,133.1033119242997,60.45224980023762,73.84981563294592,74.72507132591521,59.36693937089326,104.55366636360735,0.20552850178003956,132.12989162604006,11.188906903970807,112.5627401915149,149.2810569050281,2.6215682828345916,0.8990840437549206,882.0,17139.0,149.9981150335668,14192753.0,255.0
645,25.8,1316.9509493315422,626.5149506434079,1316.9510999371464,626.5152374966328,1322,481,55685.0,133.13559258194024,60.47602484092367,73.85278039419313,74.72639644813674,59.39316817941969,104.5504773382112,0.20519159222884453,132.16523213149537,11.15894276974568,112.49858265884441,149.47304161416042,2.6406689353667323,0.8995201943385094,882.0,16952.0,149.99619961594905,14199623.0,255.0
646,25.84,1316.8303219971122,626.4846084216799,1316.8304859187858,626.4850196022012,1322,481,55606.0,133.0411197003989,60.42174032076908,73.81315813584412,74.6767247743099,59.35112294101563,104.46900093329454,0.2052259506507782,132.07530329020483,11.172453041025255,112.62142259507426,149.47991528952198,2.6615955388634154,0.8821684186113573,890.0,16957.0,149.93753362154257,14179475.0,255.0
647,25.88,1316.9111103312152,626.4383215334144,1316.9111542401208,626.4388556436106,1322,481,55647.0,133.0901583005648,60.43804909209096,73.85040221541482,74.72089006675023,59.35847263086517,104.51155122233348,0.20559735600260365,132.11365674491438,11.18900040427366,112.54508674840275,149.6314230598957,2.6367226283831586,0.8989063527764214,882.0,16931.0,149.9406172443209,14189928.0,255.0
648,25.92,1316.8814697441426,626.4814735066254,1316.8815084983291,626.4817815947392,1322,481,55658.0,133.1033119242997,60.479294911556714,73.82379481224585,74.71915600706159,59.369567280484866,104.72636382255864,0.20543043506977055,132.1241593688817,11.177143963474242,113.56254064848807,149.34600232838199,2.629610986239303,0.8849809832384599,889.0,16976.0,149.97092330151236,14192756.0,255.0
649,25.96,1316.8379442148323,626.4951927778584,1316.8379597190033,626.4953915808765,1342,481,55659.0,133.10450764381952,60.477820893989026,73.8229843371361,74.70673450434823,59.38268818623222,104.64017472699106,0.2051226896716265,132.14083613551122,11.165579714549569,112.61289020574307,149.47096835367807,2.661340553334905,0.9011424459933147,881.0,17115.0,149.9494351364687,14193020.0,255.0
650,26.0,1317.0018792087399,626.4286010582297,1317.001994107502,626.4289846220179,1322,481,55664.0,133.11048608030296,60.46877571406412,73.82958926272312,74.7037056247697,59.38549867592208,104.56141372492019,0.20505283935698793,132.1371962470704,11.140652711150933,112.70483356422446,149.56750838149432,2.5732076991357813,0.9012233980806675,881.0,17055.0,149.92486232191544,14194272.0,255.0
651,26.04,1316.9153341512472,626.5306398871163,1316.9153057007852,626.5308755098008,1322,481,55659.0,133.10450764381952,60.46119993253341,73.83374049504388,74.69993688480791,59.387686957625945,104.4968326610657,0.20498343861781887,132.13218096146966,11.14747867423813,112.53266472564262,149.30432350418718,2.6406817139140886,0.8991001974802386,882.0,17047.0,149.95092008159352,14193019.0,255.0
652,26.08,1316.7677846638956,626.4948767677997,1316.7677589738062,626.4952211562646,1322,481,55662.0,133.10809473793154,60.436278839295944,73.85983765754835,74.71999104797419,59.36954064611906,104.42888209403546,0.2054396713190092,132.12809501062236,11.156141354567142,112.6827971642627,149.31090311822223,2.534548318282745,0.9052966657690444,879.0,17134.0,149.98125529480885,14193774.0,255.0
653,26.12,1316.8797452613614,626.4324557643456,1316.879754226478,626.4327087188517,1322,481,55661.0,133.10689905063512,60.452758314051444,73.85102056793909,74.73041967456224,59.36222369459451,104.58424628128496,0.2056484634623157,132.1254322781508,11.175262344372094,112.5768491034275,149.30096976956608,2.582050694689779,0.8991325049308749,882.0,16960.0,150.03540554425334,14193528.0,255.0
654,26.16,1316.972109190267,626.5021447770894,1316.9721323265012,626.5025350593312,1322,481,55620.0,133.0578666202883,60.4126909149657,73.84912159287387,74.73566668645006,59.312444803414465,104.62062139450092,0.20637029903998838,132.07963609481558,11.208640489662224,112.47864478846421,149.73453496209996,2.562770970696172,0.9170908515102524,873.0,16783.0,149.9625796263478,14183059.0,255.0
655,26.2,1316.8430370003732,626.5391175907425,1316.843048844019,626.5394937754863,1344,480,55667.0,133.11407301331093,60.455416430209645,73.86057826907609,74.74596131610296,59.35725452650262,104.62558554006401,0.20588011069281764,132.14374072541787,11.193497990509673,112.60392412135735,149.4019694056996,2.6182038500820672,0.9199722153405807,872.0,16940.0,150.01859234901437,14195046.0,255.0
656,26.24,1316.8157901342793,626.5472729398373,1316.8158050885552,626.5475860828913,1322,481,55615.0,133.05188581944833,60.42771394791122,73.81993445231411,74.70005343481091,59.33627349565299,104.59253771674989,0.20567294443190132,132.08331017157263,11.17496889312051,112.63034200243462,149.56910215487483,2.5771304881356594,0.9149111920227698,874.0,16859.0,149.93546361489697,14181792.0,255.0
657,26.28,1316.977855910099,626.4606560980978,1316.9778676734986,626.4610391945344,1322,481,55620.0,133.0578666202883,60.458444238020704,73.79449133905052,74.68815436502891,59.350905883707235,104.71785947299749,0.205350481769342,132.08121342543785,11.158149848108934,112.4766163035868,149.37949438278534,2.576201574994043,0.923426520769794,870.0,16870.0,149.89572909442583,14183062.0,255.0
658,26.32,1316.9261071380229,626.4633108249109,1316.926166292135,626.463820224719,1320,481,55625.0,133.06384715231013,60.429610746707475,73.84007252138963,74.72487199377959,59.332012189676476,104.619131130349,0.2059937928750748,132.09898936403653,11.210901890965507,112.77720358813221,149.994143692736,2.648481955435708,0.9026399346897326,880.0,16935.0,149.9936146147052,14184320.0,255.0
659,26.36,1316.8936338650892,626.4441166531952,1316.8936919455973,626.4447977865216,1320,481,55659.0,133.10450764381952,60.398983936438974,73.91028589251135,74.77651727859235,59.32318336832032,104.43629379717034,0.20666025207750804,132.1320776144866,11.23324933740208,112.81125605329251,150.1705126497994,2.5991988737566842,0.9198400045564046,872.0,16956.0,150.00584671412705,14192976.0,255.0
660,26.4,1316.9597332997591,626.5009957460568,1316.9597967392085,626.5014364720247,1345,480,55692.0,133.14396036376442,60.49800675524174,73.81758360537671,74.66372196456562,59.4505937152195,104.36791255680704,0.203755289035364,132.1785300890006,11.08435385302296,112.49107321633075,150.04703171579564,2.6205756443257617,0.9037271594200555,880.0,17002.0,149.97220927547787,14201412.0,255.0
661,26.44,1316.9230530163504,626.4987249330302,1316.9232469142457,626.4991825221438,1344,480,55659.0,133.10450764381952,60.47380447407453,73.81542500402091,74.68466689542903,59.39695721846061,104.53341531138045,0.2046967645765062,132.12143428069686,11.132379404417689,113.24159002669573,149.79553037453334,2.5975629886301768,0.9011424459933147,881.0,17052.0,149.99483532899816,14192980.0,255.0
662,26.48,1316.9257204373941,626.5736528167162,1316.925862750027,626.5739576974181,1345,480,55694.0,133.14635106198006,60.51625631068072,73.80120785311864,74.66690190858785,59.44484265108745,104.5317346394372,0.20386622276274768,132.17265118763223,11.065870191059053,113.51460474354279,149.93136674183975,2.544862701633188,0.8955992979721439,884.0,17096.0,149.91478292962879,14201928.0,255.0
663,26.52,1316.8071895298176,626.503228751636,1316.8072561950798,626.5033513630074,1324,481,55649.0,133.09254996520943,60.48261441478267,73.78742475780497,74.65460439242277,59.4089281324521,104.53432027350989,0.2042161549719238,132.12890787856983,11.092122351037151,112.64280843736428,149.05618607918208,2.5844431225461797,0.9154705191922164,874.0,16896.0,149.9958653993391,14190469.0,255.0
664,26.56,1316.9162626854086,626.4859519101217,1316.9163132547442,626.4861091144336,1324,481,55648.0,133.09135413825942,60.43207826514426,73.85310516043934,74.73084140013204,59.3432268158022,104.56190231056634,0.2059071501943862,132.11362035493025,11.170676908481639,112.53570727869456,149.34834267576605,2.5364671365378846,0.9154540683931152,874.0,16990.0,149.95708308755016,14190221.0,255.0
665,26.6,1316.8885664523461,626.5718053675113,1316.8886852131407,626.5721012148659,1324,481,55644.0,133.0865707230104,60.46910231136163,73.80576169780959,74.69271854942137,59.370031074884075,104.66788573615955,0.20514298812673215,132.11082339353953,11.131867852099372,112.55568771220882,149.7171928106877,2.547816911200355,0.9132971447711371,875.0,17000.0,149.91449800954248,14189183.0,255.0
666,26.64,1316.8086431690385,626.5206094400107,1316.8087846941526,626.5208658941884,1307,482,55665.0,133.11168173537854,60.53717110528941,73.74191305305605,74.62180818997248,59.44917634933659,104.67447388172552,0.2033270461901613,132.16545010034696,11.030655115764292,112.63981957224041,149.29353480840004,2.5643361218185463,0.9157337319778385,874.0,16865.0,149.88034765340848,14194539.0,255.0
667,26.68,1316.8865942119405,626.5213457899966,1316.8866737375733,626.5215632696352,1307,482,55627.0,133.06623928985792,60.48703098791146,73.7541443887673,74.63398750470729,59.39800199837444,104.64621580293914,0.2041427239214827,132.10701869417204,11.060629063221127,113.2767998044137,149.76633376050987,2.540644278642192,0.9026723891592946,880.0,16834.0,149.95048258431396,14184858.0,255.0
668,26.72,1316.8456780755255,626.5787127124445,1316.8457572000934,626.5790438204065,1322,481,55659.0,133.10450764381952,60.440488778885396,73.86124150858986,74.73179877337641,59.360710348818984,104.50831712426869,0.20568337276572357,132.12992917397304,11.189839244467624,112.59779813203205,149.73365885832303,2.5819132733564594,0.9011424459933147,881.0,16887.0,149.94356792959334,14193006.0,255.0
669,26.76,1316.7536456018101,626.5818969050174,1316.7537232894454,626.5821821713793,1323,481,55596.0,133.02915632399547,60.45136226790001,73.76154786091885,74.6372481843344,59.36677796843601,104.59614341316531,0.20459583636020895,132.0754163393475,11.11132552960983,112.68918822615187,149.3698703988303,2.5770113859717916,0.9125093102705797,875.0,16719.0,149.93506148126676,14176946.0,255.0
670,26.8,1316.8755083717192,626.5037127452827,1316.875612690091,626.5039948291649,1322,481,55697.0,133.14993702881947,60.53021973047552,73.80148149951368,74.69179598522979,59.4281228430069,104.72179738706255,0.20435541736392648,132.1912352934748,11.094782120950281,113.56490026235356,150.10854587371588,2.5534999500636033,0.9141670453655025,875.0,16861.0,149.98331356127426,14202698.0,255.0
671,26.84,1316.757348541661,626.6090986231271,1316.7573602054931,626.6092399992815,1321,482,55671.0,133.11885544030872,60.49408132278405,73.81886295406385,74.7105840037074,59.38928388811782,104.70827989707453,0.20507536274685356,132.15432719692882,11.147911948166366,112.68310914605499,149.6554629941319,2.59552672996285,0.8911923353392749,886.0,16953.0,150.14735491181378,14196082.0,255.0
672,26.88,1316.8560286584175,626.4462965662697,1316.8560535381082,626.4465336586766,1318,482,55736.0,133.19654581234363,60.55293367723742,73.8501135927034,74.76307774586373,59.42204355742947,104.87609972683536,0.20519532703805787,132.22423436481225,11.17701836762267,112.59923302089024,150.07848287360292,2.667666600549077,0.8902222031649987,887.0,16913.0,150.14497677669326,14212648.0,255.0
673,26.92,1316.765250653907,626.6048130047759,1316.7653600172464,626.6050229951136,1321,482,55664.0,133.11048608030296,60.470503671929755,73.84735559174113,74.74729583236743,59.3544902090691,104.74550366919064,0.2059312708491705,132.13505058986328,11.1900092067405,112.67561416382689,150.0220835359327,2.630841813345463,0.8951168765454344,884.0,16897.0,150.077443651572,14194293.0,255.0
674,26.96,1316.803465897159,626.5356351050873,1316.8035592428978,626.5358617965019,1321,482,55686.0,133.1367880115431,60.488030784987565,73.84019516872931,74.719002539346,59.399048395802154,104.60014477762196,0.20503424326999764,132.16713631916534,11.148389609352384,112.6436462139847,150.0105006852986,2.5868407153482353,0.8854261926877874,889.0,16959.0,150.03106256635516,14199902.0,255.0
675,27.0,1316.8273247409754,626.5464026075758,1316.8274623219386,626.5465699042555,1343,480,55669.0,133.1164642482869,60.48282685600987,73.83371156987849,74.72647593475364,59.37628401180697,104.70430042289813,0.20541838392525646,132.1490677806706,11.179630145361738,112.61892999217773,149.89367533396083,2.6435541128088613,0.9200052680366246,872.0,16832.0,150.01957046784256,14195560.0,255.0
676,27.04,1316.8476878594618,626.5097514542414,1316.8477796716606,626.5100026913071,1345,481,55735.0,133.19535091906764,60.56380387359163,73.8233351425634,74.72509404053088,59.44761956415013,104.81125177572976,0.2044490498478897,132.21590843200568,11.121576650093651,112.60189308454615,149.62054392885744,2.637647580408828,0.9106231414903202,877.0,17050.0,150.00952971196057,14212393.0,255.0
677,27.08,1316.8607092576995,626.5522005840608,1316.8607667605534,626.5523761683501,1322,482,55741.0,133.20252011794176,60.575271225193454,73.81297454594406,74.71795139893743,59.45541551508962,104.84475649449647,0.20426866098559626,132.24020747969655,11.101526687441606,113.5718398130754,149.38136986096197,2.566855624436895,0.8983864905301917,883.0,17066.0,150.0016459442656,14213931.0,255.0
678,27.12,1316.8618716331437,626.5357659643878,1316.8620057841886,626.5361511792919,1327,481,55669.0,133.1164642482869,60.501255281825884,73.81640331479822,74.7171045035093,59.38533138428451,104.77873115556476,0.20519763474646813,132.1329101286504,11.167143653257725,112.5854608002132,149.4825352148374,2.6693615025857063,0.9033539330200939,880.0,16902.0,150.0301781335426,14195549.0,255.0
679,27.16,1316.912432741392,626.4835036603586,1316.9125635909327,626.4837944237718,1321,482,55629.0,133.0686313844029,60.55555206318612,73.68486238175669,74.57789159001014,59.452265859968385,104.8067021240815,0.20281648364631244,132.11197479558817,11.028927579453464,113.53164923968124,149.49658627861356,2.6489095903873205,0.9130509464897129,875.0,16821.0,149.90649838986954,14185359.0,255.0
680,27.2,1316.9258693256509,626.5609844683217,1316.9258926485652,626.5611062193391,1307,482,55649.0,133.09254996520943,60.50330288487505,73.78188742869445,74.6850291021325,59.384871815413476,104.81326925684412,0.20486243991143005,132.118331620649,11.123986068564134,112.51948730888307,149.42307759181983,2.586342485918197,0.8948756658320796,884.0,16850.0,149.92347721939564,14190482.0,255.0
681,27.24,1316.8217163035442,626.5076658086449,1316.8217542218945,626.5079042497707,1343,481,55603.0,133.03753080043734,60.42742647855747,73.80876143767726,74.69674927397811,59.32624026251682,104.65581517249564,0.2057721274467278,132.0548703458247,11.173608658750766,112.6279459897782,149.45564554533584,2.612399281759052,0.8901037779430889,886.0,16732.0,150.0285635451036,14178739.0,255.0
682,27.28,1316.857834895232,626.5602445387087,1316.85805385403,626.5606351829564,1318,482,55669.0,133.1164642482869,60.53446815700769,73.76382869588166,74.66266099507848,59.42231325067325,104.8037948187484,0.20412275080056186,132.15240146289574,11.08054063901981,113.30347199054538,149.31956057817072,2.584764802828287,0.9033539330200939,880.0,16964.0,149.9050798047121,14195544.0,255.0
683,27.32,1316.8262542733619,626.5436728618547,1316.8263437578544,626.5438763419626,1307,482,55702.0,133.15591342561362,60.56941270705486,73.76719973564015,74.66362241932696,59.46088630132873,104.80016799886363,0.2036163746866766,132.19364656666875,11.072450794149624,113.33587729904662,149.2743069214797,2.612705009236277,0.8997948076689171,882.0,16916.0,149.9476621493409,14203981.0,255.0
684,27.36,1316.8709206065355,626.5207439620468,1316.8710222573802,626.5210348423286,1345,480,55622.0,133.0602588653532,60.47666537644636,73.76758472531739,74.64044839248787,59.39601901668075,104.58333561034263,0.20423818055923393,132.094106697736,11.108448898663815,112.57777825073113,149.10893685746458,2.6395555646308124,0.8765032827326712,893.0,16931.0,149.93477602402598,14183573.0,255.0
685,27.4,1316.7869510338132,626.4669749108874,1316.7869980948271,626.4671447571803,1343,480,55638.0,133.07939527775795,60.47545226393732,73.78807807566945,74.66290161347429,59.392018952764275,104.58826105265969,0.20453106336218396,132.11337805559472,11.107005360018858,112.66618844793156,149.73363772440888,2.5977258072406104,0.8906640648381846,886.0,16975.0,149.97439441580767,14187668.0,255.0
686,27.44,1316.9003976495806,626.4767658445883,1316.90056700567,626.4769327693277,1307,482,55555.0,132.98009522834795,60.393784714630776,73.76607053782045,74.62425414924567,59.330119563478576,104.4371030397944,0.20494857550173173,132.01237062765324,11.118871015795449,112.5523262220162,149.35428300327945,2.522845336735975,0.9097557383612777,876.0,16880.0,149.8936928471058,14166493.0,255.0
687,27.48,1316.9132895144314,626.5444614543374,1316.9134738243922,626.5448557597135,1316,482,55567.0,132.99445644678087,60.39178445418323,73.79637593347388,74.67249039627126,59.30507489662168,104.55750764788321,0.2057975489781836,132.03244272852768,11.161526754265072,112.53347774462247,149.29036842764089,2.5621135242671684,0.9225465925856733,870.0,16857.0,149.88777985247617,14169532.0,255.0
688,27.52,1316.8796965557028,626.4486085374385,1316.879790564612,626.4489186368708,1321,481,55578.0,133.00761953483234,60.413821959108596,73.77841216905459,74.6419141831269,59.34364863211979,104.48051897336221,0.20495542911016806,132.0446261840526,11.132299477667656,112.82473678431913,149.37790207457232,2.5882489302193736,0.9101323810033857,876.0,16802.0,149.96499632264155,14172354.0,255.0
689,27.56,1316.9251716879346,626.4312728571726,1316.9252706153127,626.4314561081742,1321,481,55614.0,133.05068962701898,60.40954430592504,73.82347750662437,74.67629070663679,59.352089101551144,104.37781066119713,0.20520839291933013,132.08022160043726,11.130927922780886,112.53171278146955,149.17232272134532,2.5530107731275424,0.9086461898419784,877.0,16862.0,149.97193764260146,14181544.0,255.0
690,27.6,1316.9178586444234,626.5210712268922,1316.9179309972465,626.5212821481921,1321,481,55563.0,132.98966954628455,60.35983513882873,73.82281296248115,74.68323923523619,59.29191503917322,104.41425646010701,0.2060880641181564,132.01517053644142,11.178787000914923,112.53099831577981,149.38487913539694,2.5501469024850434,0.920363189500223,871.0,16718.0,149.96124755752246,14168539.0,255.0
691,27.64,1316.811137085228,626.54350712403,1316.8111727017495,626.5436253689439,1343,481,55564.0,132.9908662875618,60.40392536986599,73.78146486953739,74.65459003936309,59.32142062052923,104.54712392755799,0.20538816716760677,132.02895527175178,11.158402223508025,112.63530941241314,149.46750483869056,2.641365442890545,0.9078292676732421,877.0,16806.0,150.00843123316514,14168806.0,255.0
692,27.68,1316.8965473405717,626.4154636652283,1316.8965839626035,626.415767709457,1321,481,55620.0,133.0578666202883,60.47038237624592,73.77296725530289,74.65749571401251,59.374878324873954,104.66522646084783,0.2047030541672744,132.08163039410476,11.11967191817152,112.56163608986397,149.06949602539981,2.565209407421623,0.9005110197119632,881.0,16871.0,150.0138263747056,14183067.0,255.0
693,27.72,1316.89349026707,626.4585609848857,1316.8935466474923,626.4589969440949,1307,482,55630.0,133.06982741555004,60.45061323046865,73.81443628672837,74.69813322036978,59.35517279613532,104.63164716377484,0.2053995161963501,132.10158088084754,11.165633249464749,112.560828245845,149.8292720972452,2.5863790618282234,0.892549647006672,885.0,17014.0,149.9951046533482,14185605.0,255.0
694,27.76,1316.882282059927,626.4180247965035,1316.8823698590738,626.41846419327,1306,482,55632.0,133.0722194455952,60.435513158432514,73.82843817244064,74.69274967278325,59.36398470473403,104.47381483846473,0.20522426922562154,132.10879387929774,11.175022104403318,112.57561394750738,149.40840688225302,2.6122234086592933,0.9131001861459976,875.0,16905.0,149.9365772582832,14186113.0,255.0
695,27.8,1316.8610903944998,626.4382341405052,1316.8611440906639,626.4385141212449,1322,481,55590.0,133.0219777817069,60.421032926587245,73.78751961609868,74.6537002668657,59.34748779415068,104.49978371951703,0.20502952188571588,132.0611500827073,11.131711558719735,112.59491186933795,149.8430106754902,2.590647069522297,0.8939269036928841,884.0,17015.0,149.85095514336908,14175420.0,255.0
696,27.84,1316.8754517615582,626.5385574392573,1316.875485332183,626.5388085993673,1306,482,55632.0,133.0722194455952,60.471902192745745,73.78694581754009,74.66677544021913,59.38212671544775,104.62460677283423,0.20470481863796053,132.1179592913237,11.120012112958106,112.5716875982126,149.7473054613065,2.5975820535624106,0.9068709819091192,878.0,16915.0,149.95119396873153,14186134.0,255.0
697,27.88,1316.8575846488204,626.5200923905747,1316.8576026178105,626.5202179111454,1321,481,55619.0,133.05667048162692,60.41012234007557,73.83589238721986,74.69582851494586,59.3435345107267,104.42650639079014,0.20553080820500336,132.08807725697855,11.159495901202718,113.58716934325476,149.33232926434454,2.588364536624217,0.9276701660685653,868.0,16907.0,149.91275262093936,14182832.0,255.0
698,27.92,1316.8198756735267,626.4942461142075,1316.8199414122173,626.4945096418237,1321,481,55643.0,133.08537484233443,60.45824475432764,73.82382481325749,74.71653242955084,59.35146376069083,104.69748721282275,0.20564483079226836,132.1162186946231,11.161108933358495,113.62132748225186,149.17649936721222,2.5518459312908184,0.9259357409807808,869.0,16928.0,149.91508022395703,14188933.0,255.0
699,27.96,1316.8313694634248,626.5262328913857,1316.8315831115588,626.5265230525786,1321,481,55612.0,133.04829720989656,60.43295917708935,73.80178019400782,74.66676727724835,59.36092299711679,104.48964829295949,0.20498870967988725,132.08766942723472,11.135560806358036,112.61668563562341,149.50759987443217,2.603975874310202,0.9190632661993707,872.0,16822.0,149.90388150989764,14181014.0,255.0
700,28.0,1316.863021488522,626.4860717244287,1316.8631675411486,626.4865233953856,1321,481,55652.0,133.09613738159464,60.47422023431631,73.81365854492809,74.69388254745319,59.38359546813494,104.61654674559375,0.20497377505569592,132.1344818035889,11.142231813987241,112.58872413313969,149.14728774356803,2.620511460989433,0.901029113071021,881.0,16935.0,149.99627334163645,14191204.0,255.0
701,28.04,1316.8088175550863,626.4174134580336,1316.8088148028269,626.4176511841183,1321,481,55611.0,133.04710098520292,60.434071796289516,73.81477018737256,74.69870265689028,59.33802451271186,104.62598026783532,0.20563513953828394,132.0791334720486,11.193354942743811,112.64883460190185,149.3196980943915,2.64442004224955,0.9127555085520038,875.0,16857.0,149.9095710034378,14180779.0,255.0
702,28.08,1316.891454614433,626.5336489115085,1316.891439261751,626.5339533377705,1307,482,55591.0,133.02317423232356,60.43139140479177,73.78349440530683,74.65759086467108,59.34813594427769,104.5655108943901,0.2050622681911105,132.0593284410544,11.146405005383007,112.55618278565883,149.27743026314107,2.6116508787582915,0.9000414976053174,881.0,16852.0,149.97351398979762,14175674.0,255.0
703,28.12,1316.7644731508701,626.4940873848839,1316.7645696434342,626.4945599482926,1321,481,55698.0,133.15113232963802,60.51192769131479,73.82384996542518,74.69344064343683,59.4352096108182,104.54899357236684,0.20427805843697389,132.18442606803075,11.118504177830161,112.68616552185811,149.07022427756306,2.62817657788057,0.8896152625212447,887.0,16965.0,150.06971404683662,14202937.0,255.0
704,28.16,1316.817919550264,626.501974315237,1316.8181328352312,626.5024066956428,1321,481,55678.0,133.12722427415474,60.487346630855164,73.82310366233783,74.6887149672129,59.41519665311166,104.50860263156108,0.20449566337841085,132.16670440241117,11.128302162273991,112.63223261290297,149.1841318327488,2.627964675912178,0.9076208392784,878.0,16931.0,149.92065781612334,14197834.0,255.0
705,28.2,1316.924657098426,626.476849497476,1316.9248378344384,626.4772608844087,1307,482,55653.0,133.0973331655691,60.45775989630004,73.8417564323094,74.72731283712463,59.35970384722013,104.6363275698197,0.20564915833919628,132.12671366869748,11.195841719410776,112.52815690453384,149.84340255161212,2.62285030195086,0.907213308099443,878.0,16924.0,150.00828287442476,14191463.0,255.0
706,28.24,1316.9166974209202,626.487112000473,1316.9167819727218,626.4875199913745,1344,480,55649.0,133.09254996520943,60.45793683867738,73.81393382641099,74.67262731654235,59.39408794959357,104.44761085768604,0.20460696129228195,132.12421161305326,11.114530091303578,112.53517107325327,149.5432184471667,2.5424203699330787,0.8868318804257892,888.0,16934.0,149.9311194621586,14190449.0,255.0
707,28.28,1316.7591406356555,626.511438402883,1316.7592020684456,626.5117068265881,1322,481,55694.0,133.14635106198006,60.46667123548061,73.86765639845206,74.73947899110071,59.385682384210156,104.52633849349147,0.20543087554462003,132.17178668194796,11.1534953072771,112.68993759022592,149.80219896257856,2.5066352715379474,0.9078816592329322,878.0,16943.0,150.01899051243336,14201939.0,255.0
708,28.32,1316.979720378382,626.5262221327242,1316.9798270375231,626.5265107247524,1322,481,55619.0,133.05667048162692,60.45546264087383,73.78863801072751,74.67742880933113,59.35408738265254,104.68317277373158,0.20519374690581083,132.10138319701005,11.127103486123898,112.4689265636054,149.22560758952076,2.4997969400157825,0.8964201972838437,883.0,16828.0,149.98588321152698,14182809.0,255.0
709,28.36,1316.8858603461365,626.5723070659515,1316.886012038451,626.5727248225676,1321,481,55655.0,133.0997247012888,60.50557440519224,73.7668309734206,74.64349169831999,59.42069532617649,104.62490795892431,0.20394003583953613,132.14595178694606,11.063484069251372,112.55833889303004,149.20949272749107,2.516492060183088,0.9240076054196852,870.0,16844.0,149.88543622621393,14191974.0,255.0
710,28.4,1316.9226896654923,626.3612838840622,1316.922677168186,626.3615112118107,1322,481,55611.0,133.04710098520292,60.46457610045868,73.75800884816421,74.6333830319103,59.380695259201815,104.60112596392035,0.20436816814517222,132.0826947458626,11.075675013512557,112.54046779875262,149.0509499888437,2.5260545531911407,0.9190467398513488,872.0,16879.0,149.94414947431872,14180782.0,255.0
711,28.44,1316.7687790155474,626.4709853165949,1316.7689887074732,626.4717327195569,1320,482,55612.0,133.04829720989656,60.50539165011082,73.71602447085655,74.60438665514886,59.40656676100942,104.7351755429657,0.20371214851466846,132.09632558089135,11.038125555664603,112.68393043768843,149.31793390869774,2.5637915709758428,0.900381496372199,881.0,16818.0,149.8470235944852,14180975.0,255.0
712,28.48,1316.8645469779462,626.4603173876363,1316.8647002820242,626.4610465429593,1321,482,55669.0,133.1164642482869,60.51447689971483,73.78498961562666,74.67196447074858,59.41653245607249,104.6975173256915,0.20429932602954537,132.15438296964263,11.088920003306248,112.58949814866126,149.41653527730435,2.601295805913346,0.8931753783788321,885.0,17000.0,149.90788268193182,14195512.0,255.0
713,28.52,1316.7894199853577,626.5259507395433,1316.7895228178522,626.5262827187534,1327,481,55702.0,133.15591342561362,60.49262764074207,73.85117113829241,74.72661601783507,59.407796928533394,104.57214217788177,0.20499816404968108,132.18166161253055,11.140401714181863,112.65849328555859,149.1715294459146,2.597678527170076,0.9018386339445484,881.0,17086.0,149.979756993722,14203969.0,255.0
714,28.56,1316.8697969657942,626.3774078424726,1316.8698104733676,626.3775981316805,1326,481,55665.0,133.11168173537854,60.51409571175022,73.7892085344688,74.68543179157888,59.40445567513946,104.763864283246,0.20460450920446338,132.14957185183667,11.122756963544523,112.59169233118664,149.18833456337123,2.610952754301111,0.901239588498138,881.0,17011.0,149.97608907710767,14194554.0,255.0
715,28.6,1316.842757316579,626.4806290231039,1316.8427807294659,626.4808120333141,1326,481,55712.0,133.1678654145637,60.53374019727222,73.81665028219933,74.7002174074765,59.43996198208,104.66638728434788,0.20428662666608455,132.20495340619038,11.092617623378576,112.6093911125782,149.53529721722185,2.5854501466974815,0.8798910591244272,892.0,17152.0,149.94142148209465,14206537.0,255.0
716,28.64,1316.8092244641816,626.4901423064216,1316.8092955622576,626.4904136148211,1322,481,55704.0,133.1583039092263,60.54456345700867,73.80809614651115,74.7120980456066,59.425429124206154,104.82606748205761,0.20460767829152626,132.18659620949015,11.123671427278248,112.64194368217437,149.51949749659485,2.6452946862341444,0.8917206058403652,886.0,17276.0,149.98837839131016,14204489.0,255.0
717,28.68,1316.8212888571452,626.4765247609525,1316.821355457386,626.4767984771756,1328,481,55686.0,133.1367880115431,60.5093285899363,73.8124363492113,74.6946230064593,59.416899112408885,104.64720609364723,0.20453579225815566,132.16988224742633,11.10678065605948,112.63113854919516,149.27269925134956,2.5886640808705605,0.9119009638445884,876.0,17081.0,149.95964270761706,14199898.0,255.0
718,28.72,1316.756417166526,626.5266564370952,1316.7564689615542,626.526980193575,1322,481,55689.0,133.14037423595113,60.486755031136795,73.84723562541485,74.73027763024345,59.39231725584572,104.62794547001506,0.20524425789354273,132.1657458300231,11.157566961554052,112.691302502538,149.18907194565745,2.5896277008758912,0.9161285511562713,874.0,17009.0,149.97279750388384,14200660.0,255.0
719,28.76,1316.706242537072,626.5230279757311,1316.7063396592275,626.5232956891754,1322,481,55697.0,133.14993702881947,60.53871773377233,73.79478560970358,74.69052365581103,59.430063133503474,104.7687336148908,0.2043158860772062,132.18426007343936,11.093964971187617,112.9908958609552,149.21171829564688,2.567275083191712,0.895647540114815,884.0,17030.0,149.95092899765,14202703.0,255.0
720,28.8,1316.7882761186684,626.5631195137582,1316.788429425601,626.5634819456664,1321,480,55693.0,133.14515571823804,60.514334695976494,73.83017088103955,74.74010896371749,59.386824701374636,104.84589563846389,0.20542228898537052,132.17971906008842,11.160641981091043,112.9056508947618,149.49998993556477,2.562626145785887,0.8717550206093369,896.0,17073.0,150.0331258269675,14201662.0,255.0
721,28.84,1316.879331774117,626.5489095709263,1316.8795208849622,626.5493660884244,1321,482,55686.0,133.1367880115431,60.55353225116455,73.77472125177378,74.68513373524064,59.42701879464396,104.89233698117386,0.20429922499284536,132.17149680650618,11.101205336179145,113.5539723488187,149.27943037159764,2.6124416314683585,0.8735943497783526,895.0,17047.0,150.05881365220822,14199869.0,255.0
722,28.88,1316.8911974558387,626.5025927943375,1316.891304347826,626.503031281389,1316,482,55752.0,133.21566264714784,60.56713288040381,73.84901672968549,74.75965746741866,59.43945215635901,104.86602676197877,0.2049261035972031,132.25154190538197,11.14687868372778,113.5495876495275,149.71978287242877,2.6363659853263797,0.8945070630939419,885.0,17044.0,150.18511171734755,14216708.0,255.0
723,28.92,1316.7985075110385,626.5364999343633,1316.7986136053444,626.5369585518281,1321,482,55684.0,133.1343971416035,60.52808497289613,73.80347788642563,74.70413953282896,59.41291067838599,104.79628174889419,0.20469051581436382,132.17286922077335,11.138189925530483,112.64850843568344,149.56185300022858,2.6609987423208277,0.8914004419003105,886.0,16948.0,150.00017926211254,14199368.0,255.0
724,28.96,1316.7944207572432,626.566029390913,1316.794500125732,626.566314617236,1316,482,55674.0,133.12244214780753,60.517042018677124,73.7874439885078,74.66928683326633,59.42555737104121,104.65936484843998,0.20414992708131507,132.14636166060424,11.102475691133124,112.64997135315203,149.39316938324774,2.5821887575566804,0.8872302846560656,888.0,16941.0,149.89782472707353,14196837.0,255.0
725,29.0,1316.732479249109,626.587580358877,1316.732596585804,626.5878346810423,1321,482,55650.0,133.09374578141512,60.52426545413844,73.76080100128856,74.6674809603266,59.402102320995084,104.8582514040436,0.20444480573065715,132.1319892247341,11.103125681133333,112.7097715005563,149.83514417075256,2.599189509192962,0.8749837653572762,894.0,16878.0,149.99886366819104,14190716.0,255.0
726,29.04,1316.6987547098047,626.6096967384123,1316.698786734969,626.6099937089962,1321,482,55635.0,133.07580741004426,60.50233782493648,73.75790787597954,74.65187844234201,59.39578184984196,104.75624734461935,0.20436319769613331,132.10088511042807,11.0970876637266,112.74142164197359,149.47289917887102,2.582142108441719,0.8946505358329484,884.0,16836.0,149.89938119952205,14186894.0,255.0
727,29.08,1316.7773496911136,626.5550704856937,1316.7774143106208,626.5551880942538,1321,482,55637.0,133.0781993326013,60.48580512168205,73.77813037035838,74.65990661066384,59.39396843999103,104.64923868830189,0.20447304133772304,132.11555290316807,11.114718410551998,112.6679417920315,149.25368573819551,2.6038694220971492,0.8946826972613957,884.0,17024.0,149.9074564236296,14187418.0,255.0
728,29.12,1316.8328867488567,626.4498054138303,1316.8329832498518,626.4499560151523,1342,481,55701.0,133.15471816771392,60.541180237285815,73.80860975117815,74.7186724617589,59.4143531773058,104.86866750774351,0.20482589933976503,132.18681687930408,11.118949385026301,113.61796571742744,149.57675411943072,2.611585743351334,0.8977418042199137,883.0,17068.0,150.05360065615758,14203733.0,255.0
729,29.16,1316.868019923565,626.4846231944912,1316.8680311401306,626.4846990026548,1342,481,55748.0,133.2108836956424,60.58102844121044,73.81537947193942,74.71794809029468,59.464270673717955,104.82856313092158,0.20415011127103033,132.25534576638344,11.097137876336523,113.5798967715714,149.2474948861747,2.595922236335378,0.9066953850614906,879.0,17196.0,150.01520719548574,14215729.0,255.0
730,29.2,1316.7608271062861,626.5357724982478,1316.7608258527828,626.5357989228007,1307,482,55700.0,133.15352289908495,60.5561821450534,73.77645279487028,74.663070624097,59.45958348289794,104.71733970251681,0.20362793833839776,132.18279161193095,11.07170970212619,112.68610370918137,149.27592615891177,2.6198788630136045,0.8896472067656528,887.0,17151.0,149.87214380681377,14203495.0,255.0
731,29.24,1316.7802128492842,626.5032698415314,1316.7802132701422,626.5033570300159,1321,482,55704.0,133.1583039092263,60.562472842976355,73.7711593442258,74.66519316523869,59.45675737412017,104.77757725606618,0.20368842758447447,132.19933272808166,11.050568450641647,113.65905845448162,149.33974019973292,2.5492962626630513,0.8837231520038673,890.0,16993.0,149.9863350508081,14204511.0,255.0
732,29.28,1316.8220742813942,626.4232559124837,1316.8221137452665,626.4234310224152,1318,482,55721.0,133.17862128752873,60.57075230793077,73.78928885477274,74.69598975950738,59.44900586796516,104.86623715655624,0.20412051491159966,132.2077348128213,11.072717425877773,113.6304274582186,149.75094137683854,2.545976111275244,0.887979284608985,888.0,17018.0,149.94243028957604,14208834.0,255.0
733,29.32,1316.7368025037556,626.5601477578225,1316.736809011372,626.5603902053429,1318,482,55663.0,133.1092904144874,60.49229153304573,73.80838061263893,74.70223747735763,59.38493158584621,104.72800342676041,0.20504480734133457,132.13099747414424,11.14044332683578,112.70788097458822,149.6207143331021,2.5422236331645522,0.8830727023192458,890.0,17033.0,149.95554583558987,14194037.0,255.0
734,29.36,1316.823237923892,626.4992377906542,1316.8232442042129,626.4993804658179,1307,482,55687.0,133.13798343041236,60.51858377707945,73.80109901607833,74.68222252897158,59.42782880517806,104.64850521202847,0.20425736148754625,132.16288711342415,11.099896542748997,112.62717842560193,149.31732065799292,2.573676231962034,0.8854420930252634,889.0,16921.0,149.95347993485177,14200167.0,255.0
735,29.4,1316.7571291359764,626.54031191779,1316.757143113697,626.5406856670797,1320,480,55683.0,133.13320169053256,60.48766848090645,73.83470420699005,74.728879574472,59.37942523411473,104.71640051022653,0.20540190656894008,132.1574137046141,11.12882333715111,113.67599235628322,149.16570548364763,2.479579326037232,0.9015310160126079,881.0,16936.0,149.9196304695754,14199126.0,255.0
736,29.44,1316.8054974639685,626.471092692715,1316.8055316091954,626.471408045977,1321,481,55680.0,133.12961527291162,60.49611398664013,73.82554816790439,74.72161858245931,59.38578185217063,104.73824481582665,0.20523962169482135,132.15216171790883,11.142584814085684,113.64336598699043,149.22152424641243,2.5110803394209618,0.8893277643215718,887.0,16925.0,150.05777060688862,14198365.0,255.0
737,29.48,1316.759498242392,626.4730047135997,1316.7595316344307,626.4733581164808,1307,482,55683.0,133.13320169053256,60.53087827583707,73.78272485633099,74.67935299899861,59.42114057909192,104.77729979423265,0.20431634457399883,132.18240548161367,11.075597662638431,112.69299425678372,149.73901054440668,2.5232340321262874,0.903581114307027,880.0,16918.0,149.9246399344096,14199127.0,255.0
738,29.52,1316.7042218772112,626.5289211368461,1316.7043055156564,626.529176242459,1321,481,55696.0,133.1487417172705,60.50659912096884,73.83008034309499,74.71688514911236,59.40804974300908,104.67235328264734,0.20489124212755205,132.18108897666636,11.13682898832776,112.99238819671201,149.4008217871079,2.55659672157557,0.9141506321467409,875.0,17011.0,149.97651837562117,14202450.0,255.0
739,29.56,1316.76078743811,626.5387443994291,1316.7609756973113,626.5389309688767,1321,481,55714.0,133.17025568363124,60.499172590421864,73.86762157182486,74.75158074952934,59.40350643060198,104.63106560505662,0.20532106699327557,132.19726171181603,11.162186791981577,113.67262781490277,149.967750280512,2.62486028260506,0.8938973761159398,885.0,16933.0,150.07136012650747,14207034.0,255.0
740,29.6,1316.8951987888317,626.5484271367953,1316.895344038755,626.548631918902,1307,482,55735.0,133.19535091906764,60.52274974785819,73.88570755019155,74.79981412319326,59.3892989045168,104.85472090799442,0.2060234426959372,132.2172310845093,11.21799052810744,113.53838187054104,149.7414080365585,2.655608002363225,0.8822312993903476,891.0,16969.0,150.20068809166767,14212393.0,255.0
741,29.64,1316.8385679117073,626.5316006296327,1316.8386285673234,626.5318163041721,1307,482,55679.0,133.128419778901,60.5157237697498,73.80138310049462,74.6924220945931,59.412448632974005,104.72075752147519,0.2045719369264528,132.1585575065895,11.10906485478399,113.59695828957113,149.19890790399705,2.621958150271577,0.8853148903254556,889.0,16857.0,150.06806746652785,14198119.0,255.0
742,29.68,1316.8018223723852,626.5671706091032,1316.8019428632992,626.5675602880178,1342,481,55691.0,133.14276499855893,60.4960209578748,73.84370384307816,74.7331983377134,59.39368834493993,104.6814597694206,0.20525697192103887,132.1678038430523,11.148664435962626,112.64249830418731,149.54042560584398,2.6578531247331445,0.8895034576658164,887.0,17005.0,150.12802596494737,14201159.0,255.0
743,29.72,1316.8992256295442,626.4916104060512,1316.899328738603,626.4919412736018,1342,481,55716.0,133.17264590979667,60.5045320563959,73.87244638662828,74.77077752102414,59.390803693924035,104.73740345994761,0.20569498321420487,132.19826756738095,11.193602125630399,112.55217267544322,149.33949311388656,2.6073640269135416,0.8839135275213176,890.0,17062.0,150.08726431187975,14207541.0,255.0
744,29.76,1316.871102320673,626.5226973532874,1316.8712397079664,626.523005722281,1343,481,55747.0,133.20968893097748,60.53842439316262,73.86680447147562,74.76257472366285,59.42863831119309,104.73611534220106,0.20510177009214836,132.2379131331237,11.153231497361523,112.57742413930781,149.4665782609187,2.577016418175152,0.8924089583114829,886.0,16938.0,150.07370083193433,14215446.0,255.0
745,29.8,1316.8901288202546,626.473195367678,1316.8901996043878,626.4733141521309,1307,482,55610.0,133.04590474975393,60.47340421484511,73.76563845942117,74.66282566054124,59.36214702183291,104.76355960747662,0.204930345233299,132.08341895127845,11.120787563235034,112.56287171977934,149.41436034710392,2.5886475714826873,0.8962751428640312,883.0,16788.0,149.94136078947957,14180534.0,255.0
746,29.84,1316.8969382009252,626.4934013376145,1316.8969977901147,626.4935410266085,1307,482,55659.0,133.10450764381952,60.50357289394712,73.79709437801795,74.7020872363477,59.382586960356996,104.8200235039048,0.20507459487071344,132.14051119383086,11.142758254858895,113.5503187100284,149.42815349539845,2.5894798887177384,0.905247873235587,879.0,16806.0,150.09083596697064,14193028.0,255.0
747,29.88,1316.8756688229935,626.4726063704758,1316.87582674335,626.472807332854,1307,482,55640.0,133.08178713582905,60.442066560877656,73.83677494470916,74.7166596288402,59.35093527732513,104.58954821118954,0.20565325628641984,132.11806004315895,11.181470745622546,112.57732599866,149.1292348184424,2.5649941568772374,0.8927100909482516,885.0,16913.0,149.99023230593275,14188171.0,255.0
748,29.92,1316.8441455385037,626.476569494668,1316.8443453878783,626.4767955999712,1316,482,55636.0,133.07700337669684,60.49158753859853,73.77247871353,74.66189264823616,59.3903406680028,104.71111241400472,0.2045427920262365,132.11577608840508,11.111045343147477,112.60836970007642,150.11056543449712,2.5677996308716637,0.902818434272323,880.0,16887.0,149.90468421122046,14187146.0,255.0
749,29.96,1316.9030005804236,626.4068537227533,1316.9031863626556,626.4071243616486,1307,482,55612.0,133.04829720989656,60.48091277309076,73.74411632516508,74.6144451998332,59.40387251658582,104.57675726004024,0.20385560252455492,132.08508802034996,11.074117602716502,113.5519395922853,149.1628261486931,2.604342922345021,0.8983409723902879,882.0,16849.0,149.88467289585734,14181023.0,255.0
750,30.0,1316.923710317789,626.4716416934018,1316.9239052275832,626.4719026389588,1343,480,55628.0,133.0674353425056,60.47176564939415,73.78036352751639,74.66995900610439,59.36980465720269,104.70008568207474,0.20490374646718212,132.10059658578305,11.10806720414269,113.52557194806519,149.38506403601946,2.531579228428341,0.9088749280492247,877.0,16821.0,149.93097862850067,14185103.0,255.0
751,30.04,1316.9255502331234,626.4886209134861,1316.9258393845712,626.4890179020779,1316,482,55636.0,133.07700337669684,60.43202810389469,73.8372878511865,74.70610361101488,59.35463908768379,104.50222314752348,0.20549143619193688,132.11207633840357,11.166297422878678,112.5262195602828,149.90751307400598,2.602643416799222,0.8846311758139881,889.0,16977.0,149.97993616867748,14187123.0,255.0
752,30.08,1316.9316104992117,626.5835741681619,1316.9316314606742,626.5838741573034,1306,482,55625.0,133.06384715231013,60.4665102630051,73.77581194457066,74.65168935709197,59.38176965701677,104.59772545826746,0.2045488833753304,132.10768411185157,11.097952748768094,113.50787041707486,149.64689466627465,2.542049303951727,0.9067568731790113,878.0,16942.0,149.82140777288467,14184341.0,255.0
753,30.12,1316.9476250141324,626.408305888244,1316.9478575023365,626.4087641095693,1307,482,55636.0,133.07700337669684,60.48165382820232,73.77203371816748,74.64701579537129,59.398370697810634,104.59940831899671,0.20427668722031067,132.1139168537567,11.08113126123279,113.50736487447223,149.05156394117105,2.542665764354154,0.8946666165471721,884.0,16893.0,149.98750628842168,14187116.0,255.0
754,30.16,1316.8205361649955,626.5290801789411,1316.8207450536418,626.5295703272413,1342,481,55647.0,133.0901583005648,60.48295096253895,73.78223362474303,74.64797840408487,59.41114942480351,104.52598752282684,0.20411576180671986,132.11770123415158,11.076575825465165,113.61516085184557,149.13822603139144,2.5495733403535326,0.8888006842888381,887.0,16687.0,149.99189173143228,14189923.0,255.0
755,30.2,1316.822331156098,626.4807910511653,1316.8224288978035,626.4810304196874,1342,481,55589.0,133.0207813203288,60.43002102745434,73.7668211147969,74.62606818023343,59.36565746894555,104.46060861777606,0.2044916888081474,132.05986156271578,11.078199468414775,112.62972087657867,149.24779852959264,2.5617583282332683,0.8959366825511352,883.0,16719.0,149.85977712969148,14175164.0,255.0
756,30.24,1316.8145929142793,626.5509593636231,1316.8145911949687,626.5513566936208,1307,482,55650.0,133.09374578141512,60.46280967333282,73.81921887110671,74.6967586670787,59.375269876997024,104.58902028710489,0.20511584523190773,132.1258147376252,11.134645578052297,113.62728627025031,149.46085911221704,2.5733927245425576,0.8928705348898311,885.0,16778.0,149.92301505493893,14190709.0,255.0
757,30.28,1316.856236276054,626.4799340594654,1316.8562615780293,626.480153234654,1343,481,55601.0,133.03513814667517,60.42848449963605,73.7833005648512,74.63418545696649,59.37436772161079,104.38912698044965,0.20446150302202193,132.08134606198294,11.100086689477447,113.59204745986776,149.53857990606912,2.5843808592107833,0.9002034017800229,881.0,16781.0,149.87345972206748,14178229.0,255.0
758,30.32,1316.8135765545728,626.497103853827,1316.8136202649982,626.4972223720404,1323,481,55623.0,133.06145497175729,60.46037669485167,73.78090335646276,74.64863673915133,59.385687527932916,104.531645124308,0.2044638707141102,132.10142894273494,11.093861218285074,112.63699063703473,149.27854575725726,2.578341741637708,0.8944575672622647,884.0,16772.0,149.92468993739263,14183849.0,255.0
759,30.36,1316.8517894519862,626.4948388438937,1316.851981016754,626.4950564463938,1343,480,55628.0,133.0674353425056,60.41556302615255,73.84525112003983,74.70690187135331,59.34677903250304,104.43765995392597,0.20560513759894217,132.10258201940002,11.170002250033178,112.59913183835388,149.2503519092041,2.607620530334399,0.9026886163940755,880.0,16827.0,149.9947404198023,14185097.0,255.0
760,30.4,1316.8593295610415,626.5709581758224,1316.8593983204762,626.5712538886191,1326,481,55611.0,133.04710098520292,60.44824136642173,73.78094988208166,74.65446442442091,59.36606262249754,104.56969134612076,0.20478884846064538,132.08320882845024,11.110012866677817,112.83418691134214,149.22197826052098,2.533375874832645,0.8882256878894923,887.0,16847.0,149.94112215834485,14180769.0,255.0
761,30.44,1316.830673091317,626.478363391559,1316.83070342547,626.4785773336688,1307,482,55642.0,133.08417895091242,60.52266298813526,73.72760000121467,74.60324623304184,59.439947750705784,104.64270483948883,0.20325252918579062,132.1216268026899,11.02654815872207,113.61318505003945,149.1197554700478,2.513848491092983,0.8967908919122536,883.0,16818.0,150.00386584626295,14188684.0,255.0
762,30.48,1316.872504399013,626.5251361448265,1316.872621763892,626.5253049711648,1307,482,55661.0,133.10689905063512,60.5081860013916,73.78851054724325,74.68658027702186,59.396124355748995,104.77515261925339,0.2047282907392286,132.13668151791106,11.126020846160827,113.56447361984858,149.4973717896887,2.5508136507527337,0.887023114456322,888.0,16956.0,149.98323516209126,14193525.0,255.0
763,30.52,1316.9385758492122,626.4896694030022,1316.9387597456257,626.4901016778645,1307,482,55666.0,133.11287737971443,60.469846626956496,73.83496668909602,74.71518963446862,59.378826992059665,104.60505112862158,0.20526432064804356,132.1377907987088,11.161991408866603,112.5131529551151,149.74040966382967,2.556205408858032,0.889104154610715,887.0,16864.0,150.1018501502749,14194775.0,255.0
764,30.56,1316.8852452328977,626.4741403264925,1316.8852517920986,626.4743896085231,1324,481,55661.0,133.10689905063512,60.49958792235542,73.79137382518917,74.66313026297883,59.42040027732128,104.5744257419846,0.20415337438933423,132.13648342310987,11.097546922708561,112.5676514995443,149.5498655515074,2.648050648874621,0.8850286842508879,889.0,16838.0,150.01831498131807,14193528.0,255.0
765,30.6,1316.8573766699215,626.3791628446141,1316.8573917103656,626.3793728898786,1321,480,55684.0,133.1343971416035,60.471711278376716,73.8535640837107,74.72966756185404,59.38563444888752,104.5668298856174,0.20532719619375006,132.16051395345607,11.145819529388875,112.60390399668958,149.63767242524375,2.547210271438352,0.8954384908299076,884.0,16938.0,150.00888864484162,14199395.0,255.0
766,30.64,1316.9615731679328,626.49733857639,1316.9616794881013,626.4976094614997,1322,481,55636.0,133.07700337669684,60.48413531049343,73.77008792364448,74.64505539105183,59.40094445534617,104.60127243026636,0.20422130917908143,132.12107086351895,11.091957284700936,112.48956582767923,150.20899729885394,2.5555372972011483,0.9007700663914922,881.0,16856.0,149.92426171746203,14187144.0,255.0
767,30.68,1316.9488388375719,626.5249437777608,1316.948919414578,626.5252256463734,1322,481,55618.0,133.05547433221255,60.445006268899675,73.79657850695948,74.67291247535165,59.358991944183366,104.58235069627452,0.20507999518865916,132.09091068055292,11.12641490255128,112.49979830332794,150.17948499558338,2.565230029370573,0.9170578744929382,873.0,16916.0,149.9105689652401,14182555.0,255.0
768,30.72,1316.9249988533293,626.4210217199527,1316.9250449155588,626.4213618397413,1344,481,55660.0,133.10570335259789,60.50871798607353,73.7832007787567,74.66768116491963,59.41382885263671,104.67723181451132,0.20428988920375746,132.12509667136652,11.101884497824491,112.53280250256233,149.6096630270628,2.6093790228851073,0.8850127839134118,889.0,16879.0,150.0133431792244,14193263.0,255.0
769,30.76,1316.9443925161468,626.4085426778785,1316.944409474309,626.4087908925777,1322,481,55603.0,133.03753080043734,60.448100657417505,73.77651579274037,74.64767344698318,59.36894815101839,104.5539506282709,0.20467784983032533,132.07122114052663,11.120427332812747,112.51460618623582,149.1719756565319,2.6063252684632108,0.900235782614964,881.0,16878.0,149.9216648706694,14178739.0,255.0
770,30.8,1316.8405167677804,626.4539133048429,1316.8405416584242,626.4541694390994,1306,482,55607.0,133.0423159788721,60.48615285456575,73.73514566639204,74.61737368563857,59.39439315160749,104.67223243368063,0.20401388821543331,132.07558980434712,11.076441133787059,112.8632863275147,149.59358332921997,2.5777616977027313,0.9044021359889917,879.0,16767.0,149.91888391170053,14179754.0,255.0
771,30.84,1316.7917160651161,626.3448404045213,1316.7917003793805,626.3452361687973,1322,481,55617.0,133.05427817204483,60.462996066547724,73.77996854240688,74.6685802785638,59.36211561800664,104.68909387467764,0.20499204087520873,132.09180892036053,11.122343557207797,112.92164991842543,149.26540978333512,2.567191154191079,0.9045647777671831,879.0,16949.0,149.88396847446208,14182294.0,255.0
772,30.88,1316.853382743192,626.4863424940885,1316.853369533947,626.4865865937859,1322,481,55616.0,133.05308200112353,60.447548716909566,73.78458449045301,74.65076151304443,59.374530396749414,104.51265916943794,0.20463597164545544,132.08576603989968,11.102913832492874,112.84758915465667,149.72852912856837,2.5388033867174236,0.8863059868418246,888.0,16905.0,149.94699064333722,14182055.0,255.0
773,30.92,1316.8456838526688,626.4332678832163,1316.8456393937759,626.4336155906728,1322,481,55623.0,133.06145497175729,60.424744904364125,73.81640298284964,74.67042682299851,59.3661393738481,104.39670232699193,0.20495781396064938,132.08114980646,11.116359142180196,112.61069983833642,149.41928267144831,2.5424913133858924,0.8924373362475665,885.0,17007.0,149.95807736924505,14183830.0,255.0
774,30.96,1316.7923320802508,626.4916872751838,1316.7923289937423,626.4919441847084,1322,481,55612.0,133.04829720989656,60.4175158133703,73.80756896008823,74.65777008359346,59.363716351002886,104.36842303098051,0.20485548544332355,132.0886095053754,11.111935353775012,113.64892725163689,149.29991844110378,2.515232007436512,0.896307377179545,883.0,17005.0,149.8882117794601,14181030.0,255.0
775,31.0,1316.8752529937758,626.4336480045788,1316.8752339475957,626.4338648142816,1322,481,55568.0,132.99565314498395,60.37085869612764,73.80099805423144,74.64308720867224,59.32653222182326,104.28929562280184,0.2051972333892088,132.03032256833006,11.127065582237094,113.57719837247018,149.1341627465297,2.493943294061354,0.9058277020909896,878.0,16881.0,149.8688200116977,14169815.0,255.0
776,31.04,1316.8954054807725,626.4508922973457,1316.8954410574588,626.4511824476216,1322,481,55605.0,133.03992341116887,60.429608221934195,73.80215079966652,74.68224558896996,59.338496832174236,104.60114539272251,0.20545376797108372,132.07307699217264,11.154093906496492,112.80888765766997,149.14222210369542,2.538016767751539,0.9147466840317562,874.0,16919.0,149.9369770827292,14179242.0,255.0
777,31.08,1316.8920897568264,626.5025899523941,1316.892101716237,626.5028124719202,1322,481,55645.0,133.0877665929406,60.45493815118192,73.82575513686443,74.70692637719304,59.36258771030923,104.60969446407199,0.20539378891604654,132.11931893254751,11.15785656077474,113.55433879767338,149.71894372872504,2.579286780295849,0.9112295573956133,876.0,16937.0,149.89684724803007,14189450.0,255.0
778,31.12,1316.8175344922197,626.4592771004508,1316.8176327851172,626.4594769479644,1322,481,55635.0,133.07580741004426,60.449673985623654,73.81558936682289,74.68365585009215,59.37386518835199,104.5139533773674,0.2049951959029771,132.11187692078366,11.15529281553231,112.63641388083198,149.4243126091226,2.611467195467556,0.9069198856505941,878.0,16910.0,149.99162934998662,14186895.0,255.0
779,31.16,1316.8852721237236,626.3855756588334,1316.885386871031,626.3859355604727,1322,481,55587.0,133.0183883652872,60.4221964997166,73.78560196898232,74.65580553498485,59.34363982515715,104.53137398008803,0.20510348257714783,132.03786285304912,11.13833797984335,112.57554653406598,149.29216763931538,2.5790810934064954,0.8959044482356213,883.0,16806.0,149.93859615902588,14174637.0,255.0
780,31.2,1316.9595631764446,626.3790664914347,1316.9595981380637,626.37928865405,1324,480,55641.0,133.08298304874407,60.46072204149701,73.80699797932064,74.68230599519772,59.376131835429106,104.57691154375158,0.20495047596351468,132.12419859833946,11.128932776645438,113.49807793146849,149.8529819485619,2.557017296515273,0.9132479051148522,875.0,16741.0,150.05737098189095,14188429.0,255.0
781,31.24,1316.9067321649368,626.4518625438907,1316.906732117812,626.452098392491,1325,480,55614.0,133.05068962701898,60.44304506900496,73.7863997954513,74.64163307348882,59.3836770847899,104.42714395157181,0.2044161597278641,132.079827256159,11.113904740720193,113.54230207119068,149.57587424050053,2.601071557762435,0.9086461898419784,877.0,16764.0,149.93100053558067,14181545.0,255.0
782,31.28,1316.9157373737844,626.3728512864443,1316.9157282181152,626.3729726817178,1322,481,55677.0,133.12602875867256,60.48879491682427,73.8267793414739,74.70375336025195,59.402330697666635,104.5928206659059,0.2048280303774781,132.15889764579188,11.131704646052217,113.5422812529526,150.08093296012242,2.581134829537905,0.9055406284363315,879.0,16977.0,150.03028092234163,14197623.0,255.0
783,31.32,1316.8891232540582,626.3398872004643,1316.8891363301664,626.3400262207934,1343,480,55681.0,133.1308107561869,60.48086829968754,73.83044036047129,74.69372754697639,59.41141657327587,104.4849730595799,0.20459965616375442,132.1646003169739,11.109199590735129,113.57173199366586,149.2288435102797,2.546933124945911,0.9118190850093475,876.0,17023.0,149.94274370176205,14198640.0,255.0
784,31.36,1316.8082195398047,626.4051478679785,1316.8082130288012,626.4052287581699,1322,481,55692.0,133.14396036376442,60.521526697250174,73.7974635267237,74.67395951296673,59.436693947425155,104.61688976220802,0.20405059092782818,132.17687906560346,11.071753931379384,113.6464927840883,149.2102200231072,2.525864639410094,0.9161779035535755,874.0,16944.0,149.9441170934196,14201452.0,255.0
785,31.4,1316.8412508253373,626.4684575384449,1316.8412498651612,626.4686095429865,1343,480,55622.0,133.0602588653532,60.45284411115682,73.78080677999208,74.6424573459393,59.385666381661366,104.48252054549918,0.20439829430545853,132.0989266242621,11.074547064299852,113.60798649053362,149.2295026575837,2.532307359967309,0.9234597256069308,870.0,16797.0,149.9212119516426,14183595.0,255.0
786,31.44,1316.875192869457,626.4157067514408,1316.8751999712401,626.4157604299606,1343,480,55633.0,133.07341544449375,60.44837199721862,73.80849601995307,74.67409484222077,59.375746911820585,104.49798831896287,0.20486820714364373,132.1173796779096,11.120942428596289,112.58288189878603,149.3104463781855,2.5853951772843105,0.9110330481910353,876.0,16827.0,149.91496992100298,14186409.0,255.0
787,31.48,1316.9641474066539,626.4242278105655,1316.964147583155,626.4243465433808,1325,481,55589.0,133.0207813203288,60.38496840752455,73.83792964316899,74.7118518629752,59.300282080038734,104.51970942221313,0.20628012020371223,132.05564595737005,11.199067013642148,112.49352605720311,149.31901467127966,2.599837024435638,0.920793861762826,871.0,16868.0,149.88191728613964,14175181.0,255.0
788,31.52,1316.890182404159,626.443763978194,1316.8901924147967,626.4439374068019,1343,480,55661.0,133.10689905063512,60.48275690644185,73.81931302122531,74.71577360896801,59.37177807631184,104.73801991785108,0.2053648753335594,132.15151167118844,11.145452150810657,113.55992797709959,149.84315929967346,2.577071896878805,0.8991325049308749,882.0,16845.0,150.011366617647,14193536.0,255.0
789,31.56,1316.8319731768868,626.4308375850119,1316.8319941037948,626.4309802441173,1326,481,55629.0,133.0686313844029,60.46896780408007,73.77806792431191,74.64260816456381,59.39848836735365,104.51262992058454,0.2042281234814518,132.11451073721335,11.094395364878864,112.62457219837214,149.41429904176027,2.5876101045489555,0.9088912664925993,877.0,16790.0,149.97902584637464,14185378.0,255.0
790,31.6,1316.8906344736997,626.4169437251356,1316.890703607877,626.417187724594,1326,481,55656.0,133.10092045303463,60.463393120196805,73.83161383614019,74.7127474539022,59.37115863065012,104.61049960539877,0.20534098056985317,132.13662245778647,11.159441505177595,112.567392323438,149.86956715703792,2.5665689729397463,0.8949882308316452,884.0,16763.0,150.0498196064189,14192251.0,255.0
791,31.64,1316.8017622678838,626.4485759983133,1316.8018435663846,626.4488167753759,1325,481,55653.0,133.0973331655691,60.4310479961738,73.86069517577418,74.72744496034278,59.355899651706366,104.47590289650371,0.2057014704141693,132.11905360885356,11.182188982015635,112.65307676493443,149.8215066355507,2.5689864904567306,0.89696818064758,883.0,16687.0,150.00275240114232,14191486.0,255.0
792,31.68,1316.9057487439054,626.4694728390257,1316.905782392355,626.4695252294814,1345,481,55669.0,133.1164642482869,60.439678688023804,73.86892250703323,74.73949171992281,59.35975783061475,104.50464525548888,0.20577787639955802,132.14498325978852,11.170921051438361,112.54764632130372,149.98419306719347,2.5408680759184397,0.9033539330200939,880.0,16680.0,150.14427352142172,14195588.0,255.0
793,31.72,1316.8364501790293,626.3214002897826,1316.8364672467103,626.3215826562164,1321,480,55628.0,133.0674353425056,60.40953567806998,73.85207015501247,74.72526971664358,59.326000478675155,104.51870566589174,0.2060784697915723,132.09437271033195,11.179273034321428,112.62994971529102,149.12941479949615,2.495991639281492,0.8945379708333829,884.0,16718.0,150.09060166884797,14185121.0,255.0
794,31.76,1316.7925832942499,626.403229086085,1316.7925963215332,626.4034627209148,1321,481,55621.0,133.059062748197,60.436311343239595,73.8073332474771,74.67649900967291,59.35899818510627,104.520055151543,0.20511808972970935,132.09835048296657,11.123767089942463,113.66223690335121,150.02756637348668,2.535966721946557,0.9025750257506088,880.0,16693.0,150.1265302496764,14183332.0,255.0
795,31.8,1316.8020063865974,626.5133868244761,1316.8020131212365,626.5136694526827,1327,481,55635.0,133.07580741004426,60.45856425614079,73.81083506560482,74.69123540170276,59.36747189466002,104.61224143416334,0.20516146807090296,132.10614533809093,11.149662623912699,112.64706995922137,149.13023023888923,2.6074251593502176,0.8966780718079549,883.0,16800.0,150.04280580376985,14186897.0,255.0
796,31.84,1316.843504150606,626.5482241277075,1316.8435090494077,626.5483743417387,1324,481,55639.0,133.08059121216712,60.483180657706136,73.78574824454634,74.6728997059033,59.38442418675452,104.68459366806933,0.2047392772928589,132.11551133577277,11.12107661460496,113.58945629109994,149.21062266096038,2.580519719577058,0.8866725187336788,888.0,16838.0,149.98098611340154,14187929.0,255.0
797,31.88,1316.8587882583033,626.4197984439917,1316.8587975433682,626.4198541823798,1322,481,55686.0,133.1367880115431,60.543011165181575,73.77997723333952,74.67904165349924,59.43048022029038,104.80194374819847,0.20418796352476176,132.1685128837338,11.07419168192443,112.59885344683184,149.55980409674348,2.6283616020049987,0.9015795872650196,881.0,16913.0,149.98561068778366,14199924.0,255.0
798,31.92,1316.8312037213884,626.5212391355058,1316.8312164274294,626.5213157752905,1323,481,55663.0,133.1092904144874,60.51680453845273,73.7796365824388,74.66931410311544,59.415586651587645,104.72103477800286,0.20428374941897798,132.14093311817138,11.102699557480097,113.60586859077796,149.29671524713774,2.627873879342623,0.8951007958312107,884.0,16897.0,150.02018132211862,14194057.0,255.0
799,31.96,1316.887003499171,626.5050920404068,1316.8870184525736,626.505179669796,1323,481,55602.0,133.03633447893523,60.45169697484642,73.77720419314068,74.66855093583813,59.34720740554839,104.7055812408518,0.20519138697970984,132.06468811763077,11.130896960568082,113.55918483651166,149.32334319321308,2.5772597047703534,0.9022667082897711,880.0,16842.0,149.95032118327254,14178501.0,255.0
800,32.0,1316.847471076912,626.5303758272013,1316.8474762187338,626.530434626243,1323,481,55611.0,133.04710098520292,60.418351780107926,73.83310183508266,74.72529852910198,59.31133043652913,104.67200314372697,0.2062750955296596,132.08255155515846,11.200122792191065,112.60028122540005,149.2908938541414,2.5883673437665515,0.9190467398513488,872.0,16870.0,149.99097034851678,14180799.0,255.0
801,32.04,1316.8072903895404,626.4536273287919,1316.8072799755778,626.4537324689784,1322,481,55687.0,133.13798343041236,60.495938492603315,73.8293102372949,74.70798281418953,59.407431589409285,104.60750544357498,0.20480476983075713,132.17863943212885,11.130833948188663,112.64712039143791,149.35843665490864,2.5862882604090256,0.8814715056813542,891.0,16900.0,150.05405747620722,14200174.0,255.0
802,32.08,1316.8813101428293,626.3648984157379,1316.8813659798443,626.3650636822533,1322,480,55667.0,133.11407301331093,60.498610176186496,73.80386953543542,74.69556450171486,59.39415489274938,104.71688105081486,0.20485031087239713,132.1463534575469,11.117227057133144,112.58135169770873,149.26383730181277,2.5357991367199184,0.8871187314715883,888.0,16920.0,150.01505119491767,14195063.0,255.0
803,32.12,1316.8731906979338,626.4967564871314,1316.8731994683717,626.4968748877475,1322,481,55678.0,133.12722427415474,60.502283014378854,73.81883429826821,74.70856816119539,59.40013796626402,104.69722759363667,0.20490862790866293,132.16443770234991,11.144037525078465,112.57764590236773,149.45512893036124,2.6253274403918603,0.8953420065445656,884.0,16998.0,150.05682850192488,14197878.0,255.0
804,32.16,1316.817078612688,626.3721000711055,1316.8172626210016,626.3722454697294,1322,481,55681.0,133.1308107561869,60.52289225429165,73.79763616519638,74.69531414680227,59.41146046770619,104.77467173224936,0.20461596358049972,132.171177297043,11.11233173326054,112.6446717977074,149.3422254159091,2.5905026568844445,0.8953902486872365,884.0,16919.0,150.0135304601587,14198624.0,255.0
805,32.2,1316.8096866565102,626.46735313766,1316.8098267558048,626.4675616418662,1344,480,55644.0,133.0865707230104,60.492400075003424,73.79258760802765,74.69560588354675,59.37375610833938,104.80262028375245,0.20512384355104785,132.12019565104572,11.137038373937322,112.64351058353003,149.34543162861672,2.6219466297679097,0.888752767922226,887.0,16858.0,150.04807352027132,14189189.0,255.0
806,32.24,1316.8846370891476,626.4034726136208,1316.8847465537046,626.4036293796669,1324,481,55712.0,133.1678654145637,60.567415438712885,73.78940921016013,74.70637217172546,59.43270716911474,104.93958830327286,0.2044492933949673,132.21356440114602,11.09739566362262,112.57457258330723,149.15328936745505,2.5501407602563395,0.8958887508281698,884.0,16985.0,149.97849844008195,14206533.0,255.0
807,32.28,1316.78426874461,626.4481841311947,1316.784314429934,626.4483644398139,1324,481,55669.0,133.1164642482869,60.47463466191612,73.83444127179054,74.71959984908732,59.3775004004209,104.6440779490771,0.20532898301989255,132.15018904300746,11.14364219457906,112.67053463842166,149.75156142874243,2.573305960237795,0.8931753783788321,885.0,16985.0,150.01408053316158,14195574.0,255.0
808,32.32,1316.7940419244303,626.473968039352,1316.7940774569383,626.4741810205329,1342,481,55618.0,133.05547433221255,60.4724602374338,73.77814074924079,74.68080359914121,59.35410746839086,104.79770083650787,0.20522939486589298,132.10220150136428,11.134891996841956,112.65850356564297,149.40866766694566,2.5653820020011264,0.9128704010833352,875.0,16857.0,149.91553091964613,14182566.0,255.0
809,32.36,1316.7905836066702,626.3750703892703,1316.7905923783171,626.3753705733332,1327,481,55657.0,133.10211619403816,60.49659372908809,73.7965588422522,74.69337915564667,59.385764793350425,104.757127038201,0.2049393739490365,132.14213147641593,11.13012686341385,112.67079130822361,149.19444289030122,2.5712813535032604,0.9156021255850275,874.0,16971.0,149.8953530504376,14192504.0,255.0
810,32.4,1316.8194906867163,626.3812694775268,1316.8195095661547,626.3813706997216,1321,482,55665.0,133.11168173537854,60.48140911630045,73.82392123256778,74.71522799559494,59.37682123869507,104.69732760595744,0.20529157399886666,132.14070620372726,11.144928781437526,112.64144561986957,149.53615910385642,2.5708929645091616,0.895132957259658,884.0,17018.0,150.10610989056238,14194564.0,255.0
811,32.44,1316.8164201941381,626.4907501697515,1316.8164644558283,626.4908780443966,1316,482,55635.0,133.07580741004426,60.421299437123494,73.84602942529283,74.71188529532296,59.34731403501138,104.47145553388708,0.20565096436233843,132.1073715140589,11.172986958161188,112.63472275580696,149.32377483301786,2.5628199986524884,0.9215558203812773,871.0,16890.0,149.9577703945971,14186909.0,255.0
812,32.48,1316.9155169834012,626.483101235006,1316.9155384781125,626.4832118361044,1327,481,55694.0,133.14635106198006,60.51448348573782,73.82100505251644,74.70660201247307,59.41773400475019,104.67097578925336,0.20465216722305535,132.19014794038353,11.135591335450219,112.53670366449228,149.26506208434273,2.582257331986562,0.8996655778663721,882.0,17052.0,149.96842329826637,14201955.0,255.0
813,32.52,1316.7753439796013,626.5352351062191,1316.7753521632887,626.53537803651,1326,481,55656.0,133.10092045303463,60.457742683821685,73.8232499363104,74.68750194202832,59.38676565735555,104.485357798234,0.20486340936331016,132.13568264999947,11.11157708869696,112.67169192974082,149.29158404240968,2.529274178677383,0.9093324044637169,877.0,16866.0,149.96978292548013,14192266.0,255.0
814,32.56,1316.8260714269868,626.453470037044,1316.8260994487043,626.4538042990284,1326,481,55687.0,133.13798343041236,60.47665972763999,73.86624221266662,74.76765736624068,59.35861792863375,104.75051842463196,0.20609231291181884,132.17097547861007,11.18319724095292,112.62842914237874,149.24144909633887,2.5786783622093745,0.9140029131778863,875.0,17013.0,149.9745511517949,14200151.0,255.0
815,32.6,1316.7924198355454,626.4679289004775,1316.7925572039226,626.4682998670929,1326,481,55678.0,133.12722427415474,60.51820360451709,73.79224497290511,74.68413567425809,59.414040968848724,104.73231350599956,0.20446236094920245,132.16549583328464,11.088677614911386,112.66065669290413,149.27904771776056,2.551167533451682,0.9076208392784,878.0,16863.0,150.00822289715072,14197845.0,255.0
816,32.64,1316.891584227453,626.5019886954801,1316.89166412104,626.5023449713392,1326,481,55651.0,133.09494158687676,60.505047921593864,73.77774912743727,74.67354360357022,59.39595083834536,104.76188428744636,0.20459177411388352,132.13468682583004,11.11199023204367,113.5493015260207,149.720546165108,2.583859914281718,0.8868637527642115,888.0,17006.0,149.9771514806842,14190961.0,255.0
817,32.68,1316.7804391908896,626.4411697724425,1316.7805981402362,626.4414964276739,1326,481,55706.0,133.16069434992536,60.50612029275122,73.84412497596338,74.72979081036523,59.408785139789146,104.65735855210352,0.20501871481822775,132.2019152962259,11.130518422373841,113.66868350737434,149.49622822083887,2.560414974852348,0.889743039498877,887.0,17064.0,150.00129759854102,14204985.0,255.0
818,32.72,1316.8513827766574,626.4857551948138,1316.8515272864402,626.4862714816743,1321,482,55687.0,133.13798343041236,60.50109480578025,73.82530210269087,74.70581140900569,59.41043212242827,104.62527482835527,0.2047414919682351,132.16113338852173,11.135279915929628,113.59156617836715,149.53193185361482,2.5982224953469206,0.8914484664913187,886.0,16942.0,149.9881531195061,14200124.0,255.0
819,32.76,1316.7806350328212,626.3575389502806,1316.780725355144,626.3579243793945,1322,482,55752.0,133.21566264714784,60.591965820141986,73.81157743189405,74.71849638217942,59.47000574508117,104.86714212194165,0.20407919558636978,132.2442384904759,11.087737024599242,112.68227564233024,149.44758061302002,2.617856892529301,0.9006024939348222,882.0,17226.0,150.08324498054458,14216714.0,255.0
820,32.8,1316.7782951155123,626.5384707418103,1316.7784015496645,626.5387595508843,1342,481,55754.0,133.21805205861205,60.511464716823646,73.88695661726548,74.742608543875,59.45134303271986,104.41541625559123,0.20458565480998614,132.24052535894714,11.13178058044738,112.66846640544757,149.65270785447754,2.5603691052436304,0.8885051781929497,888.0,17198.0,150.0080922161848,14217233.0,255.0
821,32.84,1316.731317376114,626.4815600620245,1316.7313550797528,626.4817861761748,1342,481,55672.0,133.12005102021257,60.51086209818437,73.79751722595529,74.69456531936835,59.399999093697545,104.76472167092086,0.20476143291384696,132.14473907252602,11.107761017795905,112.72030138290502,149.9389932284762,2.5398205148523365,0.8812340701472938,891.0,17102.0,149.95467931549305,14196333.0,255.0
822,32.88,1316.8240125751763,626.4602157645154,1316.824032023551,626.4605000987274,1342,481,55709.0,133.16427993051587,60.54307433090387,73.81285150397318,74.71004557530921,59.43239846010059,104.77318082184678,0.2044925417668022,132.19424874129885,11.12611063683114,112.62987823448884,149.5517115496636,2.6042779508518263,0.8857919004497351,889.0,17111.0,149.99328888415604,14205765.0,255.0
823,32.92,1316.8039801186444,626.5357345198895,1316.8039747713428,626.5359292735081,1316,482,55651.0,133.09494158687676,60.48038815859289,73.81378136391287,74.72651123951276,59.34896957003185,104.85855642179274,0.20578428477937305,132.12245045368465,11.160734056698894,112.64312523990361,149.51239030779388,2.4844605967190603,0.8789276516968247,892.0,17040.0,149.95215793428295,14190984.0,255.0
824,32.96,1316.678856805152,626.5822910792406,1316.6788896873877,626.5824469996408,1324,481,55660.0,133.10570335259789,60.53727162610044,73.74358346942027,74.63493192454094,59.434874404366006,104.75901421221374,0.20365875774553965,132.14258137557024,11.051574321453675,113.01295573822352,149.43393931434122,2.529305998031666,0.879069793776307,892.0,17053.0,149.89535585731926,14193276.0,255.0
825,33.0,1316.730631691728,626.5346297201246,1316.7306164986612,626.5348319048389,1307,482,55653.0,133.0973331655691,60.4884437531672,73.79886329916226,74.69214368283441,59.38188043495535,104.72635222475974,0.20497822786946784,132.11955964611357,11.1370789830539,113.1400617136809,149.35864427475582,2.566044279668529,0.8868956251026334,888.0,16852.0,149.96022759618052,14191495.0,255.0
826,33.04,1316.8365571708875,626.4983962411861,1316.836521176386,626.498669734666,1324,481,55628.0,133.0674353425056,60.50586095106844,73.75014500325013,74.64765441602698,59.39504009272033,104.78748568574595,0.20432811241865212,132.10936455446318,11.100983635565518,112.86327840261694,150.10627271485527,2.608619403277717,0.8864972208723573,888.0,16880.0,149.91918284120473,14185113.0,255.0
827,33.08,1316.8570847864755,626.5012983172107,1316.8571094942963,626.5017156202282,1342,481,55665.0,133.11168173537854,60.52149957755942,73.78586187619723,74.69839460853251,59.39154120611573,104.88827711187598,0.20491542666525175,132.1346843407155,11.12753339582142,112.59328395384588,149.60846191241453,2.579329018823144,0.8791487615982416,892.0,16822.0,150.04276117271814,14194528.0,255.0
828,33.12,1316.8505717391456,626.4289988028867,1316.8505410360572,626.4294316425207,1326,481,55634.0,133.07461143264334,60.466909301823776,73.79902896752641,74.67674139700489,59.37952586026297,104.60117216392302,0.204845782643583,132.10002988747024,11.140170737782805,112.60621344832919,149.54981421213563,2.6297947622278923,0.896661954650198,883.0,16883.0,149.98394761921915,14186627.0,255.0
829,33.16,1316.8502058932918,626.5625626541012,1316.8503134937032,626.5630849936224,1326,481,55663.0,133.1092904144874,60.49392534078601,73.7980543278975,74.6707781713274,59.413321006389786,104.57618122258883,0.20432969280071434,132.1451915989733,11.095071116420026,112.84401391288372,149.65313072287117,2.6190542899865097,0.9115243212024804,876.0,16824.0,149.97591721036832,14194003.0,255.0
830,33.2,1316.8048314487544,626.5031875423595,1316.804849552432,626.503523025488,1326,481,55634.0,133.07461143264334,60.50410834880759,73.76347614923469,74.66295692347886,59.39057504474683,104.79513323348552,0.20455099165687352,132.10973197337455,11.11765718178554,112.64516075692178,149.50585091358843,2.6106120294984683,0.896661954650198,883.0,16922.0,150.00999251839272,14186635.0,255.0
831,33.24,1316.7920358261917,626.4408746726206,1316.7920329324634,626.4410649121861,1321,482,55629.0,133.0686313844029,60.488322705134635,73.77329790952822,74.67260063401193,59.37456848417401,104.78229512517015,0.2048680777145715,132.10035477714834,11.124909075962806,112.66345122940142,149.8272062800829,2.5761869094556022,0.8965813688614133,883.0,16840.0,149.9525135486114,14185376.0,255.0
832,33.28,1316.760078862529,626.443284577999,1316.7600933908045,626.4434985632183,1326,481,55680.0,133.12961527291162,60.51707034466561,73.80004151162066,74.69505987843893,59.40883738952113,104.75137299324453,0.204648373182846,132.16371618651482,11.110746543754837,112.69506399542315,149.41162987708321,2.557451510928767,0.9118027092422993,876.0,17021.0,149.91798709303194,14198378.0,255.0
833,33.32,1316.8064878343507,626.4202099898203,1316.8065026046345,626.4203700377223,1321,482,55670.0,133.11765984966692,60.50521456526175,73.80894572969883,74.70457334248604,59.39585996544805,104.7465469318159,0.20492337606768196,132.13024711508584,11.156181855914706,112.65090462147921,149.21307912874337,2.6064322776065887,0.8972421723294481,883.0,17077.0,149.92449823649258,14195831.0,255.0
834,33.36,1316.8715731077386,626.3445519283925,1316.8715864642768,626.3447626224566,1324,481,55734.0,133.19415601507217,60.5631723680243,73.81974031671476,74.71913771365222,59.44999888170309,104.7952464219848,0.20435378805447924,132.226728274838,11.111636989738429,112.84214690883226,149.47842073847596,2.5834989325988986,0.8942182639990987,885.0,17123.0,150.00945194243303,14212148.0,255.0
835,33.4,1316.8746125502066,626.3724332364804,1316.8746294932366,626.3726265112184,1343,480,55667.0,133.11407301331093,60.53158096630568,73.77149068454813,74.66405490089667,59.42713216920937,104.75271712562305,0.20407306771526967,132.14424159517696,11.101915249667234,112.58734380969165,149.6476005334231,2.6448141774445126,0.8772124022847004,893.0,17077.0,149.91219604221996,14195065.0,255.0
836,33.44,1316.7550254923344,626.5214800884864,1316.7551672742293,626.5216836963743,1326,481,55687.0,133.13798343041236,60.508681744632064,73.81934246995434,74.70163715870308,59.41600201106639,104.64460726702315,0.20462249194301418,132.1631321592654,11.127711941672413,112.69314683070775,149.91250574693325,2.6073524824351897,0.875565515569643,894.0,17181.0,149.96898602598048,14200151.0,255.0
837,33.48,1316.80705094129,626.4161884782346,1316.8070836473248,626.4164065023145,1343,480,55734.0,133.19415601507217,60.52858012942479,73.85037678902691,74.72421385939907,59.44643830760791,104.57626105270701,0.204455487220485,132.22422851283798,11.123215937358516,112.65070367556109,150.06363470769216,2.620045486840899,0.8704527289909684,897.0,17173.0,150.00168853272277,14212145.0,255.0
838,33.52,1316.7702992939596,626.4409736912227,1316.7705512659363,626.441443706231,1324,481,55690.0,133.14156962262126,60.520592873984235,73.80836180531625,74.69813863965084,59.418890245228596,104.71041040391228,0.20454657468950366,132.16874584985933,11.104178071222938,112.93437358553872,149.8355362611449,2.6076646884542702,0.8874852633634425,888.0,17096.0,149.96223088991442,14200888.0,255.0
839,33.56,1316.8049363552195,626.5128792066546,1316.8049936278294,626.5131482113047,1342,481,55711.0,133.1666702639409,60.550149800426716,73.81468043350407,74.72586208153449,59.42199276804783,104.87807819862381,0.20480017074662027,132.19204561913702,11.138038080850205,113.63312670194576,149.96827486353678,2.6253303835138317,0.8798752655600401,892.0,17086.0,150.03333054383708,14206271.0,255.0
840,33.6,1316.7722863752701,626.3424116836916,1316.772237655704,626.3427009588672,1320,480,55795.0,133.26702555255218,60.563929699315,73.90285071499677,74.80178248789288,59.4500989154823,104.75436663622754,0.20523152071804363,132.28361950307198,11.168006705120815,113.68786978485366,149.7498739130646,2.5719275094777685,0.8675325178119924,899.0,17177.0,150.18621749005638,14227695.0,255.0
841,33.64,1316.8174740770664,626.5035492274196,1316.8175322693571,626.5039405418021,1321,480,55703.0,133.15710867278432,60.55018936577492,73.7841554525614,74.67654755210305,59.4461123520911,104.75398303275622,0.20395205321169174,132.19733726294743,11.05820476049152,113.62222488453874,149.53071985074808,2.520746305394775,0.8797489170449448,892.0,17130.0,150.06103808914241,14204218.0,255.0
842,33.68,1316.8010718101395,626.5123362359853,1316.8011696955562,626.5127823325738,1321,480,55741.0,133.20252011794176,60.54457784063564,73.8414604133085,74.72652464057491,59.44874848987609,104.67109677406688,0.20444917282294317,132.24070504467525,11.10706542919846,113.63702828863201,149.50634517439033,2.544478153947059,0.8744571822539804,895.0,17050.0,150.10768748191592,14213898.0,255.0
843,33.72,1316.7596859354855,626.497291118279,1316.7597646087877,626.4977662952797,1321,480,55737.0,133.19774069490046,60.5440857736958,73.84963237501705,74.75203108081045,59.426327274965836,104.79515297097389,0.20502056712381256,132.235166687489,11.14619714537151,113.36432344545875,149.44629711633596,2.5848089748868683,0.8822629574615556,891.0,16983.0,150.05927856673296,14212876.0,255.0
844,33.76,1316.8827900533277,626.4442573964172,1316.8827604774297,626.4446019922822,1345,481,55715.0,133.17145080207658,60.53637773647074,73.81719449316834,74.70282223476086,59.4400503234699,104.68263420949758,0.2043131899799745,132.21858330075048,11.094838561270322,113.56714751395107,149.54632468188552,2.557420505007941,0.897967444428511,883.0,17089.0,149.9274737345661,14207284.0,255.0
845,33.8,1316.787744443146,626.3871738001151,1316.78771561395,626.3874499667941,1342,481,55713.0,133.16906055446037,60.56342321568464,73.78998315283656,74.68652927416629,59.45428655931491,104.78794826484116,0.2039489967318664,132.19731247406432,11.068976203765581,113.66848353661373,149.33736426129906,2.5941938533878646,0.8979352101129972,883.0,17165.0,149.96523788345414,14206780.0,255.0
846,33.84,1316.7770080918688,626.5249107569839,1316.7769564749362,626.5252072194912,1345,481,55738.0,133.19893556673838,60.56501406366459,73.82002068761489,74.71824371702424,59.45334674091231,104.78729502571086,0.2042994617743389,132.23492952423106,11.091109849001452,112.67094790515279,149.66990416359158,2.5746602814111275,0.8922648845384582,886.0,17130.0,149.9899417575588,14213157.0,255.0
847,33.88,1316.8748388553852,626.4678187441009,1316.8747891922926,626.4680648749506,1342,481,55738.0,133.19893556673838,60.562066574555175,73.84127658521807,74.76494312365413,59.418021805108,104.96189184870394,0.2052689492876867,132.23051363728987,11.16558619351201,113.57125426134067,149.57061962944195,2.596975902247905,0.8744101186644007,895.0,17076.0,150.02270400286505,14213165.0,255.0
848,33.92,1316.7817233728128,626.4352527282149,1316.7816993698723,626.4353805001526,1342,481,55703.0,133.15710867278432,60.53047239463339,73.82510284340604,74.73080679714185,59.4086728820398,104.82447219254264,0.20503102497868464,132.18425958019358,11.135954488914782,112.6742240005602,150.1071132867953,2.6067884529240057,0.8917045976433625,886.0,17059.0,149.99800182218183,14204251.0,255.0
849,33.96,1316.806188066491,626.4541246974657,1316.806341060791,626.4544965190555,1321,480,55732.0,133.19176617492172,60.54984564402332,73.82372707899779,74.70862155577696,59.454590677130206,104.68020218479907,0.2041803283341026,132.22413858916826,11.08545013630205,112.64817391699538,150.1107614285248,2.5815449696445016,0.8841673615445845,890.0,17092.0,150.02799535574295,14211612.0,255.0
850,34.0,1316.7502364332454,626.5524883212786,1316.7502917781408,626.5527265545041,1344,480,55693.0,133.14515571823804,60.468278740937585,73.86658897060957,74.74271127493488,59.38192327060841,104.55965511091823,0.20551553111076049,132.16509401485882,11.158127365139201,112.69517581204673,149.872977049484,2.5291118982279315,0.8915445156733351,886.0,17077.0,150.00187399108512,14201683.0,255.0
851,34.04,1316.7524016283141,626.4739144906181,1316.7525227133983,626.4742342083528,1327,481,55694.0,133.14635106198006,60.51309807313419,73.82734477712278,74.72239015468485,59.40434567285435,104.73741126944628,0.2049993910810427,132.17610196660664,11.129531712239315,112.6999814514786,149.95051734505773,2.594762114158058,0.8737198526838984,895.0,17148.0,150.05675459273104,14201927.0,255.0
852,34.08,1316.8346685166093,626.5201708447102,1316.8347841694338,626.5204343534058,1319,482,55715.0,133.17145080207658,60.53407720270448,73.84150696721841,74.76033001918994,59.39558661545955,104.91415341547365,0.20552000505865176,132.19315350198605,11.160027011275268,113.5353230048449,149.74089400312494,2.605360072353939,0.8799384398175879,892.0,17202.0,150.13062915082617,14207288.0,255.0
853,34.12,1316.7127231594259,626.4959936455666,1316.7128127750534,626.4962368198883,1322,480,55671.0,133.11885544030872,60.496387442464176,73.81366965479428,74.71025684956815,59.38558952277386,104.74755369287575,0.20512133103291386,132.13751477354538,11.126526157381637,112.7375395412522,149.78276205815843,2.5319994522533364,0.8812182411116899,891.0,16975.0,150.00651909153316,14196073.0,255.0
854,34.16,1316.6812773049435,626.561364124731,1316.681264246101,626.5614982859809,1343,480,55717.0,133.1738410067918,60.53868850044152,73.82592576232777,74.73074883084689,59.41813947944766,104.82131649486594,0.20490373227838699,132.20058285346306,11.118608971031765,112.7602369061278,149.440444310453,2.5455507774679393,0.9082565879175725,878.0,16863.0,150.04567253082584,14207821.0,255.0
855,34.2,1316.827751644455,626.4040839742838,1316.8278036249976,626.4041387486752,1321,481,55669.0,133.1164642482869,60.53079430867343,73.78694435378598,74.7056386006001,59.39324690555459,104.93677658635201,0.20496969147014965,132.1374581343706,11.137238549578463,112.64079502283285,149.4109942381647,2.622285324172345,0.8871506038100103,888.0,16954.0,150.06840150226589,14195584.0,255.0
856,34.24,1316.8055421922393,626.5056147871398,1316.805511669659,626.5058348294435,1343,480,55700.0,133.15352289908495,60.52579220454462,73.81463327907912,74.70496002389558,59.423400743653275,104.71394791504939,0.20455883083739357,132.19417521581988,11.10445949425584,112.64423748943219,149.307091211058,2.575173376102907,0.8876446250555529,888.0,17010.0,150.08761786404088,14203477.0,255.0
857,34.28,1316.7642157191071,626.4777056323246,1316.76419245344,626.4779188592158,1342,481,55681.0,133.1308107561869,60.48319830108058,73.83902671906874,74.72638678710243,59.383383713725415,104.66210924869517,0.2053224266963376,132.16443369494596,11.142454427151705,113.61047063822143,149.591177995119,2.5108043928594994,0.9035486598374652,880.0,16930.0,149.9975078315114,14198631.0,255.0
858,34.32,1316.8259726465465,626.5090601510193,1316.8259823288556,626.509428201997,1321,482,55684.0,133.1343971416035,60.50839095042603,73.82571107695874,74.73220022166139,59.38517695063055,104.82008837157632,0.20536024933710495,132.1671574467334,11.14740867558212,113.545321038881,149.93006812599387,2.5788337317297145,0.8834058594747838,890.0,16991.0,150.050239531894,14199377.0,255.0
859,34.36,1316.811015523651,626.4887889044008,1316.811026165608,626.4889092279531,1322,481,55722.0,133.17981633090346,60.53428938401027,73.84009142335745,74.74065604150977,59.41879860045653,104.78166539364061,0.20500030709582906,132.21240922508008,11.129233231083198,113.56266317424526,149.41270250688237,2.586677453749777,0.8920087533864144,886.0,17070.0,150.19581205534442,14209093.0,255.0
860,34.4,1316.7035220572482,626.4771411354653,1316.7036297934308,626.477248620175,1321,481,55623.0,133.06145497175729,60.44409412724181,73.8240098569157,74.72973251931847,59.320654276634286,104.78670325201823,0.20619742267511487,132.0894531193347,11.184986430865091,112.7483780874174,149.9380369164043,2.5847769704864545,0.8964846659148715,883.0,16922.0,150.01646828223136,14183841.0,255.0
861,34.44,1316.7843315083257,626.4721231500595,1316.7843151349603,626.4722711425799,1316,482,55646.0,133.0889624521253,60.46639791412019,73.82430407177064,74.72052379674938,59.35534071951217,104.72675171031746,0.20563537695523548,132.1230527460285,11.169165402096445,112.66833915682429,149.2088394689275,2.6145525487680645,0.9029807066201324,880.0,16945.0,150.02802890994585,14189713.0,255.0
862,34.48,1316.804749945516,626.4526186022551,1316.804782952422,626.4529071438839,1318,482,55656.0,133.10092045303463,60.49252508603678,73.80290495439655,74.68932588374251,59.39460387968415,104.67555353500562,0.2047778825566765,132.12840465856044,11.136037396203632,112.64974054610266,149.56482365216323,2.6475493245561115,0.884949182563508,889.0,16895.0,150.05665057019274,14192247.0,255.0
863,34.52,1316.8290798351775,626.4201152178937,1316.8291469024005,626.4204398447607,1322,481,55656.0,133.10092045303463,60.51673470538725,73.77068495569881,74.6557587729256,59.42143401394762,104.69088927257,0.2040609459923245,132.13880585618094,11.091644212934098,113.55323449133252,149.40042438621768,2.6634843706826508,0.8929668012547788,885.0,16953.0,149.97531494565467,14192240.0,255.0
864,34.56,1316.8394573387716,626.466628636824,1316.8396160276116,626.4669147387154,1322,481,55629.0,133.0686313844029,60.466332370913065,73.79404051799614,74.67760384505739,59.37165359261989,104.64675190990597,0.20496038255585425,132.10275622077708,11.13332931503161,113.6063743812722,149.56020171249907,2.621909956956281,0.9027048436288564,880.0,16783.0,149.94057811565915,14185351.0,255.0
865,34.6,1316.785060986776,626.5433982455913,1316.7852473149178,626.5437874923668,1320,482,55678.0,133.12722427415474,60.53136748489277,73.77878173774073,74.67743940344546,59.419147826614356,104.79427868697401,0.20432264012693402,132.15377678336338,11.079685908960412,113.64792502282084,150.05222206090622,2.5600377709264195,0.9034999781331224,880.0,16732.0,149.9852724765413,14197832.0,255.0
866,34.64,1316.754053656299,626.5378629980801,1316.7541004221684,626.5382376717866,1323,481,55665.0,133.11168173537854,60.51194383400541,73.78311140225621,74.67316105293294,59.41011608413431,104.72004855311123,0.2043980026234492,132.14033459365064,11.099406305475767,113.61314421951332,149.38285866033402,2.5737687611788105,0.8971615865406634,883.0,16659.0,150.10073444087962,14194531.0,255.0
867,34.68,1316.7116861772693,626.4878827275631,1316.7117483146067,626.488197752809,1323,481,55625.0,133.06384715231013,60.45185374731975,73.79745857697456,74.67534354777723,59.364000706902,104.59654388381145,0.2050388001372776,132.08605683559028,11.11198171802554,113.72915377814428,149.53183878753762,2.5504707393796786,0.9046948911897361,879.0,16632.0,150.02319687839622,14184339.0,255.0
868,34.72,1316.725753301956,626.5277489051033,1316.7258203644467,626.5280343600618,1343,480,55646.0,133.0889624521253,60.46145875538234,73.81209805640287,74.68530847497809,59.37944520045804,104.55925514650264,0.20493807399413744,132.11079940026576,11.123307288156896,112.72174795288569,149.38874013812762,2.551405014182432,0.87884868387489,892.0,16892.0,149.96004772248338,14189695.0,255.0
869,34.76,1316.886431428084,626.4549590541337,1316.8864868747082,626.4553811900744,1322,481,55694.0,133.14635106198006,60.495605021209364,73.86254260330429,74.76766140527504,59.3733124786992,104.78767452761473,0.20589581962623393,132.17136321626117,11.20948704481651,113.56185179198707,149.58406690082256,2.6602141480591825,0.8776378740159179,893.0,17041.0,150.104784963295,14201922.0,255.0
870,34.8,1316.735247685455,626.565359888521,1316.7353131168131,626.5656737843173,1323,481,55730.0,133.18937629188994,60.507620144443344,73.88574406007999,74.77896396217007,59.40018366638575,104.69515630096589,0.2056565039275523,132.2182611996853,11.184078551613075,112.95827372046323,149.7376355016093,2.643532180926851,0.8881227101318845,888.0,17065.0,150.08404622312037,14211109.0,255.0
871,34.84,1316.751877988173,626.5666940059593,1316.7519942508084,626.5670858785484,1323,481,55660.0,133.10570335259789,60.48037455230842,73.80470115480702,74.67630341325166,59.40083608056259,104.55882117275127,0.2045557510815187,132.13080594808045,11.098567581475129,112.69228781228267,149.43333940260072,2.511964792555292,0.8950525536885398,884.0,17191.0,149.9027635770686,14193247.0,255.0
872,34.88,1316.8560032926543,626.6237946419544,1316.8560803406212,626.6241129655247,1322,482,55663.0,133.1092904144874,60.50315493276582,73.79343410205311,74.68472939087894,59.399443340855505,104.720674609544,0.2046641418491929,132.14662440351813,11.127529902647074,113.5651959311129,149.86896700384642,2.551760497219643,0.9094467735673399,877.0,17088.0,149.87074095860535,14194019.0,255.0
873,34.92,1316.7219511173803,626.5743787842248,1316.7219795430442,626.5745923888619,1322,482,55629.0,133.0686313844029,60.488881816738946,73.76395758190631,74.65481878599863,59.385893052259405,104.72449786018419,0.20452699480134406,132.09903449088836,11.099549143888279,112.72141991059581,149.40626671800788,2.546877265293255,0.9068220781676445,878.0,16962.0,149.88527745971098,14185369.0,255.0
874,34.96,1316.8222441904013,626.5394388977925,1316.8223551818312,626.5397082075608,1322,482,55656.0,133.10092045303463,60.487774900484595,73.8034931446168,74.69346641960564,59.38528931463107,104.6995116886512,0.20494666854765842,132.1430266392519,11.131329878259303,113.61183652094329,149.9367011924338,2.5632534991570033,0.9010938747409032,881.0,16952.0,149.96320408179386,14192245.0,255.0
875,35.0,1316.8286378742969,626.4578310513341,1316.8286837570013,626.4579563406578,1321,482,55704.0,133.1583039092263,60.526623628911835,73.8260897337015,74.72613919880393,59.411849102055996,104.78083297337042,0.20493886424408048,132.1883120455574,11.13006665782687,112.6254841575405,149.57693634825816,2.5865609844890236,0.889711095254469,887.0,17077.0,149.99867186139323,14204504.0,255.0
876,35.04,1316.82012973924,626.4912295707338,1316.8201433678878,626.4912955211009,1323,481,55661.0,133.10689905063512,60.45662633764125,73.8539484468826,74.73890300370073,59.35912522205314,104.62590620333766,0.20578008458173458,132.13582093707242,11.195024367326875,112.63098546834676,149.9464519099558,2.6037708496482375,0.8930470232255686,885.0,16916.0,150.03544971795208,14193547.0,255.0
877,35.08,1316.7727603876592,626.4964583991771,1316.7728244274808,626.4965603951505,1321,482,55675.0,133.12363769549924,60.46520364141776,73.8638230465782,74.75179652238411,59.36391263326921,104.64760373141712,0.20585303103059294,132.15493913335663,11.201318924565085,112.67770091907575,149.93227236424906,2.647524070787135,0.8872462208252766,888.0,17076.0,150.05695874045824,14197111.0,255.0
878,35.12,1316.8066039925532,626.4923865949182,1316.8066138564063,626.4926083598283,1322,481,55671.0,133.11885544030872,60.463345601129326,73.85790816413694,74.74956213243638,59.357474008525024,104.67663270650476,0.20591542859663392,132.1546221215925,11.182866141189113,112.64435426918632,149.62678819236302,2.587385019176891,0.8772754351337696,893.0,17068.0,150.10821074559752,14196079.0,255.0
879,35.16,1316.7657484016381,626.5629216953198,1316.765752342656,626.5630452733997,1322,481,55706.0,133.16069434992536,60.52572227189697,73.81165719788717,74.68405748505748,59.445902738555866,104.58165153771618,0.2040349073100428,132.19402224540258,11.087308604426399,113.66391188153881,149.5078133092217,2.5844389492553974,0.8937690209626761,885.0,17087.0,149.98239567069893,14205013.0,255.0
880,35.2,1316.7466496786617,626.510906774363,1316.7466424551878,626.5110479854732,1342,481,55621.0,133.059062748197,60.42729881459065,73.8238135191994,74.70012367732744,59.34058819338868,104.56223920342347,0.20561593110990517,132.08536044438065,11.146140891181728,113.62380805015852,149.55524541455938,2.574483068728209,0.8924052474592505,885.0,17001.0,149.9492886959217,14183341.0,255.0
881,35.24,1316.6757622911066,626.4792316305027,1316.6757456447872,626.4793520665912,1307,482,55623.0,133.06145497175729,60.476662924286245,73.75975983640092,74.62972440027036,59.39977412011742,104.5650895142654,0.20407351631728343,132.0964728694263,11.075509942450143,112.77584088675111,149.14814641025873,2.554287099255695,0.904662362834098,879.0,17060.0,149.86558742944138,14183853.0,255.0
882,35.28,1316.71477138275,626.3952217446513,1316.7149193693208,626.3957188521351,1324,481,55686.0,133.1367880115431,60.49646929301484,73.83559328244162,74.72185233560519,59.39833681027473,104.66134525817984,0.2050740853760763,132.15581470104962,11.15222948070221,112.74448567262287,149.79129687302756,2.60872950534543,0.8894235970547961,887.0,17082.0,150.02759859228343,14199869.0,255.0
883,35.32,1316.7205667267299,626.4165593101927,1316.7205686999605,626.4167235127275,1324,481,55706.0,133.16069434992536,60.50505814791135,73.84262234386512,74.72529694135069,59.41148822515546,104.63534491655048,0.20493473218600278,132.1815474897216,11.127259286934857,113.73170334296267,149.1975542085955,2.518847520478768,0.889743039498877,887.0,17093.0,150.02760669299485,14205012.0,255.0
884,35.36,1316.7942142568684,626.52964618953,1316.7942920815212,626.5299414111641,1307,482,55642.0,133.08417895091242,60.46262115939305,73.81218176860823,74.68748379512039,59.37799676024761,104.57537683620014,0.20498062402087514,132.1137030873566,11.14067264719874,113.6410607852743,149.28188412742082,2.5872703677521574,0.8787855096173424,892.0,16937.0,150.00479913439503,14188670.0,255.0
885,35.4,1316.739717802377,626.4198346510298,1316.7397730129655,626.4199978450598,1307,482,55686.0,133.1367880115431,60.49921479576393,73.82224730402537,74.69580257263996,59.417306114884205,104.57386714112954,0.20454290511033424,132.15159348507606,11.118623140567308,112.71743732433255,149.40197039266585,2.5725271484480525,0.8874215186865982,888.0,17005.0,150.02780548310358,14199907.0,255.0
886,35.44,1316.809235380045,626.3961337364116,1316.809352776381,626.3962897780332,1325,481,55684.0,133.1343971416035,60.50605708913508,73.82277608902514,74.70613406392363,59.41194111613494,104.64980993276698,0.20472472762011673,132.15991591719427,11.142445661731914,113.64628198877966,149.41577937062698,2.6609647604461277,0.9077186467613496,878.0,17018.0,149.99531594118827,14199394.0,255.0
887,35.48,1316.8713007117383,626.4543673580108,1316.8713164652431,626.4545585145545,1325,481,55687.0,133.13798343041236,60.501871117821345,73.82167344569565,74.69233666330022,59.423654573381874,104.55360558194194,0.2044209991547976,132.1754527885676,11.132971510495276,113.57688360565683,149.37007095462522,2.6036517258973766,0.9181955815902809,873.0,16987.0,149.95362834135182,14200164.0,255.0
888,35.52,1316.8313008177315,626.5859425059169,1316.831417899727,626.5863740841833,1323,481,55688.0,133.13917883854825,60.4962110920737,73.83342508533109,74.71095758389312,59.40908207694899,104.59726815513221,0.2048143405170736,132.16730176415024,11.138028440789926,112.61148211943615,150.01935359772875,2.60545012649251,0.873625725504739,895.0,16890.0,150.0271675951915,14200383.0,255.0
889,35.56,1316.9333074507297,626.4888561860068,1316.9333644826222,626.4890019048988,1325,481,55646.0,133.0889624521253,60.500050963392134,73.76176617229517,74.63226288859168,59.422888280169744,104.57851429992385,0.2037908810446487,132.1262407854952,11.063645301529606,113.51019069666091,149.986168454422,2.5678071448339455,0.8887847121666341,887.0,16875.0,149.95512966355705,14189711.0,255.0
890,35.6,1316.8326099072324,626.5051033590639,1316.8325908894956,626.5052629688173,1326,481,55672.0,133.12005102021257,60.535682823102256,73.75464108174216,74.63087783340295,59.45206514303378,104.64063582442185,0.20338515546142355,132.16200913368274,11.045937687586154,113.61336385636702,149.6243132112942,2.57277009508487,0.8832154839573334,890.0,17012.0,150.03122429513755,14196336.0,255.0
891,35.64,1316.8388018396563,626.5280436167512,1316.8390781887092,626.5282991755429,1322,481,55673.0,133.12124658937873,60.512571688094255,73.78848668325357,74.67346100398142,59.41705412588462,104.68022011362588,0.2043082866787621,132.16462993663825,11.084507148602437,113.59728995631203,149.2997611754974,2.5369807461080454,0.8932395559554639,885.0,17074.0,149.98224187188728,14196564.0,255.0
892,35.68,1316.9355592084548,626.4712520147807,1316.9356768213825,626.4713141255927,1322,481,55672.0,133.12005102021257,60.52422359833979,73.78473214688437,74.68201948842902,59.41350271865149,104.77826997098323,0.20444702586200392,132.1597068339114,11.104829588225051,113.51380436927562,149.1450199313532,2.5772918245866228,0.8852035879631236,889.0,16967.0,149.99514458895527,14196334.0,255.0
893,35.72,1316.9022450728194,626.5152266297684,1316.9024254401725,626.5154150197628,1322,481,55660.0,133.10570335259789,60.49571491637155,73.79531208052461,74.67379743482822,59.4079421034525,104.62131793190886,0.20443389590169214,132.14380457339044,11.11036800197379,112.54706794005608,149.15211350420813,2.602210671893685,0.8890083218774907,887.0,16959.0,149.97553698038826,14193259.0,255.0
894,35.76,1316.8828473561416,626.519524807075,1316.8828872493582,626.519665392141,1322,481,55707.0,133.16188955418298,60.50835588575964,73.8394872994958,74.71361300045197,59.42564302612837,104.57441796447817,0.20462094336451264,132.19588802997487,11.116461098259451,112.56600711030993,149.6108469223503,2.6173145736926036,0.8978385071664554,883.0,17081.0,150.04999491319884,14205262.0,255.0
895,35.8,1316.8864908185499,626.4615989136507,1316.8865378057753,626.4617634918071,1343,481,55719.0,133.17623116860844,60.48171988198268,73.90007223491433,74.78822898029898,59.37996229536141,104.63997097154697,0.20602529161369076,132.20412933317013,11.202688693215876,112.56752852376965,149.90430029842923,2.6117179991083783,0.8919607287954063,886.0,17187.0,150.09259979564206,14208322.0,255.0
896,35.84,1316.8979676984684,626.4428408154829,1316.898023658655,626.4430343391552,1322,481,55709.0,133.16427993051587,60.517829920440946,73.83668347432189,74.72917949002806,59.41223188463623,104.71646570161754,0.204966088346196,132.19172941164578,11.12585547095049,113.55238886978509,149.4024256696383,2.549154829194037,0.8857919004497351,889.0,17213.0,150.07723883461497,14205766.0,255.0
897,35.88,1316.925252415089,626.4907821966842,1316.9253170924508,626.4909273831339,1326,481,55662.0,133.10809473793154,60.46355236776446,73.83191032576298,74.70297030942987,59.383990891732246,104.5352015977268,0.2050651982678109,132.14757710461274,11.138992775134147,113.51783778178184,149.25602521429965,2.5640288052798366,0.9094304351239653,877.0,17039.0,149.98336739156943,14193783.0,255.0
898,35.92,1316.9260144852374,626.4997668642702,1316.9260515360322,626.5000179443009,1322,481,55728.0,133.18698636597455,60.5678920240687,73.8012251530817,74.69603493701032,59.46085050706926,104.77198691069253,0.20396242508439155,132.2304954265571,11.091149696882656,113.51566048268597,149.43875375643216,2.583882444090545,0.9022595847987827,881.0,17121.0,149.92975011520346,14210606.0,255.0
899,35.96,1316.9591848191083,626.4690637175265,1316.9592470858702,626.4695116475384,1319,482,55677.0,133.12602875867256,60.51234562271631,73.80119632100204,74.68923620734934,59.41278099817358,104.6971232272559,0.2045335577775338,132.16137606635837,11.117390461999443,113.4877850675172,149.39586229521032,2.5856081560434787,0.9201374788208005,872.0,16953.0,149.94082809774827,14197585.0,255.0
900,36.0,1316.8986247776843,626.4971231937109,1316.8988402987218,626.497468763464,1307,482,55704.0,133.1583039092263,60.50298865998649,73.83718232389023,74.71610028437696,59.41418592067714,104.60890094602308,0.20480076322853047,132.20005274734365,11.116967428026433,113.54831087466681,149.7265619077383,2.520811343500354,0.8998271151195533,882.0,16911.0,150.0184463348867,14204467.0,255.0
901,36.04,1316.8569175290697,626.37418835875,1316.8569298481991,626.3744722895894,1322,480,55665.0,133.11168173537854,60.475543850332045,73.81981404650337,74.69514756352234,59.39100336176678,104.5778639652885,0.20488806436509943,132.14417594201194,11.120617511583621,112.60480842720933,149.59337094182737,2.5065735336313573,0.895132957259658,884.0,16942.0,149.98091172107334,14194541.0,255.0
902,36.08,1316.903769840291,626.36541451681,1316.903851337994,626.3656884064483,1321,481,55643.0,133.08537484233443,60.50693638106633,73.75231882484998,74.63260965056534,59.417736905835376,104.65922553731185,0.20386360353693878,132.11973696941158,11.053984860287754,113.55486393897489,149.58909610285275,2.5438568016996275,0.8927582241307254,885.0,17021.0,149.95824000656478,14188930.0,255.0
903,36.12,1316.8439853952846,626.417516960109,1316.844085345029,626.4178275483976,1342,481,55633.0,133.07341544449375,60.47216961851324,73.78191483129679,74.65847811659495,59.386580132693965,104.60260231244328,0.20455678134840494,132.10603623481347,11.097310883016165,113.60970963022943,149.40246751454058,2.5308900344656857,0.8986802006219681,882.0,16876.0,149.9282172487665,14186377.0,255.0
904,36.16,1316.85086492223,626.3945074271971,1316.8509139272812,626.3946871798559,1343,480,55639.0,133.08059121216712,60.46704934406542,73.79611404085598,74.67789445225557,59.37459544356022,104.63287105370102,0.20492408256742345,132.1086484331369,11.101099319797623,113.60496397496513,150.30449685268732,2.50815221174094,0.8926940465540937,885.0,17033.0,149.9648246026168,14187923.0,255.0
905,36.2,1316.8509851800006,626.4740024685899,1316.8510229029591,626.474112824938,1343,480,55626.0,133.06504322645952,60.47073045538355,73.77326405680412,74.65024922905792,59.384712017842915,104.60901784131066,0.20449412250954457,132.0979878601041,11.077378147881587,112.6017860550534,149.44186190995657,2.5292009449508774,0.9006081622167865,881.0,16973.0,149.87696963448317,14184616.0,255.0
906,36.24,1316.8466247004255,626.4642191209477,1316.8466786355475,626.464380610413,1343,480,55700.0,133.15352289908495,60.54553205200296,73.78210058869196,74.6652246447553,59.453040691693836,104.68400680690624,0.20373854127458269,132.18509949410566,11.058221398638672,113.5996807132298,149.13698878061018,2.5474442531106147,0.9018062531096073,881.0,17032.0,149.93117082166293,14203480.0,255.0
907,36.28,1316.87455111243,626.4387765485085,1316.8745555755072,626.438875920273,1307,482,55690.0,133.14156962262126,60.553884132450584,73.76687689529079,74.66671540762377,59.440782470019336,104.81852837173133,0.2039186115859304,132.16639301871086,11.057650838034181,112.58145719170663,149.189860326859,2.527328803309693,0.891496491082327,886.0,16945.0,150.01877006096356,14200939.0,255.0
908,36.32,1316.8674412791754,626.46860905019,1316.8674529828472,626.4687331439462,1306,482,55618.0,133.05547433221255,60.483902347099374,73.74813070060279,74.62385504847772,59.400079820404535,104.61675418206585,0.20400681817072308,132.0947422648639,11.069370654054055,112.5858765005002,149.2202572118267,2.5672443486530097,0.9066427644489035,878.0,16966.0,149.92440258219082,14182575.0,255.0
909,36.36,1316.8884484747934,626.4515495542694,1316.8884814495254,626.4516645096347,1344,480,55632.0,133.0722194455952,60.45268819058344,73.81092642272876,74.69701004264631,59.35433479989629,104.6518491812011,0.2053987868321706,132.1070694607775,11.14679271435353,112.5664753034925,149.17317420871922,2.520857553926746,0.9048087404344701,879.0,16916.0,149.94629668205553,14186144.0,255.0
910,36.4,1316.8209733823892,626.4808368835204,1316.8209805542576,626.4810215304985,1342,481,55642.0,133.08417895091242,60.48200915636391,73.78388363438818,74.66569095213947,59.38997819837132,104.64519174465958,0.20458811214323125,132.1213510450531,11.101714683570039,113.62236926781186,149.46982782077143,2.532882419028028,0.9259191003298277,869.0,16790.0,149.9088675211732,14188689.0,255.0
911,36.44,1316.939098377473,626.3833281048016,1316.9390905823147,626.3835370237239,1343,480,55640.0,133.08178713582905,60.495817952381934,73.77353913115371,74.6723592495045,59.38280752689742,104.78197800315371,0.2047551714754282,132.11369967574592,11.105140079526405,113.51808040836666,149.46511426594316,2.543215355547316,0.9237585691411605,870.0,16787.0,150.08403698956556,14188177.0,255.0
912,36.48,1316.86750253508,626.4462451609115,1316.867508681024,626.4465374858314,1343,480,55581.0,133.01120924185778,60.417621590424346,73.77943078146879,74.65068459488474,59.33775100723227,104.54000604760449,0.20512783868966356,132.04854102255177,11.118862738029518,113.58380235374673,149.19935831843455,2.5472779855302217,0.8998795934306119,881.0,16860.0,149.890742625044,14173124.0,255.0
913,36.52,1316.7676465965246,626.4594054869775,1316.767636644679,626.4596401675144,1307,482,55637.0,133.0781993326013,60.49021013945726,73.76778121376913,74.65547330880693,59.39117251710243,104.69986398230475,0.20446325118809217,132.11299285424357,11.078189523625412,113.67841792910485,149.46878456507406,2.520977154184938,0.9194764248999207,872.0,16906.0,149.89838328355432,14187410.0,255.0
914,36.56,1316.8374370865724,626.5750442300034,1316.8374959571638,626.5754483056025,1307,482,55654.0,133.0985289388004,60.49629082700237,73.77338505662144,74.64239000861946,59.420763713864645,104.56039440763557,0.20392737013106188,132.13131627923474,11.058768606680866,113.60242441393558,149.30807245042604,2.5349524012655933,0.9092997275769674,877.0,16935.0,149.89379381430834,14191724.0,255.0
915,36.6,1316.8129221732124,626.5062589902609,1316.81293348187,626.5064865059115,1342,481,55654.0,133.0985289388004,60.464946318591785,73.80909722454032,74.67313346309615,59.39457639561428,104.49318853662575,0.20460581147344792,132.14681725122685,11.097893906514123,113.6328727058682,149.65321564410843,2.515438234840738,0.9197573728162945,872.0,16906.0,149.93666386476363,14191746.0,255.0
916,36.64,1316.8426531964726,626.5208972714127,1316.8426598575847,626.5211105516795,1343,480,55612.0,133.04829720989656,60.44030935871766,73.7914737374654,74.65828543521224,59.36626152621467,104.51118974676871,0.20482688317652087,132.08230557342011,11.125487097911682,112.60591946104539,149.27795177956799,2.5587875196204632,0.900381496372199,881.0,16977.0,149.87181354420045,14181038.0,255.0
917,36.68,1316.8117532597512,626.5132953316636,1316.8117763394462,626.5136641495865,1307,482,55620.0,133.0578666202883,60.436399049942054,73.80673447631393,74.67883044293691,59.35540976066143,104.54233354039668,0.2051909569470871,132.08257729914476,11.13743040923745,113.63341848688977,149.30107028406266,2.5267224806663178,0.9025587985158279,880.0,16872.0,149.86483952198853,14183061.0,255.0
918,36.72,1316.6601184426372,626.5035936380752,1316.6602546832623,626.5038705390018,1307,482,55677.0,133.12602875867256,60.49680619556431,73.80955237746765,74.69042340416595,59.40584343086316,104.63317384458861,0.20463908593200286,132.146582887628,11.103049382557646,113.785311993389,149.70373156880046,2.5190165740439077,0.9014338735077846,881.0,16857.0,149.99129564606233,14197590.0,255.0
919,36.76,1316.811293393967,626.450398205306,1316.8113560022275,626.4507014424028,1321,482,55671.0,133.11885544030872,60.49837268333402,73.79454836860599,74.66067707638638,59.42618753339016,104.53013406060036,0.20404971049766396,132.1620684252869,11.074127387070588,113.63942099984831,149.27841538758398,2.538677222834235,0.9221521358218043,871.0,16871.0,149.85094566875057,14196069.0,255.0
920,36.8,1316.8758119456961,626.4153778885818,1316.8759074247107,626.4156903615324,1322,481,55652.0,133.09613738159464,60.47220917223303,73.79779317782797,74.6560658119409,59.409378027134096,104.45784379194359,0.20422570649802674,132.13479785943474,11.071248179538836,113.57826223802807,149.86826279306135,2.557357106904956,0.903078070028818,880.0,16814.0,149.9409351497724,14191220.0,255.0
921,36.84,1316.8744964361001,626.483097740649,1316.8746315335395,626.4834819181824,1322,481,55636.0,133.07700337669684,60.433874390497195,73.83272769158721,74.708663530038,59.34762375851313,104.55834113777188,0.20561256279666518,132.12103840096222,11.146181151371886,113.57358031463467,149.34306018716381,2.5126955130387514,0.8946666165471721,884.0,16913.0,149.91761153022668,14187127.0,255.0
922,36.88,1316.9409064896693,626.4201907933184,1316.9408803222095,626.4204545454545,1343,480,55616.0,133.05308200112353,60.44200254035084,73.80383759105968,74.69009570507181,59.343337602653456,104.65162569232932,0.2054724653589678,132.08197582007386,11.146137359378583,113.51300059470992,149.29621211374973,2.531581863944014,0.8863059868418246,888.0,16824.0,150.00073681233903,14182048.0,255.0
923,36.92,1316.9190865529702,626.4395749608952,1316.9192158978508,626.4401043071666,1322,481,55605.0,133.03992341116887,60.46817806592959,73.75950774708892,74.65349048888935,59.36094591169473,104.74038702246516,0.20484701354279744,132.07537113772898,11.115703960074594,113.53301416025661,149.18257303192257,2.523040473010002,0.9023153899941139,880.0,16739.0,149.93468513284475,14179213.0,255.0
924,36.96,1316.9460440824396,626.4266173077383,1316.9460548083148,626.4269761921887,1322,481,55612.0,133.04829720989656,60.41400807374428,73.82252874595518,74.68527242931886,59.344150546959916,104.45528247152193,0.20541026876319657,132.08077807175613,11.153343195724656,113.50731308617573,149.30189355481772,2.560539497369497,0.9148618396254657,874.0,16835.0,149.98026781626464,14181021.0,255.0
925,37.0,1316.8815066976942,626.4929174372212,1316.8815252010868,626.4933330934086,1307,482,55573.0,133.00163647448778,60.435236892970956,73.74092506943211,74.60245958197422,59.36846732673012,104.49176759042781,0.20420227886058873,132.04445488077738,11.077926159479851,113.56573208559342,149.39190517652213,2.573342310130187,0.8916351165396691,885.0,16802.0,149.9085227603181,14171071.0,255.0
926,37.04,1316.9031637389148,626.4106798134873,1316.9031526668107,626.41099834449,1322,481,55572.0,133.00043983012094,60.43890292669619,73.74668254643082,74.62486070745156,59.35119491619441,104.61586256907214,0.20467262044392698,132.03818110077987,11.114738800273855,112.5554752951791,148.99874080208681,2.5668463088515985,0.912115393020301,875.0,16767.0,149.91727675675463,14170828.0,255.0
927,37.08,1316.885879508874,626.4785796829783,1316.8859152143025,626.4789114912139,1343,480,55599.0,133.03274544988005,60.41807200456667,73.79575321550125,74.64750983444917,59.362495676209406,104.38572444992292,0.20476254589253373,132.0686622218962,11.124143078862431,112.56662450615178,149.1291038926437,2.603740804134563,0.9063330407528962,878.0,16888.0,149.91354886771583,14177708.0,255.0
928,37.12,1316.8736440088537,626.4192982529148,1316.8736308206983,626.4194499901078,1344,480,55599.0,133.03274544988005,60.40106378892079,73.81344488738362,74.66804365999253,59.341354964017675,104.39212213493704,0.20526436671846227,132.0647531254945,11.13386431776937,112.58410285283608,149.18862417311644,2.5335871583430003,0.914647979237148,874.0,16822.0,149.87704998478335,14177729.0,255.0
929,37.16,1316.8843595626372,626.459036022222,1316.8843558227004,626.4592653913294,1322,481,55567.0,132.99445644678087,60.411408214095495,73.75785687140255,74.61264062348336,59.352451944829625,104.42264618142909,0.20452551405680697,132.03532994975737,11.08001971014307,113.56588078771891,149.89729623064392,2.544168022618784,0.9078782830033664,877.0,16804.0,149.82670969736728,14169559.0,255.0
930,37.2,1316.9382113165843,626.4676342991896,1316.938232276875,626.4678833036373,1322,481,55563.0,132.98966954628455,60.42865000784124,73.73248723799529,74.59394553722696,59.36198030103551,104.49208079775161,0.20419841216992285,132.024490608596,11.073363007807085,113.51148241098082,149.17844239854372,2.5122840949940475,0.9246044889045365,869.0,16793.0,149.83074743663013,14168533.0,255.0
931,37.24,1316.8820838623396,626.466872082352,1316.8821349547572,626.4671787583875,1322,481,55589.0,133.0207813203288,60.39883470060128,73.81548712318978,74.68836221747247,59.31605113033051,104.5278735190248,0.20581936235771137,132.0614789488651,11.161787080842482,112.57144765257314,149.5445991846977,2.542269804921099,0.9123944177392483,875.0,16859.0,149.92878886740016,14175159.0,255.0
932,37.28,1316.9132086106197,626.4066614151543,1316.9133122484186,626.406986774008,1345,481,55648.0,133.09135413825942,60.447982097669865,73.83018673653423,74.69734259223509,59.37307489839139,104.49986594842139,0.20515144397434937,132.11940572770152,11.15205365182152,113.54178954936673,149.4249791089591,2.55457912649063,0.8888166564110421,887.0,16879.0,150.01771406951679,14190198.0,255.0
933,37.32,1316.858037135855,626.4110137282933,1316.8580503518149,626.4111465025464,1344,480,55569.0,132.9968498324192,60.3960168890029,73.78130152930314,74.63815575104188,59.33384377821722,104.42124958421317,0.20504675951362883,132.0200529319885,11.120225177015264,112.60038821006061,148.98981703142383,2.5352965708590096,0.8875548587569221,887.0,16863.0,149.9045190718135,14170079.0,255.0
934,37.36,1316.834692317951,626.5430678659659,1316.834709851552,626.5431938821412,1322,480,55575.0,133.0040297309227,60.37411128873363,73.81866521853065,74.67323148028116,59.31388664421046,104.37794078628033,0.2056874268274651,132.03309656680236,11.172194810830362,112.61188637940757,149.03191854924444,2.537997445874094,0.9059418108210976,878.0,16832.0,149.91291889590534,14171610.0,255.0
935,37.4,1316.857127333129,626.524636524257,1316.8571505637374,626.5247163330996,1322,481,55611.0,133.04710098520292,60.44686284815985,73.77560099477715,74.63328478998628,59.38463885367674,104.45220763043781,0.20431428121137019,132.0845555223602,11.095217562489927,113.58722574568347,149.04139387125562,2.537353174346096,0.8922448035176711,885.0,16902.0,149.8928083366466,14180795.0,255.0
936,37.44,1316.8432564894194,626.4720220894776,1316.8432470384905,626.4722032189536,1322,481,55546.0,132.96932329663423,60.362346259178295,73.7987859262401,74.67101906745391,59.279950755106775,104.51462444393657,0.20611836432075004,132.00294206412153,11.168861807814999,113.60176761827277,149.34733094440253,2.500310906660163,0.9158707018696238,873.0,16751.0,149.9508544353369,14164210.0,255.0
937,37.48,1316.770696013867,626.4615296612867,1316.7706798001223,626.4616601358881,1327,481,55634.0,133.07461143264334,60.46214509577767,73.79706915982015,74.66669148415198,59.384876769869756,104.53937829294371,0.20466709332535238,132.11180524307503,11.127928710225913,112.68286303068254,149.09330571796036,2.5650278062129184,0.9089729587094729,877.0,16955.0,150.00666875973695,14186657.0,255.0
938,37.52,1316.8718330299064,626.5308375499455,1316.8718524775786,626.530976473337,1343,480,55639.0,133.08059121216712,60.44641074443616,73.82271263381699,74.69815274389713,59.3611611169258,104.56459126215333,0.20531955695817883,132.10227029182698,11.13536369782713,112.57597526446443,149.6687134094044,2.5369210662962374,0.9069850906392272,878.0,16851.0,149.8745788382982,14187930.0,255.0
939,37.56,1316.8739561973798,626.4843502940389,1316.8740267913333,626.4845635170368,1344,480,55615.0,133.05188581944833,60.4637869613735,73.76854815071823,74.65117976546705,59.370612171335374,104.65019536613345,0.20469291499664044,132.09131189756266,11.105034829460918,112.57798641522125,149.08414357178302,2.50534494520757,0.9128211614270503,875.0,16824.0,149.86772713642313,14181800.0,255.0
940,37.6,1316.8972783559598,626.5084732023613,1316.897312842635,626.5086546238879,1323,481,55635.0,133.07580741004426,60.45928752319333,73.79120086725972,74.65930607778853,59.383960706806356,104.52935151480649,0.20460068775708395,132.1221656936204,11.106708888876305,112.55261408934182,149.19355473995523,2.483050023162025,0.9131494258022825,875.0,16830.0,149.87331523097396,14186903.0,255.0
941,37.64,1316.908690084292,626.5329515111971,1316.908657821882,626.5330960342286,1323,481,55626.0,133.06504322645952,60.488434005018,73.73614111263147,74.59239779178287,59.42931386305705,104.47727330846456,0.203279213131773,132.12228578265893,11.013393104618462,113.53513457101587,148.985188777667,2.490682804830011,0.9026561619245136,880.0,16786.0,149.98279331571229,14184615.0,255.0
942,37.68,1316.8711770995553,626.4908102133975,1316.8712073523857,626.4909264221867,1307,482,55601.0,133.03513814667517,60.44460373981009,73.76317529953616,74.61736058786515,59.38691480817363,104.43020583183953,0.20411397106115836,132.07143819591943,11.073040138540788,112.5801798977628,149.5307932839745,2.5702481448684966,0.9043045509220768,879.0,16948.0,149.90628344121671,14178240.0,255.0
943,37.72,1316.9124486233964,626.409333351465,1316.9124818082182,626.4096340083008,1326,480,55657.0,133.10211619403816,60.46022969624118,73.83235600463097,74.70174486735307,59.382703558272745,104.52101549592253,0.20506939076566622,132.1437627975647,11.14967669728498,112.5463489414685,149.16511187574724,2.5896845185618864,0.8929828456489367,885.0,16833.0,150.01748853570803,14192501.0,255.0
944,37.76,1316.7785270219892,626.5209806574412,1316.7785480800317,626.5212292108193,1322,481,55678.0,133.12722427415474,60.47319167050651,73.82795526375054,74.6774639002908,59.4209582105921,104.37825525970693,0.20429865842885564,132.1697197507235,11.090684087939536,112.66978299480448,149.5157248219306,2.5533165507975815,0.8913043927182942,886.0,16943.0,149.98657009541583,14197863.0,255.0
945,37.8,1316.8060855462727,626.4822391278092,1316.8060876127502,626.482319330147,1325,480,55654.0,133.0985289388004,60.43607436335852,73.85063061487705,74.70493372742351,59.376827158830885,104.38859690401645,0.20518198469354665,132.13476105630684,11.156760552290567,112.64577252852469,149.27738704318344,2.5644184917367716,0.901061493905962,881.0,16864.0,149.9935752649559,14191758.0,255.0
946,37.84,1316.7970829373398,626.4732387964557,1316.797208450097,626.4734317740892,1323,481,55668.0,133.11526863616834,60.488768573083895,73.80610591329055,74.67777502089854,59.40927799174155,104.56238208226064,0.20445838169233232,132.1430685446072,11.10533883470824,112.655539662986,149.2071757918999,2.539388113621005,0.8992455810081016,882.0,16857.0,150.05180708563765,14195307.0,255.0
947,37.88,1316.907604460962,626.495281441705,1316.9076201261933,626.4954969530281,1326,481,55629.0,133.0686313844029,60.467187399519325,73.77810193530587,74.64461459126802,59.394196599550284,104.52670136706237,0.20430700962453285,132.10812763853997,11.093696797260078,113.53952879073393,149.13225240235258,2.5572952248275405,0.9088912664925993,877.0,16841.0,149.92523845276938,14185371.0,255.0
948,37.92,1316.921062315097,626.4298182145144,1316.9210450657658,626.4300833752606,1323,481,55652.0,133.09613738159464,60.46919356872966,73.8053164560024,74.67107314941217,59.39679236068469,104.50970183631311,0.2045541887172907,132.1462736027785,11.110406408610075,113.53191118021878,149.14664459513995,2.5141386681238753,0.9218374137837484,871.0,16928.0,149.85783946515176,14191232.0,255.0
949,37.96,1316.9278223762853,626.5147283847397,1316.9278422774164,626.5148628733691,1325,481,55642.0,133.08417895091242,60.473979103727984,73.77850177877737,74.63923362897094,59.40836874245141,104.48586102281138,0.20405977052540003,132.1275889091776,11.059862011148095,113.5176784099927,149.38688388313204,2.4971163382693047,0.9153553635985069,874.0,16958.0,149.85595302597176,14188691.0,255.0
950,38.0,1316.9148400928123,626.4491900350865,1316.9148817652556,626.4493998418745,1326,480,55652.0,133.09613738159464,60.48440243150358,73.7857722505804,74.65879038997723,59.40343543614326,104.57971731110462,0.20433434394192862,132.13514748737205,11.079433881064361,113.53639221787272,149.19300092085987,2.4754886958688767,0.9051340239908531,879.0,16961.0,149.87533901250427,14191232.0,255.0
951,38.04,1316.9114542434384,626.44325768875,1316.9115888152578,626.4434926279116,1326,480,55683.0,133.13320169053256,60.492615204575515,73.82814583914025,74.71437813363636,59.39455625255739,104.66280198528624,0.20504516351159985,132.1694185183094,11.133148187858998,113.54028986233425,149.33391645205617,2.523746256218871,0.9181296275556523,873.0,16979.0,149.97795118334412,14199122.0,255.0
952,38.08,1316.7942924249483,626.4422565107609,1316.7943676652949,626.4424635623529,1323,481,55643.0,133.08537484233443,60.442382164688055,73.82591029188085,74.69234527649164,59.36834298904086,104.4939090835906,0.2051616163707981,132.11556965919507,11.129741431264831,113.65707467935297,149.18196613003107,2.52286332363415,0.9008833993137859,881.0,16971.0,149.88562542579606,14188933.0,255.0
953,38.12,1316.8505150837218,626.3657165223055,1316.850539817127,626.3658181687535,1325,480,55667.0,133.11407301331093,60.5021775493437,73.79081689868482,74.66673539025041,59.41781528253851,104.60701301888986,0.20422642061438,132.15738534537275,11.086774094307739,113.60787680997117,149.25628123343645,2.577309060964714,0.909512127340839,877.0,17050.0,149.92753055552777,14195071.0,255.0
954,38.16,1316.8697276452413,626.4117322733132,1316.8698121685989,626.4118810101554,1323,481,55635.0,133.07580741004426,60.47733525820522,73.7748702960077,74.64421923951613,59.401010944673,104.55395903554312,0.20421150425502055,132.11612689018867,11.090261553774583,112.83795725850966,149.15462571280173,2.5636074383628156,0.9300788346375596,867.0,16842.0,149.8784265287721,14186901.0,255.0
955,38.2,1316.81628958019,626.4186394230034,1316.816339740017,626.4188496736726,1323,481,55619.0,133.05667048162692,60.42225896052985,73.81732974850472,74.67582797652325,59.35796715785943,104.42911376398942,0.20512475366834215,132.08936939714164,11.129081774082065,112.64128320971753,149.31413532380006,2.5557697780592417,0.9066590656960617,878.0,16963.0,149.96719117243438,14182821.0,255.0
956,38.24,1316.9683884874144,626.375538529397,1316.9684882257775,626.3756426388638,1323,481,55630.0,133.06982741555004,60.46570860141821,73.79425122859453,74.68352135673437,59.3638363721445,104.68871724749523,0.2051280484139687,132.10417837903248,11.132028372566175,113.48960284790891,149.48233812214445,2.5433021855128457,0.8905359992621628,886.0,16972.0,149.94727655219748,14185623.0,255.0
957,38.28,1316.9730512608644,626.3348443133265,1316.973181385149,626.335034961264,1324,481,55633.0,133.07341544449375,60.48996390924167,73.75979910964051,74.64244603694966,59.39738165994308,104.66586449179358,0.20424122180374338,132.12071267935144,11.067284572934556,112.74196139728339,149.31540198647943,2.5127366721346998,0.9194103195078327,872.0,16955.0,149.92503596921767,14186378.0,255.0
958,38.32,1316.9055534439776,626.5044486166004,1316.905574005924,626.5046405170092,1325,481,55705.0,133.1594991349399,60.5304761009904,73.79174439165232,74.65810851035695,59.45861511195234,104.54731642025548,0.20358797860912936,132.20432068012957,11.02558902343875,113.54076441125433,149.42253475139603,2.481062181705905,0.9059960254152675,879.0,17038.0,150.00721955526006,14204753.0,255.0
959,38.36,1316.8779324900108,626.4326253906626,1316.8779330060952,626.4327813438338,1323,481,55617.0,133.05427817204483,60.468261099583025,73.75131530208135,74.613014470288,59.4017270864321,104.50285509654603,0.20386909029004918,132.09504343378867,11.037815585674108,113.57462018091539,149.39324162506276,2.482074432750514,0.9004624484595517,881.0,16825.0,149.8958922902645,14182316.0,255.0
960,38.4,1316.9092911955136,626.469238144761,1316.9093161012386,626.4694309818703,1326,480,55710.0,133.16547510259173,60.51946247486746,73.82209456348318,74.69903825366849,59.433666115794296,104.6082116829442,0.2043583491133436,132.20063226173747,11.075420330202057,113.54014632122906,149.59198417823123,2.5064182504363717,0.8918166550223816,886.0,16932.0,150.06121383151145,14206019.0,255.0
961,38.44,1316.897773632272,626.4078639971565,1316.897841830042,626.4080217074879,1343,480,55649.0,133.09254996520943,60.46168273347178,73.80865527493039,74.67188125002107,59.392279153432575,104.4858479399604,0.2046232375668744,132.12569281237967,11.10821381240553,113.55705582212474,149.4213712648305,2.5228641555606357,0.8969037120165522,883.0,16957.0,149.95763504288863,14190468.0,255.0
962,38.48,1316.846104677692,626.4838875612187,1316.8462478875265,626.4841249865161,1326,481,55622.0,133.0602588653532,60.451499058735166,73.79133164859768,74.66734159652147,59.36608850033804,104.58513433599862,0.2049256444519818,132.09280360674498,11.11964420064727,112.60576732910235,149.53274585458126,2.493466655205989,0.9087768973889763,877.0,16961.0,149.87558823330062,14183576.0,255.0
963,38.52,1316.8816962026174,626.4931619309234,1316.8816666966259,626.4933220686307,1326,481,55631.0,133.07102343594738,60.41240321336273,73.86038250764565,74.73657534520139,59.32502736502263,104.53860228202595,0.20621158929204653,132.10301952177943,11.212425012683997,112.56949390441261,149.95633557794793,2.5303936031072554,0.906854680661961,878.0,17050.0,150.027044194279,14185876.0,255.0
964,38.56,1316.808739396963,626.425884425003,1316.808690653685,626.4259102911853,1326,480,55669.0,133.1164642482869,60.49736033303154,73.80503110885503,74.69220730825955,59.398547050106345,104.68233696248876,0.20475576782776395,132.15248255752476,11.114766777307626,112.64815464274746,149.46356102472308,2.5156861825977197,0.8891520709773273,887.0,16939.0,150.0311783598818,14195579.0,255.0
965,38.6,1316.789057097469,626.468748521783,1316.7890542262749,626.4687584139577,1325,481,55711.0,133.1666702639409,60.50058314907941,73.84320526714919,74.71031662356273,59.42649338057906,104.5167038191291,0.20457446753964548,132.20389788100184,11.114276064185512,112.66393293800422,149.20741448283985,2.4811525779348367,0.9228147085335011,871.0,16938.0,149.9466919438158,14206304.0,255.0
966,38.64,1316.8230728893402,626.3627667335536,1316.8230881321172,626.3628186446472,1326,480,55587.0,133.0183883652872,60.42237064211481,73.78076136838344,74.65066173357306,59.3442695199047,104.5313373151873,0.20504027503864086,132.0448252489076,11.129626014762707,112.63954159701473,149.5174991541036,2.54217477120929,0.9082050518708609,877.0,16933.0,150.00686639557313,14174679.0,255.0
967,38.68,1316.8272601105946,626.3993576292285,1316.827261791479,626.3996983679551,1322,481,55697.0,133.14993702881947,60.522019651665275,73.80069542785323,74.67248080514172,59.443066195789875,104.58034228271342,0.20394949310835264,132.17620407291037,11.06175788360498,112.6320845901032,149.55073265826246,2.524172435748046,0.8936246214152547,885.0,16931.0,150.04384547308345,14202701.0,255.0
968,38.72,1316.7618794316259,626.3252444695279,1316.7618748542,626.3254975146697,1326,480,55727.0,133.18579138693477,60.542393409418835,73.81443726187504,74.67855419914176,59.473238441789725,104.52539521228402,0.20361020537174213,132.21842075736595,11.058562491390544,112.70386485077195,149.21961697212612,2.563270774632232,0.9063538373272886,879.0,17098.0,149.9379991533676,14210360.0,255.0
969,38.76,1316.8058011341336,626.38590327983,1316.805821930108,626.3860216212333,1326,480,55686.0,133.1367880115431,60.520305756835796,73.79652742631544,74.68622427898337,59.418875553423355,104.71506108719636,0.20441987626165536,132.17251739518855,11.078761233922354,113.65061236632226,149.62111930337446,2.5241067409088815,0.9160791987589673,874.0,17016.0,149.9988929286481,14199913.0,255.0
970,38.8,1316.7969452698408,626.4029582075862,1316.7969561389323,626.4030869854275,1326,480,55653.0,133.0973331655691,60.434866057965515,73.86032496020538,74.74247955355193,59.34039424252455,104.59276396426667,0.20606869618222934,132.13761872362426,11.183429447846727,113.65791644101516,149.39920635944722,2.549284338370865,0.9218539781015408,871.0,16830.0,150.05954212231893,14191499.0,255.0
971,38.84,1316.8029488316693,626.4837849249004,1316.802983788442,626.4840308073464,1326,480,55701.0,133.15471816771392,60.500640935597886,73.84068748761271,74.72643814079673,59.40314911729096,104.65711915932843,0.20505846932827454,132.1923928725058,11.11956480767073,113.63969756256944,149.63847077325872,2.5327240085792813,0.905930968703991,879.0,17037.0,149.94384296865599,14203727.0,255.0
972,38.88,1316.818119001622,626.4028676006066,1316.8181785528277,626.4030279628598,1343,480,55681.0,133.1308107561869,60.46753106384124,73.85677150467795,74.73264800944908,59.381616107568185,104.56187464643816,0.20541265846675116,132.16061817047037,11.159683865848967,112.64087377188635,149.21436912772108,2.5602909581681876,0.8994555794372369,882.0,16944.0,150.01721144898903,14198630.0,255.0
973,38.92,1316.8036583110907,626.4736043557358,1316.803810893403,626.473773143987,1325,481,55630.0,133.06982741555004,60.48063034298828,73.79146250178106,74.70094259901988,59.35364992698336,104.84515207269389,0.20544978601431851,132.10166627234128,11.158500291342486,113.6406113979554,149.53465219805676,2.6004206800996656,0.908907604935974,877.0,16843.0,150.0358932711191,14185617.0,255.0
974,38.96,1316.8203163334479,626.5075494986311,1316.8203516459835,626.507803379968,1321,481,55681.0,133.1308107561869,60.47320485068506,73.8591464734588,74.75028651018701,59.368145409349886,104.67661875618927,0.2057803631125994,132.17324888980204,11.173101150735162,113.61878515221142,149.6327347951017,2.6075576464314363,0.9014986351776668,881.0,16861.0,150.1014211870761,14198625.0,255.0
975,39.0,1316.8630087920735,626.5109363193765,1316.863086790148,626.5112013366149,1342,481,55663.0,133.1092904144874,60.48005739998711,73.82893370417243,74.72855565400907,59.36490347727763,104.75571641668371,0.2055927890251844,132.14081143545638,11.170761548711159,113.58257122606096,149.6136811103093,2.5793088681621907,0.8951007958312107,884.0,16866.0,149.99453512932726,14194035.0,255.0
976,39.04,1316.8695359399612,626.521404712835,1316.8695363167635,626.5215852541185,1342,481,55663.0,133.1092904144874,60.47991947999124,73.82979617783388,74.74099462634574,59.35017427296466,104.83991640626677,0.20592207034873888,132.13468535695878,11.163273669065992,113.56799512165873,149.61930306288932,2.5086902790877526,0.889056238244103,887.0,16850.0,150.00361834331997,14194047.0,255.0
977,39.08,1316.8637572658558,626.5154251585941,1316.8637481819324,626.5156488481083,1342,481,55691.0,133.14276499855893,60.50873354753737,73.83306517352449,74.743539183257,59.38039827085799,104.84598616240687,0.20554473443827026,132.15852382110913,11.158577404665573,112.58538457245473,149.3679837604799,2.536630011560826,0.8815348218237704,891.0,16909.0,150.0277679345704,14201183.0,255.0
978,39.12,1316.7473273243495,626.513720781981,1316.7473466822303,626.5141959234982,1321,482,55685.0,133.13559258194024,60.5137098053082,73.80562453961802,74.68534368032515,59.42456333399378,104.6338277427635,0.20433433916635524,132.16723366657476,11.100593566801662,112.70150159787198,149.29085908982483,2.600613906152089,0.8974839296958025,883.0,16895.0,150.036573172642,14199628.0,255.0
979,39.16,1316.7241037577194,626.4986665707413,1316.724079126876,626.4992999210167,1307,482,55708.0,133.16308474771307,60.492747231770366,73.85896583977575,74.74283232287004,59.397208006129,104.63143825921694,0.20531232012257505,132.19899816228855,11.132066626175881,113.71518606314277,149.39966317518426,2.5285632067012,0.9019357764493717,881.0,16841.0,150.06073464080535,14205478.0,255.0
980,39.2,1316.7286047956845,626.4962885302084,1316.728574508606,626.4965862948723,1307,482,55658.0,133.1033119242997,60.47446545748676,73.81144185898242,74.6835460926214,59.39408947615913,104.55696753802201,0.20472322775756413,132.1366922664305,11.107249511600351,113.39528878467407,149.68919937445514,2.585373671255457,0.9135269298337996,875.0,16853.0,149.95956479086968,14192760.0,255.0
981,39.24,1316.718510795897,626.479986480689,1316.7185001527157,626.4801200165292,1307,482,55659.0,133.10450764381952,60.4943482345468,73.78209128490599,74.65140979188416,59.41826469008495,104.55797695021403,0.2040570317997572,132.13674844892606,11.049043535824046,112.73319650812421,149.51200890261106,2.5145490293141797,0.8970648835941217,883.0,16734.0,150.0474024879772,14193031.0,255.0
982,39.28,1316.724974143527,626.5018482296375,1316.7249811347874,626.5020122893384,1322,482,55658.0,133.1033119242997,60.487301379260096,73.8042229597612,74.68777221800661,59.39287529620655,104.65131545835948,0.2047844843618537,132.12445745970453,11.120821900257296,112.7248181084891,149.91786914474937,2.567076175620316,0.8790382066475332,892.0,16940.0,149.95072126752243,14192771.0,255.0
983,39.32,1316.7545351192389,626.4132682550353,1316.7545895455362,626.4134902101671,1326,480,55670.0,133.11765984966692,60.47140284508447,73.84389975872647,74.72821377311332,59.37513082014395,104.63214205961152,0.2054522940904725,132.14170501111383,11.158603314711437,112.70326753229675,150.01045474366484,2.625550772338816,0.8871665399792213,888.0,16949.0,150.12111897907326,14195823.0,255.0
984,39.36,1316.7398000510148,626.4392851789632,1316.7398610437874,626.4395612287033,1325,480,55701.0,133.15471816771392,60.53535411264591,73.81089027190737,74.71338588302687,59.41789789422801,104.80961917104119,0.2047221901139088,132.1819820504175,11.123863324780359,112.96490041989037,149.98210769472902,2.586662934436643,0.8916725812493571,886.0,17005.0,150.0861677417892,14203723.0,255.0
985,39.4,1316.7333522310685,626.4349366984536,1316.7333740194936,626.4350846331963,1325,480,55711.0,133.1666702639409,60.50553146198353,73.8631461685246,74.76732933542056,59.384595338005546,104.78495774274612,0.2057413864337071,132.18369942225112,11.182446894847994,112.97170970814776,149.9851477269132,2.5735113565332473,0.9019843477017833,881.0,17098.0,150.03811664545358,14206288.0,255.0
986,39.44,1316.6971563123643,626.4698026207892,1316.69714008551,626.4700176050012,1322,481,55666.0,133.11287737971443,60.50491516125292,73.79159310982062,74.67696081688315,59.40871565275114,104.67833907184858,0.20445723817780392,132.13266959947114,11.092995840901024,113.0046590558222,149.35377091138918,2.5601949689615497,0.8791645551626285,892.0,16972.0,150.0100861293003,14194808.0,255.0
987,39.48,1316.8689365574521,626.4416643827252,1316.8688874538084,626.4420406845334,1326,480,55746.0,133.20849415559653,60.550171987029046,73.85824845191345,74.76206637500064,59.430611837531764,104.8043500575829,0.2050699677101956,132.2376296604323,11.158306061278397,112.58679100432379,150.00443461894855,2.6151129628972742,0.8706401448008492,897.0,17054.0,150.14884351979623,14215192.0,255.0
988,39.52,1316.7893783515192,626.4129395093157,1316.7893424687018,626.4131721490835,1326,480,55754.0,133.21805205861205,60.539450770368674,73.8868743373071,74.79897245890788,59.40882946167551,104.84701957639008,0.20575340130089648,132.2435436533457,11.186999978365874,113.66434665156743,149.59142858174687,2.633859447810821,0.8865074156361545,889.0,17081.0,150.2138047557901,14217247.0,255.0
989,39.56,1316.7967155229364,626.4476080659038,1316.7966448371758,626.4481564546516,1323,481,55735.0,133.19535091906764,60.51992420911407,73.8704896443747,74.76126959878835,59.41601665000664,104.68944252542276,0.20525671957061586,132.2317517856051,11.15131412031655,113.65159192861526,150.11002663839676,2.5940179057523873,0.8962586072553138,884.0,17012.0,150.14410238583574,14212369.0,255.0
990,39.6,1316.891900803191,626.481116975345,1316.8918666810175,626.4816489075449,1325,481,55746.0,133.20849415559653,60.525788129277835,73.88004903200854,74.76965757981897,59.423320161691045,104.67906180867433,0.20524819712789544,132.23732663608328,11.167817883098914,113.55229878283583,149.97011167939561,2.6108109063123623,0.8944107967289942,885.0,17007.0,150.06021059845517,14215175.0,255.0
991,39.64,1316.7934173306076,626.5915132922536,1316.7935040218329,626.5917839701235,1320,482,55696.0,133.1487417172705,60.48492588693486,73.85692772409806,74.73837201237248,59.39232089530484,104.61091542477259,0.20533028354601024,132.18193316817275,11.158606468013858,113.63208185421898,149.84291673283442,2.6015628644418824,0.8996978853170085,882.0,16910.0,150.03898959445186,14202445.0,255.0
992,39.68,1316.7901789923126,626.5017225273798,1316.7902939117007,626.5022173546151,1320,482,55697.0,133.14993702881947,60.503330856394236,73.83085904762822,74.70365724719666,59.42232228988038,104.56613876263644,0.2045593953553021,132.1939461102156,11.117379527727907,112.6598846932084,149.1111876446683,2.5848921253697426,0.8757227453567693,894.0,17045.0,150.11030819700312,14202677.0,255.0
993,39.72,1316.798599234322,626.4802746744552,1316.7986790387135,626.4805535114956,1325,481,55717.0,133.1738410067918,60.553707332993135,73.8111707357627,74.71734899790653,59.43196240979038,104.84470883760504,0.20457613650806084,132.21395881931036,11.122263381574177,112.65340350850506,149.13385672232167,2.5762820361697067,0.8959691543992879,884.0,16867.0,150.0696089391081,14207801.0,255.0
994,39.76,1316.7984059160242,626.5484912847203,1316.7984742416083,626.5486627176449,1326,481,55710.0,133.16547510259173,60.53931256801898,73.80447177881219,74.6874753724985,59.446525913969225,104.67018288165863,0.2040629889083292,132.19547101835892,11.078790652665054,113.63394373092912,149.2636456802101,2.559837880102773,0.877890005412195,893.0,17072.0,150.03480306915358,14206027.0,255.0
995,39.8,1316.8162860194823,626.452520487923,1316.8163192012785,626.4526028479593,1325,481,55689.0,133.14037423595113,60.502503471402996,73.81953371877864,74.68596976802378,59.429642473893985,104.52305702432815,0.20427300256683112,132.17653135918985,11.11056930059354,112.63825976171454,149.34117489910307,2.604240836613345,0.8854738937002153,889.0,17008.0,150.00231274937627,14200683.0,255.0
996,39.84,1316.8028401025833,626.5373765012232,1316.8028590902568,626.5375412541255,1326,480,55752.0,133.21566264714784,60.5317257207289,73.8835950548843,74.7739875281864,59.4283284814431,104.68588062028333,0.20522723949901267,132.243801171619,11.174806859890872,112.6441155118948,149.2784924364049,2.6414967789119435,0.8965319793971159,884.0,17105.0,150.10031293088042,14216740.0,255.0
997,39.88,1316.8226118173075,626.5039463110561,1316.8226110363391,626.5041184387618,1321,482,55725.0,133.18340139668956,60.53761515810164,73.83556210536906,74.72769157832656,59.43286289436789,104.72304423600059,0.20467417580974312,132.21543720481108,11.11569190685764,112.62738407519275,149.31202269293928,2.5897467640153673,0.8800963754614572,892.0,17180.0,149.9204980341111,14209853.0,255.0
998,39.92,1316.7525856008438,626.4785777183808,1316.7525826910294,626.4787545590111,1326,481,55659.0,133.10450764381952,60.485199602990626,73.81503801557756,74.70920179141463,59.377221019044555,104.72411049556655,0.2052221199628984,132.12917876744194,11.1489917307395,112.69938349985725,149.48999748614892,2.575783045429598,0.8634958296600211,900.0,16892.0,150.03129152084213,14193026.0,255.0
999,39.96,1316.833883298491,626.5151574561924,1316.8339462213214,626.51548962276,1320,481,55747.0,133.20968893097748,60.57646813543309,73.81895333424546,74.71928461503033,59.46238197166963,104.8084319871979,0.20418962416419695,132.2380326774992,11.108506029940777,113.60418545353735,149.45888502576224,2.5675681030784903,0.8784730592660858,893.0,17049.0,150.0642150886051,14215446.0,255.0
1000,40.0,1316.8655793826454,626.429052454174,1316.8656724443886,626.42940364588,1322,481,55789.0,133.25985982398262,60.60780535543341,73.8383712710776,74.7402661756039,59.492047821263306,104.82509722158034,0.20401610985053997,132.2842867876091,11.098263493005197,113.58655632267107,149.64683013187877,2.5797956090461924,0.8930813025855977,886.0,17196.0,150.08047673668088,14226151.0,255.0
1001,40.04,1316.7400833678007,626.507161229194,1316.7401385449193,626.5073759017982,1325,480,55722.0,133.17981633090346,60.5525704655645,73.80484635698838,74.68985559931211,59.45750252339667,104.69083714359736,0.20394139142043988,132.21482590621775,11.082187389349059,113.69806422521243,149.36371508897642,2.5401904619524758,0.8800489947682963,892.0,17071.0,150.01161263830974,14209083.0,255.0
1002,40.08,1316.704629195116,626.4466434814265,1316.7047420756003,626.446961266468,1321,480,55714.0,133.17025568363124,60.50062861688105,73.86085765966318,74.74675899130243,59.402646216771714,104.64915535532677,0.20528131228159552,132.1889422275267,11.138842097266894,112.7499903536957,149.33007014683204,2.5498676451583586,0.8586154585102777,903.0,16951.0,150.10288018056846,14207027.0,255.0
1003,40.12,1316.8004720977178,626.4350788610425,1316.8006206500681,626.4353340030136,1320,480,55748.0,133.2108836956424,60.56870037607267,73.82360434192871,74.71504200781095,59.46557425142002,104.73719820714005,0.2041017089275905,132.24232134951288,11.086460592437275,113.6498739041688,149.2772424395901,2.5682153977129265,0.8844211955678515,890.0,17043.0,150.05741068873994,14215701.0,255.0
1004,40.16,1316.8657571993049,626.4015314937817,1316.866001578985,626.4017978899017,1324,480,55732.0,133.19176617492172,60.57102966541028,73.80070077974791,74.69182636659521,59.46868204637033,104.74637090158673,0.20381272035721965,132.21337306950392,11.077715367137428,112.59354955149415,149.20850338821765,2.581976381428116,0.8684839944735708,898.0,17064.0,150.0476271659214,14211615.0,255.0
1005,40.2,1316.8223830793695,626.4322246875358,1316.822538999462,626.4324726555496,1322,481,55770.0,133.2371658077055,60.57553828929451,73.84165904945917,74.72331561311073,59.48455727327726,104.65937395373203,0.20393578918170652,132.26399497130978,11.091180458531271,112.63399944909011,149.52984360199213,2.5806434567601695,0.8749121302865842,895.0,17059.0,149.98703688353785,14221314.0,255.0
1006,40.24,1316.843549511801,626.4381564236305,1316.8437169442602,626.4384602972551,1322,481,55777.0,133.24552721075966,60.56382858934375,73.87779644885318,74.77043883070496,59.458284692727226,104.71932975778772,0.20478887615796237,132.26682698787803,11.142220168004345,113.60685704439636,150.0489268822133,2.64492514627557,0.8653264861198908,900.0,17103.0,150.19546600958486,14223094.0,255.0
1007,40.28,1316.9044374861332,626.5002757186282,1316.9045089029294,626.5007000287192,1342,481,55712.0,133.1678654145637,60.52070929962889,73.8367161312066,74.72229473993826,59.4238636573588,104.66649670363118,0.20473716895103078,132.19952166606572,11.131549791195075,112.54621155021337,149.58323780226152,2.58437032276619,0.8701091333395206,897.0,17082.0,149.97338636134455,14206512.0,255.0
1008,40.32,1316.9269955580862,626.3871788303586,1316.9270588657187,626.3874235713902,1323,481,55771.0,133.23836032598192,60.55818874491444,73.8571074610521,74.72866069510833,59.47935622796746,104.56914920706868,0.20406232796487256,132.28546411167926,11.072630716378892,113.52979145934562,149.99134772300684,2.5623629455424712,0.8808228794232558,892.0,17013.0,150.13698244163334,14221573.0,255.0
1009,40.36,1316.8126221670616,626.4579203339484,1316.8126658062665,626.4581809708181,1326,480,55788.0,133.2586654984257,60.58330257935633,73.85237494337059,74.73266528877774,59.49402133856435,104.64777501142686,0.20390874447377305,132.30554205661795,11.068864120190415,113.63425036506352,149.2605560898141,2.571873616540701,0.8850557806260189,890.0,17080.0,150.13764733723823,14225909.0,255.0
1010,40.4,1316.7985628625086,626.2854614347755,1316.798554311953,626.2857117233463,1326,480,55752.0,133.21566264714784,60.56234514054409,73.83720506140729,74.72231073433699,59.46685445459413,104.68121287170196,0.2041619983351579,132.24988326367531,11.097797388898233,113.66680278463869,149.2297895022036,2.6001686433880677,0.8924889992964966,886.0,16999.0,150.08814612575068,14216733.0,255.0
1011,40.44,1316.7267095786524,626.3796914080565,1316.72667288245,626.3800473355806,1325,480,55772.0,133.23955483354922,60.5236051994432,73.91213160730295,74.79460218501907,59.42960094984722,104.61078308586723,0.20542927947077672,132.26009705110397,11.169179141978145,113.72993912092194,149.22497926491394,2.594494149125619,0.8948279509771008,885.0,17145.0,150.11094099459007,14221823.0,255.0
1012,40.48,1316.8063047251449,626.2926165776126,1316.8062484298173,626.2928794458601,1325,480,55726.0,133.18459639717318,60.52185299273276,73.85198777800805,74.73724302885563,59.42520755439376,104.65771121400923,0.2048782488343861,132.2171681786791,11.127367090837168,112.66257433711485,149.31517777805246,2.5745354334126005,0.8683904951560003,898.0,17022.0,150.08123726958235,14210104.0,255.0
1013,40.52,1316.7929052250436,626.3358434476659,1316.792888155298,626.3360902795221,1325,480,55738.0,133.19893556673838,60.53846635302887,73.85002349379748,74.7376034689986,59.4392337275808,104.6831916914366,0.2046944112646536,132.2166820571481,11.128799315479002,112.67201074439241,149.3516753302417,2.6003753849778177,0.8803016917984873,892.0,17132.0,150.08912662117552,14213164.0,255.0
1014,40.56,1316.718706200068,626.3426040975305,1316.7187443913995,626.3427438170788,1325,480,55718.0,133.17503609306232,60.475122504239096,73.9058962115591,74.79737863887041,59.36896567643674,104.6590318745614,0.206269434079016,132.18735616676983,11.205821046617757,112.74529464499089,149.25353848691847,2.588038362119279,0.8919447205984036,886.0,17039.0,150.14339419983017,14208070.0,255.0
1015,40.6,1316.7630609166663,626.3665592928351,1316.7631158861407,626.3666887880472,1326,480,55753.0,133.21685735823706,60.5554272731496,73.83833175224285,74.7159430007338,59.46920942554291,104.62176894390288,0.20406265333546214,132.24229784144077,11.081569486034578,113.69490333903404,149.19788333267505,2.5477944186039605,0.8904937292424676,887.0,17087.0,150.0499747423504,14216996.0,255.0
1016,40.64,1316.7638309462914,626.3294051850739,1316.763832004024,626.3295789322411,1325,480,55668.0,133.11526863616834,60.448698306824696,73.85977994034101,74.73361629610446,59.36496285800018,104.53707433118225,0.2056457883318752,132.14082735132988,11.164840009921898,113.69745362188672,149.736694978892,2.550045943171047,0.8772281604969677,893.0,17046.0,149.93243020283978,14195323.0,255.0
1017,40.68,1316.9185285667959,626.4228106200237,1316.9185796269728,626.4231527977045,1325,480,55760.0,133.22522003587824,60.54631271196201,73.87968198783966,74.78958864200347,59.41869086742754,104.8373832033909,0.20552189220015704,132.2620587221538,11.159179823991138,113.53505652990503,149.38654605864178,2.5522160037005297,0.9089575415453783,878.0,17072.0,150.00348520188024,14218763.0,255.0
1018,40.72,1316.8679634229693,626.3426203612925,1316.868051696632,626.3429114309786,1325,480,55787.0,133.2574711621646,60.595024385587784,73.85448502105874,74.75338619712397,59.482545255557135,104.78997584861261,0.20428293243195395,132.28464142198035,11.120785469758806,113.59256158724277,149.67556879078384,2.63574296084184,0.8991278797870115,883.0,17079.0,149.99483154261628,14225649.0,255.0
1019,40.76,1316.7793703857192,626.3705588212333,1316.7794571695267,626.3709700581604,1323,480,55708.0,133.16308474771307,60.526467810158074,73.82744103609775,74.71971878119665,59.4214437789211,104.72287187107727,0.20474213837814104,132.18874766268195,11.125757076487378,112.68236405830747,149.63192688921941,2.573430563451545,0.8917846386283762,886.0,16917.0,150.10962525235692,14205491.0,255.0
1020,40.8,1316.7710788908087,626.3273307944767,1316.7711703310497,626.3276783472616,1320,480,55762.0,133.2276092759325,60.533679514191824,73.8680796932247,74.73215331424295,59.46364279211264,104.49719176553411,0.20430978962866764,132.26324243347875,11.080765395936073,113.32999022628626,149.6719135636497,2.555186365342764,0.88464330033821,890.0,16987.0,150.07146441731743,14219261.0,255.0
1021,40.84,1316.7992367140914,626.3660790555552,1316.7994232388185,626.3663329094198,1325,480,55829.0,133.30762407212444,60.624505769325026,73.86011920533922,74.74592780592208,59.528935697135786,104.70369594297992,0.2035828914760044,132.3317020801583,11.060065236077362,113.65891608986381,150.06530141824604,2.5774010725440757,0.8642116787600141,901.0,17064.0,150.12132209361172,14236343.0,255.0
1022,40.88,1316.92585306846,626.2765294854844,1316.9258688365924,626.2768447654723,1319,480,55793.0,133.26463701917413,60.5464077670014,73.90692512980381,74.78333508420157,59.46052362126034,104.57796940175552,0.20489607003604016,132.30018337123343,11.12157746451902,113.5408380306246,149.41016072747456,2.5950245824942444,0.8871275287977181,889.0,17078.0,150.07814699394189,14227170.0,255.0
1023,40.92,1316.842617164585,626.3041538741104,1316.842630767576,626.304413293658,1323,480,55786.0,133.25627681519902,60.54094726365086,73.90593903187433,74.79111514074867,59.44395020325073,104.64126068990986,0.20520037585502315,132.29417554258325,11.132061479220294,113.62125014450187,149.3921019723766,2.5549181685353273,0.8890151356077034,888.0,17148.0,150.0235271042858,14225395.0,255.0
1024,40.96,1316.7284889086877,626.2865723940577,1316.7285181466073,626.286651843351,1343,480,55768.0,133.23477673902426,60.592549993667596,73.82040631699832,74.71013499874333,59.4920602434592,104.73664380729346,0.20369491710248022,132.2666687889732,11.0654761042001,113.73649031924393,149.34752801001872,2.584220879421169,0.8768390768453652,894.0,17108.0,149.9420952973472,14220815.0,255.0
1025,41.0,1316.8592194258745,626.3488762078237,1316.8592542105357,626.348985704805,1343,480,55753.0,133.21685735823706,60.573858513363724,73.82002011014804,74.69030368113346,59.49744734255184,104.58325743453511,0.20341136117805458,132.2570186958798,11.076055893551205,113.60071101743945,149.2143331311605,2.6472570573147785,0.8746454366122992,895.0,17104.0,150.0224777057599,14216997.0,255.0
1026,41.04,1316.8428663913805,626.3561325986075,1316.8429248841471,626.3561446995006,1324,480,55674.0,133.12244214780753,60.48243926000611,73.82104455851486,74.67716128970478,59.42216472211343,104.43559995111029,0.20427927768184262,132.1484472051271,11.107354073590399,113.61634983526325,149.46095864709758,2.6200559077517838,0.8872302846560656,888.0,17017.0,149.9999145481543,14196861.0,255.0
1027,41.08,1316.731719783871,626.4602789304652,1316.7317410433689,626.4603214510191,1307,482,55685.0,133.13559258194024,60.49783414653898,73.81682208645427,74.68040191673057,59.428517808548484,104.50068888685962,0.20422873627793403,132.1696907229184,11.097824220875086,112.72179384250917,149.1998670905757,2.58089393328927,0.8934320886853593,885.0,16981.0,149.94638946101313,14199668.0,255.0
1028,41.12,1316.8134160449843,626.3612903811896,1316.8134214448614,626.3613769820604,1323,481,55687.0,133.13798343041236,60.500066146360034,73.82006258217596,74.68913619232336,59.42383846735994,104.5415945349484,0.2043844460278067,132.15865609997354,11.104483794889719,113.64522098552266,149.27286342442747,2.5914692917166438,0.875565515569643,894.0,16960.0,150.01471145963663,14200176.0,255.0
1029,41.16,1316.8181631945095,626.3617842333412,1316.8181948784254,626.3619042488237,1321,481,55686.0,133.1367880115431,60.49482401664344,73.82442174307916,74.69899567557349,59.41152264978009,104.5785866477611,0.20465433152794565,132.16715876025694,11.113460735654257,113.64044893626581,149.36999181918787,2.5322475068716592,0.8874215186865982,888.0,16980.0,149.99401616030272,14199914.0,255.0
1030,41.2,1316.8001266577255,626.3655018414458,1316.8001328975251,626.3656118673898,1323,481,55682.0,133.1320062287271,60.47995997036615,73.84152778495383,74.70886324923733,59.40523996786779,104.51011831881333,0.20484347660751967,132.15553049515543,11.139510145218372,112.66214758016406,149.64004553791602,2.6342479151749068,0.8893597085659799,887.0,16997.0,150.007821372808,14198897.0,255.0
1031,41.24,1316.8711588425772,626.3729580911895,1316.871161788472,626.3731549649847,1322,481,55690.0,133.14156962262126,60.48014798771715,73.85466843400694,74.725949400222,59.400276399598766,104.53395305762719,0.2050917134359983,132.1688425995764,11.154294445617479,112.59073614464916,149.64641911421654,2.6523391752919405,0.9161450019553729,874.0,16916.0,150.01894557259158,14200928.0,255.0
1032,41.28,1316.8621377205427,626.2490357037238,1316.8621470144428,626.2491557088454,1322,481,55668.0,133.11526863616834,60.47414372987061,73.8276649098802,74.69818102116639,59.39552102672105,104.53765443259519,0.20485987456788535,132.13966471814567,11.12841208141278,113.60676896415418,149.2428022881813,2.588024535230415,0.903337705785313,880.0,16897.0,149.9416580853675,14195326.0,255.0
1033,41.32,1316.8373685909326,626.2976141721531,1316.8374160410904,626.2977802521461,1326,480,55682.0,133.1320062287271,60.48295846854431,73.82228801805296,74.67965779958766,59.4211004969153,104.44477459954878,0.2043201288310752,132.1675439101318,11.075181708449676,113.62706424148529,149.1245963329535,2.5508712491975922,0.899471733162555,882.0,16943.0,149.93379161821176,14198887.0,255.0
1034,41.36,1316.8521912439867,626.3384200033568,1316.8522171913182,626.3386157826649,1321,481,55656.0,133.10092045303463,60.44169480816565,73.84182624879712,74.69368094604575,59.38575419889272,104.3763259857884,0.20494272812998138,132.13486137522605,11.12427790728093,113.60864542650582,149.28338568831734,2.6145286193381545,0.9031429789679418,880.0,16829.0,150.11113075780494,14192258.0,255.0
1035,41.4,1316.8642757760954,626.3335858228921,1316.864288922828,626.3337705507142,1326,480,55655.0,133.0997247012888,60.48160851683949,73.78629843363707,74.63560183119293,59.43037728819845,104.39886827011745,0.2037261597673573,132.14102828602296,11.051583181511903,113.5970424027542,149.6837219230324,2.5796496510358407,0.8929507568606208,885.0,16807.0,149.99116398001078,14192006.0,255.0
1036,41.44,1316.840860415617,626.3852428271286,1316.8409642016777,626.3854830887503,1323,481,55673.0,133.12124658937873,60.519133110741414,73.76582589237364,74.62587124738893,59.455377238965944,104.50620940446306,0.20328732857445575,132.1578836998432,11.026897719983548,113.6157526870886,149.039302907402,2.5517363781397977,0.9096101580010872,877.0,16704.0,149.95711649878706,14196581.0,255.0
1037,41.48,1316.7575522908319,626.3525936218747,1316.7576399612167,626.3530003231946,1326,480,55694.0,133.14635106198006,60.49337658376632,73.83124773449293,74.70121035018808,59.41574643774484,104.54032500243476,0.2046213687942574,132.18283082388004,11.094381849712061,112.705708695014,149.25121611298863,2.503724621970501,0.8935764882327808,885.0,16925.0,149.97348338488922,14201916.0,255.0
1038,41.52,1316.8212329998564,626.4290311203969,1316.8213387467663,626.4292002012073,1322,480,55664.0,133.11048608030296,60.46083489648321,73.82067240181696,74.6637603445281,59.41655595413668,104.3270657088904,0.204211578951218,132.14028135264402,11.076931438930808,113.63141236758689,149.38525937859015,2.55843348951426,0.9012233980806675,881.0,16942.0,149.9659394978021,14194292.0,255.0
1039,41.56,1316.7844679617747,626.4330263092636,1316.784550435642,626.43323452798,1322,481,55665.0,133.11168173537854,60.47295598615564,73.81578704007822,74.67248318222761,59.411859737342276,104.43820046035962,0.2043674295341692,132.1400208155588,11.106245939421786,112.67168940047495,149.37258123068457,2.571833890353099,0.9074089230653423,878.0,17001.0,149.94780069655764,14194544.0,255.0
1040,41.6,1316.8051462520887,626.3810212217344,1316.8052270194485,626.3812416867383,1322,480,55634.0,133.07461143264334,60.46933982054782,73.78244385325979,74.65109982624453,59.39363075300582,104.54183029344084,0.20438371448982662,132.11188652705323,11.091761122693272,113.65169914720653,149.23250207377336,2.5409138003760576,0.8906000320501738,886.0,16988.0,149.8684499772442,14186635.0,255.0
1041,41.64,1316.8120863361833,626.3523570251741,1316.812173444654,626.352473292037,1322,481,55695.0,133.14754639499077,60.506059324227465,73.80756615910082,74.66229391611665,59.44814466794053,104.44138078721504,0.20377286110803494,132.18162895481981,11.048237053056244,113.64734256925925,149.06600101433173,2.501311350256465,0.9037758411243985,880.0,16996.0,149.95467158961668,14202203.0,255.0
1042,41.68,1316.8413504731388,626.4588041502222,1316.8413793103448,626.4590517241379,1322,481,55680.0,133.12961527291162,60.448462413410766,73.86906851368254,74.72453546288497,59.38770656525392,104.3946338876507,0.2052448878086197,132.1664892612867,11.161089587832015,113.60873995297564,149.98233468184313,2.5847573492191867,0.9265514450660438,869.0,16812.0,150.0244629600869,14198372.0,255.0
1043,41.72,1316.82300121679,626.5086526750811,1316.8230450460146,626.5087634321799,1322,481,55743.0,133.20490976515484,60.56059980699351,73.8254337415564,74.71635800993859,59.457941116746056,104.72895293834104,0.20421788882111858,132.23541333191733,11.0953905051163,113.6226227072614,149.30748028823697,2.5377138936532693,0.8923449255234719,886.0,17027.0,149.98487587295958,14214448.0,255.0
1044,41.76,1316.8184529172026,626.3365163736787,1316.8185147945992,626.3366489514508,1322,480,55696.0,133.1487417172705,60.47174402196282,73.86962370294698,74.74525179549903,59.38602920805727,104.5561259107849,0.20548760246957454,132.18017259632967,11.150132601128215,113.64241718221484,149.67201556432704,2.578694799069291,0.8996978853170085,882.0,16864.0,150.03616875697006,14202459.0,255.0
1045,41.8,1316.778682673239,626.4201644248269,1316.7787634456874,626.4202596656312,1322,481,55687.0,133.13798343041236,60.46803174579133,73.8563515557724,74.7191357130039,59.39860509003202,104.4640511227817,0.20504159311769898,132.16197192307797,11.154529546681735,112.92787993370824,149.18898991910334,2.5842431452965506,0.9160956495580687,874.0,16854.0,150.03513420644654,14200167.0,255.0
1046,41.84,1316.8397768396485,626.4186013790015,1316.8398462063637,626.4187103613073,1322,481,55659.0,133.10450764381952,60.42854621732311,73.85798518403281,74.71200072534306,59.369420756819785,104.3799209602519,0.20535629911619968,132.132190439452,11.133058575287889,113.61386730180283,150.0214926972675,2.535738312172065,0.9156350271832302,874.0,16705.0,150.02027012146445,14193023.0,255.0
1047,41.88,1316.7709474413957,626.4210628755905,1316.7710030504218,626.4211914588193,1322,481,55730.0,133.18937629188994,60.445898755883974,73.93238460171648,74.78082267003876,59.393036040388765,104.3123670448981,0.2057718286618312,132.22256710286933,11.175790758789267,112.68622450442003,149.30817672202625,2.553889155058128,0.8901263704317744,887.0,16809.0,150.08353823470182,14211127.0,255.0
1048,41.92,1316.7318111429745,626.4408353055708,1316.731841868823,626.4409523809524,1322,481,55650.0,133.09374578141512,60.445184130321834,73.8336610553602,74.69898961126859,59.37247460264656,104.4833584629568,0.2051770055844232,132.118037643573,11.1299983972439,112.723436119855,149.38190146570057,2.548337273957911,0.8948917465463033,884.0,16694.0,150.03425076982032,14190735.0,255.0
1049,41.96,1316.8454138002837,626.4950833689009,1316.8454452405322,626.495196537916,1324,481,55689.0,133.14037423595113,60.48891253774933,73.83862401619254,74.71382090216804,59.40451079508098,104.57427920992993,0.20490599894674655,132.1665337818078,11.132600966876131,113.60149215955526,149.34749828302844,2.5864842526073417,0.9098715730950827,877.0,16726.0,150.0151566737166,14200679.0,255.0
1050,42.0,1316.8131425795477,626.4509554206572,1316.8131964914803,626.4511467395212,1322,481,55636.0,133.07700337669684,60.46339681850825,73.79891036132067,74.67142780090826,59.38248391170903,104.56082287987658,0.20474958547683297,132.11671009912646,11.116156243629272,113.63752987563427,149.16543138440704,2.5872047845029194,0.8926459133716198,885.0,16946.0,149.98206822203812,14187154.0,255.0
1051,42.04,1316.805871091464,626.428688634111,1316.8059374269951,626.4287382967635,1326,480,55647.0,133.0901583005648,60.49736845347989,73.77429640292222,74.65337498156205,59.40919123674898,104.63597040770692,0.2041995254545168,132.1230541652605,11.087937616024456,113.6467434499683,149.18587360124766,2.6069284524998966,0.8808383442571933,891.0,16826.0,149.99791406840134,14189968.0,255.0
1052,42.08,1316.8725207998837,626.442196040947,1316.8725942963933,626.4424338263042,1321,481,55649.0,133.09254996520943,60.49560801599632,73.79028996255597,74.68384529761279,59.38896137789756,104.73545272616035,0.2047950779551535,132.11442505306636,11.13437306368493,112.58317377462974,149.28831535065507,2.6128427304241573,0.8948756658320796,884.0,16725.0,150.04787252830087,14190464.0,255.0
1053,42.12,1316.8093446697912,626.4426228954078,1316.8094237641185,626.4427624845123,1326,480,55689.0,133.14037423595113,60.494243531152655,73.82889081013255,74.6946399153889,59.42196047398023,104.51007317921862,0.20446821162414008,132.1747621666002,11.12029067250119,112.64605627612349,149.43825613163997,2.59022788132026,0.8955188944010256,884.0,16844.0,150.00847051440357,14200673.0,255.0
1054,42.16,1316.8305025231173,626.3528315600856,1316.8305084745762,626.352897874174,1322,481,55696.0,133.1487417172705,60.51255221984548,73.82935055349166,74.70957124800651,59.42240270511556,104.62635443981425,0.2046212859680795,132.1887977675182,11.153186425100255,112.63303701594246,149.06973163434512,2.6468496217867012,0.9037920683591794,880.0,16978.0,150.0198770793534,14202471.0,255.0
1055,42.2,1316.7987943898067,626.3160699790465,1316.7988107214717,626.3161828111527,1323,481,55664.0,133.11048608030296,60.46711137158599,73.83374857224022,74.70598678621768,59.386105480575495,104.54476625463978,0.20506899064839756,132.1476952456822,11.133132309721947,113.66382594887149,149.4812567030505,2.619353383802193,0.9199226362965146,872.0,16958.0,150.04130857517106,14194306.0,255.0
1056,42.24,1316.853271590332,626.2530351688415,1316.853314172804,626.2531704688342,1326,480,55670.0,133.11765984966692,60.50655391643317,73.79741012951432,74.68031347868029,59.41339568979389,104.65810385229726,0.20443028527517892,132.16058193965404,11.109639766241463,112.61939714845923,149.3673661299693,2.5881787318977523,0.9371381120613843,864.0,16782.0,150.15309805005057,14195833.0,255.0
1057,42.28,1316.8700033187886,626.3288867386306,1316.8700405730494,626.3291802807798,1322,481,55702.0,133.15591342561362,60.53093664373207,73.80261041822979,74.67220879729297,59.45486379469714,104.56698156260238,0.20378860151177813,132.1916408084336,11.078149432344734,112.59585907970524,149.2360065590365,2.603291501133944,0.8937048433860444,885.0,16894.0,150.1095959567115,14203978.0,255.0
1058,42.32,1316.7810400711833,626.37795207953,1316.7811539774666,626.3781962588273,1322,481,55651.0,133.09494158687676,60.46752874711395,73.82091418082842,74.71190801353296,59.363121584479345,104.69024125376642,0.20543962585286146,132.13623148297089,11.157239729132142,113.67598168575499,149.34621243352726,2.541870996473998,0.9324961611877262,866.0,16752.0,150.0355356899994,14190971.0,255.0
1059,42.36,1316.9215765421923,626.3432493463208,1316.921651781703,626.3436719437905,1322,481,55649.0,133.09254996520943,60.459651322549924,73.82282793731335,74.70615240982617,59.364721466762624,104.62908635584296,0.2053569946810121,132.12491029620926,11.129674655760663,113.53910962357331,149.2317202135567,2.52220660929156,0.8948756658320796,884.0,16870.0,149.88764811958762,14190448.0,255.0
1060,42.4,1316.8105254637132,626.4181340817081,1316.810564859189,626.4183404232406,1343,480,55713.0,133.16906055446037,60.4951042419248,73.85384195047939,74.72109156151564,59.420586364856206,104.5105957543493,0.20476822376267056,132.20057000511997,11.101788240657955,113.64304338480592,149.57393206549514,2.5104895196596244,0.877937280048997,893.0,16964.0,150.04581605533983,14206785.0,255.0
1061,42.44,1316.8683174159637,626.2714700691952,1316.8683737968681,626.271620456831,1322,480,55688.0,133.13917883854825,60.499222082618815,73.83078855411911,74.71566493211523,59.40295131453456,104.65446326549231,0.20494649457370706,132.16906173222884,11.13857245810163,113.59859275615328,149.5489373689762,2.588455627632109,0.8975322811690732,883.0,16790.0,150.04165886505808,14200420.0,255.0
1062,42.48,1316.7844985413537,626.3737866109127,1316.7845780097175,626.3739067842362,1326,480,55570.0,132.99804650908692,60.41648982609365,73.76925381153983,74.64591004550226,59.32995166268589,104.58448867885284,0.20518148112174062,132.03354239490662,11.135024182722827,113.6729080748421,149.05502661896443,2.544160901612823,0.9058603045853063,878.0,16708.0,150.004221927496,14170331.0,255.0
1063,42.52,1316.8835933191654,626.331623360981,1316.883720512406,626.3317882103523,1325,480,55659.0,133.10450764381952,60.449551858812235,73.85295140574307,74.73129750913041,59.36025542290156,104.5741405520271,0.2056841323322517,132.1358940409445,11.18727057267341,113.5779789677057,149.23590406877835,2.6034063596513497,0.932630210338496,866.0,16783.0,150.04185578471072,14193017.0,255.0
1064,42.56,1316.7645010207673,626.385540174523,1316.7646022155086,626.3856639332471,1322,480,55608.0,133.04351224658885,60.46784261564899,73.75016106838562,74.62273265820212,59.38765880910117,104.58510195794852,0.20416129651647652,132.06870151637315,11.07239844072438,113.69177901236786,149.41672424317454,2.5085395354918103,0.9274866968974772,868.0,16691.0,149.96505277821583,14180019.0,255.0
1065,42.6,1316.8233873954384,626.4041975480119,1316.8234639078973,626.4042602870127,1325,480,55677.0,133.12602875867256,60.47884791681871,73.82504794484191,74.69024868610586,59.40703241714365,104.50092217277991,0.20462130650001775,132.16184570353823,11.102889327383476,113.63147003418553,149.30564372578766,2.507292708285459,0.9222515217285588,871.0,16760.0,150.00960567284616,14197622.0,255.0
1066,42.64,1316.773293224415,626.3924933529547,1316.7733772190147,626.3925250454145,1322,481,55599.0,133.03274544988005,60.462398224744646,73.7527276522081,74.63118959303462,59.374674526745046,104.62563426601965,0.20442545736552853,132.07600858540678,11.095280157136145,113.68240373157236,149.37115717906985,2.5728342735544043,0.9230778699798595,870.0,16797.0,149.88848749807232,14177728.0,255.0
1067,42.68,1316.7686544062644,626.4821585601107,1316.7686655648174,626.4821967519401,1325,480,55664.0,133.11048608030296,60.4677121480651,73.81638670232338,74.6695020770438,59.41101427996794,104.40846304174059,0.20434698735947365,132.1392261434374,11.085913698909385,113.67908799054337,149.58765039692943,2.5628292874806227,0.9053291941246827,879.0,16829.0,149.9948688147573,14194314.0,255.0
1068,42.72,1316.8893265822935,626.4087245832084,1316.889343600237,626.408827383196,1326,480,55713.0,133.16906055446037,60.48322998526824,73.8755595604259,74.746472764961,59.403570759793794,104.52322813434002,0.20526590001661615,132.2009338375444,11.164858876275119,113.5653925816861,149.32436867650793,2.5400120221875375,0.9061261388378207,879.0,16961.0,150.0263381127551,14206799.0,255.0
1069,42.76,1316.8723121677242,626.3889178922035,1316.8723904998023,626.3891164528764,1324,480,55662.0,133.10809473793154,60.47495662201673,73.8264144549679,74.71324777435044,59.375840682217024,104.66024964332533,0.20528363508511338,132.14096673134298,11.15334700054054,112.58815328377442,149.28688163984324,2.5850499441591506,0.9283873637373647,868.0,16751.0,150.0211422254781,14193780.0,255.0
1070,42.8,1316.8211016811285,626.5038570670994,1316.8211514977372,626.5040586164787,1325,480,55684.0,133.1343971416035,60.463280162724885,73.86780463770596,74.74827472118562,59.37134187667158,104.58932130654803,0.20571622424558544,132.15828906049336,11.180333132674424,113.62493654677264,149.57633113003052,2.5342488235029355,0.8934160442912014,885.0,16837.0,150.01554650025628,14199390.0,255.0
1071,42.84,1316.8574051912174,626.3752151964704,1316.8574429502487,626.3753343986211,1323,480,55697.0,133.14993702881947,60.476379628369756,73.8724605458912,74.74760523236147,59.39131613364026,104.55327531030095,0.20544188741544867,132.1787310710119,11.191374028739785,112.60423044079204,149.2539634316122,2.6131711777426134,0.9079305629744071,878.0,16743.0,150.1608087604935,14202719.0,255.0
1072,42.88,1316.8606317484887,626.3989344997804,1316.8606585352709,626.3989832761501,1322,480,55669.0,133.1164642482869,60.47444416892077,73.82157007323366,74.6816530078307,59.409033905924055,104.46192071612157,0.2045029600550653,132.15606695461372,11.103375879161034,113.5948426217346,149.32852790520175,2.5633140672720356,0.9074741280539754,878.0,16850.0,149.9795069179973,14195586.0,255.0
1073,42.92,1316.9066463733639,626.3985205368704,1316.906664991745,626.3985535855287,1343,480,55724.0,133.18220638548362,60.53155576187875,73.84723951090531,74.74562644412428,59.41864483316562,104.76119617825543,0.20505522985236158,132.2238151455263,11.153530724521927,112.55309736882332,149.17462104530495,2.5823776998415733,0.9104434186131982,877.0,16874.0,150.03063993587088,14209614.0,255.0
1074,42.96,1316.8684278052506,626.2761990747633,1316.8684522313574,626.2763077585897,1323,480,55706.0,133.16069434992536,60.526205868594,73.8312680729395,74.7364387496541,59.404902702764176,104.81585473973746,0.20514137820034783,132.2056895408916,11.142532516194626,112.60219919984505,149.34756860842316,2.57664666565429,0.8877402420708191,888.0,16912.0,150.0182055358129,14205015.0,255.0
1075,43.0,1316.8142363476777,626.3100611394027,1316.8142647006064,626.3101567825495,1322,480,55746.0,133.20849415559653,60.547136445023085,73.84768087363541,74.7385808292858,59.4439251541388,104.71268528943973,0.20464204036844502,132.24126662828044,11.105166884500457,113.64898538980545,149.3038789819401,2.568393732680655,0.8984670763189765,883.0,17022.0,149.96637889366724,14215219.0,255.0
1076,43.04,1316.8605664503357,626.3976054563593,1316.8605928931822,626.3976980949133,1324,480,55693.0,133.14515571823804,60.5320732524323,73.80899677189733,74.71746472643004,59.40707332941475,104.85275875261125,0.2049104777989007,132.17938967525382,11.13284721885262,113.59502583542626,149.53824055479024,2.596519831593884,0.9161943543526768,874.0,16843.0,150.00952128665486,14201704.0,255.0
1077,43.08,1316.8164260109736,626.3448935673614,1316.816476711837,626.3451673696491,1323,480,55715.0,133.17145080207658,60.49059370475161,73.87532636803824,74.75544106246848,59.39949329997104,104.5952688344428,0.20541578705509111,132.20378029489947,11.159214186287205,113.64368705662011,149.50276475816653,2.592978202391146,0.9123758610889854,876.0,16977.0,149.9845553356893,14207296.0,255.0
1078,43.12,1316.8270383969968,626.3289927069139,1316.8270190684814,626.3292096096527,1322,480,55694.0,133.14635106198006,60.473661726873864,73.85419327093494,74.71037399110968,59.41267242319188,104.41753797487068,0.20476007213855174,132.17542956344764,11.118755183431793,113.63453962018846,149.54686494447657,2.5714631431259622,0.8875490080402866,888.0,16993.0,149.95405312893746,14201944.0,255.0
1079,43.16,1316.7787509140687,626.4630887410196,1316.7787794978628,626.4633274666858,1322,480,55682.0,133.1320062287271,60.432264268213395,73.88922697603101,74.74587198992566,59.36944540893283,104.3876792360719,0.20571606393280528,132.16525400165506,11.161848626351029,113.67071332603933,149.3436506496134,2.5409955851769217,0.9097572039914598,877.0,17004.0,149.9469659178131,14198879.0,255.0
1080,43.2,1316.9144605460351,626.2242978464861,1316.9144934039307,626.2245714798528,1343,480,55715.0,133.17145080207658,60.49469398320869,73.85574651268591,74.70739964410481,59.439748750177195,104.39160056593774,0.2043659793629612,132.2104849617747,11.099209012303062,113.55689778464907,149.34713423008,2.5987778200006164,0.918657259832681,873.0,16846.0,150.02412797970985,14207292.0,255.0
1081,43.24,1316.8525341075806,626.255210473307,1316.85250314014,626.2553382379328,1325,480,55730.0,133.18937629188994,60.55841242455613,73.81963209595949,74.71150046050724,59.45461375793365,104.73760622577718,0.20421068521623964,132.21531027291218,11.104315020250288,112.61993365239009,149.36508944102124,2.6137774822153284,0.8921368189624364,886.0,17073.0,150.06276190584742,14211137.0,255.0
1082,43.28,1316.8367119155332,626.3216235708945,1316.8367863100684,626.3217994941613,1325,480,55749.0,133.2120784495916,60.514682153489154,73.87967664229195,74.7406456443435,59.448038366073234,104.46029117383794,0.20460898011291984,132.2431939033344,11.113031368621414,112.62966888620075,149.4528558929918,2.589649091934072,0.9025995835656642,881.0,17054.0,150.05333285280597,14215973.0,255.0
1083,43.32,1316.8231718880356,626.4050430868849,1316.8231908484545,626.4051674675464,1326,480,55772.0,133.23955483354922,60.49851962829807,73.93566160690415,74.80336911312006,59.4222929866605,104.47914747121912,0.20562009851721785,132.26309462856594,11.187702439156158,112.63564649258016,149.80248295775368,2.5720915262729065,0.9112276638951851,877.0,16987.0,150.07264048036458,14221845.0,255.0
1084,43.36,1316.800742125553,626.2988639365398,1316.8007394644267,626.2989625960226,1343,480,55716.0,133.17264590979667,60.51165693406523,73.84580403419275,74.72444252232683,59.42323693716017,104.60675673762782,0.20476841403794788,132.21761596649586,11.120750036579071,112.66754802750683,149.5090269321128,2.5514318399777505,0.9082402866704142,878.0,17098.0,150.01340254802795,14207569.0,255.0
1085,43.4,1316.8558924073034,626.304820975139,1316.855889634387,626.3049226794876,1343,480,55742.0,133.203714946907,60.53810950593138,73.85826251432592,74.75646198943659,59.425390491011015,104.75772866553676,0.2050802176886316,132.24423118770278,11.142607872690956,112.61208762358368,149.4156440456323,2.529532151730372,0.8923289173264692,886.0,17014.0,150.0652867801359,14214199.0,255.0
1086,43.44,1316.9404102222961,626.2875104042932,1316.9404327915956,626.2875639759361,1322,481,55685.0,133.13559258194024,60.46428507072931,73.86374941238607,74.73803278736531,59.38021304647611,104.54544434426323,0.20548868050331515,132.15578981660008,11.149294167103031,112.52949076032913,149.50325359180766,2.5635181890838563,0.8954545715441311,884.0,16884.0,149.99102406100394,14199667.0,255.0
1087,43.48,1316.9004037680322,626.3455322529289,1316.9004398958614,626.3455965526529,1323,481,55695.0,133.14754639499077,60.50862207445446,73.82516792334846,74.70755572356926,59.41573766326182,104.64264628728012,0.20468904265707444,132.17338202753663,11.122164079998113,112.56408174632566,149.47604675653199,2.567780526957792,0.8956153786863678,884.0,16920.0,149.9556795832022,14202214.0,255.0
1088,43.52,1316.8813802048112,626.2836369238416,1316.8813924664546,626.2837024662751,1324,481,55671.0,133.11885544030872,60.479739171932565,73.8403006651787,74.73549686919966,59.369978611608325,104.71789273349862,0.20559866330297794,132.1534142104135,11.178897468287767,112.5886258384907,149.4237066459158,2.588484590101703,0.8992940421840558,882.0,16974.0,149.99927582933654,14196096.0,255.0
1089,43.56,1316.9082308683728,626.304550244457,1316.9082392634734,626.3046607203747,1323,481,55721.0,133.17862128752873,60.54736209231592,73.81676811973406,74.70587710182467,59.44686903805506,104.71354811734615,0.2042544530060395,132.2036861356214,11.102904856677753,113.55586883214887,149.43474893152398,2.6154210557744477,0.9187561908846238,873.0,16986.0,150.08230318800858,14208841.0,255.0
1090,43.6,1316.820089699932,626.3837603549043,1316.820118067144,626.3839335378873,1325,480,55731.0,133.19057123876615,60.547552835472466,73.82014668393624,74.69525515064201,59.46460349470668,104.60777189045562,0.20390387080436156,132.21344999941905,11.077563951907601,112.64062534656928,149.39882355045873,2.5617414824235207,0.8921528271594391,886.0,17039.0,150.04655960747726,14211382.0,255.0
1091,43.64,1316.9099560862787,626.3056166669985,1316.9099404505669,626.3057827521882,1325,480,55752.0,133.21566264714784,60.552627007655886,73.8371368688837,74.70688822908609,59.47624962663165,104.56214933478554,0.20387194492360883,132.24826126632445,11.056056674742786,113.55405492943834,149.2664496356937,2.5728833669400255,0.9026481548180759,881.0,17111.0,150.0057907830003,14216741.0,255.0
1092,43.68,1316.8734256633438,626.321390898211,1316.873496355345,626.3215375776509,1325,480,55698.0,133.15113232963802,60.51337726361367,73.8185437967577,74.69543676944319,59.4275858667032,104.60674699246677,0.20440138732793178,132.19461392016544,11.085952112979452,113.58902169095545,149.24401579192863,2.580332747145258,0.9038245228287412,880.0,16978.0,150.04122237261552,14202966.0,255.0
1093,43.72,1316.910737153676,626.3377864750225,1316.9108043583622,626.3379166741461,1325,480,55709.0,133.16427993051587,60.51766551208793,73.82494429353558,74.6914533734999,59.44490753572487,104.52783923602152,0.20412704732807374,132.1926772594559,11.092128245889688,113.55039376705436,150.5708756470829,2.5868876153970715,0.872005466452257,896.0,16989.0,150.08658763207535,14205776.0,255.0
1094,43.76,1316.892558308806,626.3353341885188,1316.8925980462577,626.3354043959201,1325,480,55688.0,133.13917883854825,60.45661659592104,73.8744818674873,74.74165895792217,59.38119212034699,104.48409770319792,0.20551412761954846,132.17187287871192,11.169985058250315,113.56871825107734,150.574484719261,2.549584575244473,0.9016119680999607,881.0,16764.0,150.1118023654083,14200428.0,255.0
1095,43.8,1316.8940039428426,626.3657174103714,1316.8939807498923,626.3659675334004,1323,481,55688.0,133.13917883854825,60.469507942240845,73.85992200979321,74.7334666533114,59.38651725811051,104.54390799291505,0.20535578078286398,132.1785139640263,11.153729186887738,112.56863633175054,149.49721479002338,2.5357740901296904,0.9266845702736682,869.0,16760.0,150.08467366823498,14200415.0,255.0
1096,43.84,1316.8487367847013,626.3246852316844,1316.8487316397893,626.3248476349711,1325,480,55623.0,133.06145497175729,60.440195381923836,73.79458491980563,74.64720713174822,59.383941000251994,104.40242836479223,0.2044720320822907,132.0985282226074,11.102073102245736,112.61741716138417,149.14884239348117,2.4831685470439475,0.9129524671771432,875.0,16704.0,149.97134324593756,14183845.0,255.0
1097,43.88,1316.7672098395728,626.4071529414948,1316.7672178289001,626.4073508267434,1323,481,55640.0,133.08178713582905,60.440223519832784,73.81899167647562,74.6671167848804,59.389273629940575,104.35738412401113,0.20461273734401775,132.11747099606387,11.118314843075918,112.69119177428593,149.19954390445304,2.5659529632128537,0.9132314918960907,875.0,16771.0,150.01655893778013,14188177.0,255.0
1098,43.92,1316.7740717438112,626.436936000699,1316.7740747394898,626.4371182177506,1323,481,55660.0,133.10570335259789,60.46918936145835,73.80637925826043,74.64789826261217,59.4272308476576,104.32497965829702,0.20389947700078692,132.14666132060037,11.082176038161768,112.68169435176601,149.17164469698773,2.56444238884329,0.9240906175125267,870.0,16849.0,149.98213407416213,14193280.0,255.0
1099,43.96,1316.820881081106,626.3980343075904,1316.8209164168925,626.3981549616814,1323,481,55717.0,133.1738410067918,60.46046317227298,73.90381590836296,74.76492538381376,59.39231890721005,104.42712782232508,0.2056125435514955,132.2000548541756,11.167420484449186,112.63855627318348,149.2188481010837,2.5273531990483327,0.9124086126230817,876.0,16909.0,150.0445553238102,14207818.0,255.0
1100,44.0,1316.8700881422806,626.3921278686148,1316.870089277695,626.3923548114749,1323,481,55669.0,133.1164642482869,60.49191796637805,73.79916678769752,74.65606583703924,59.4311449624275,104.4554352026695,0.2039341439159813,132.14421757212506,11.085188020819482,112.59008001967615,149.17393952216162,2.572543657728596,0.9306472300788767,867.0,16911.0,150.00822923217305,14195571.0,255.0
1101,44.04,1316.84597971852,626.3562158894333,1316.846019891566,626.3563426806936,1324,481,55702.0,133.15591342561362,60.48665562807258,73.85796908539224,74.72947345019315,59.40657290523227,104.53699847656162,0.2050449419421312,132.18149291938386,11.140299038505468,112.61731865561825,149.46041429428323,2.5562608859492477,0.9311989080072139,867.0,16853.0,150.12303459237714,14203993.0,255.0
1102,44.08,1316.9087833458445,626.3458838806512,1316.9087873020433,626.3459977735483,1324,480,55694.0,133.14635106198006,60.483825869745964,73.84232671509507,74.70670635274345,59.412881031520044,104.48920107087666,0.204718238400317,132.1771144643657,11.11349694929573,113.5516153317332,149.38975829137647,2.497277130102949,0.9310651679033746,867.0,16899.0,149.95763163794393,14201957.0,255.0
1103,44.12,1316.931658647639,626.4592812513049,1316.9317316670258,626.4594914889033,1323,480,55692.0,133.14396036376442,60.48649229577403,73.83888988281163,74.70731419032334,59.41055980077133,104.522336740174,0.20475578001080597,132.18930948932802,11.126642325073979,113.51874757697064,149.5734160216119,2.521657373926634,0.9161779035535755,874.0,16940.0,149.9763311379846,14201431.0,255.0
1104,44.16,1316.8687802565955,626.3307068053255,1316.8688783287007,626.3309782121403,1323,480,55765.0,133.23119305567704,60.55509289722089,73.8514467506934,74.71979503347234,59.48031349209113,104.54624598236843,0.2039550768916638,132.27293864660948,11.082647262896442,113.59281389268016,149.4723122027948,2.5574221542203475,0.9173788118879757,874.0,16948.0,150.06688513655908,14220040.0,255.0
1105,44.2,1316.8895332023494,626.3266121407457,1316.8895979350027,626.3269041174467,1323,481,55787.0,133.2574711621646,60.571612976617885,73.86846117754128,74.74820630933682,59.48256474685608,104.63125760200488,0.204227530213978,132.29384498116085,11.108694304770012,112.57661550809476,149.241953250073,2.58861245856315,0.9073296879964371,879.0,17024.0,150.04918963959375,14225650.0,255.0
1106,44.24,1316.8405960431019,626.3695959055458,1316.84063873688,626.3698573607248,1325,480,55735.0,133.19535091906764,60.515212631098464,73.87571972313708,74.76421087508949,59.41401936095314,104.66808097493406,0.20531469983388595,132.21701201805038,11.165278543001644,113.61740991206138,149.51688219717585,2.56529398237492,0.9106231414903202,877.0,17012.0,149.94624547534158,14212395.0,255.0
1107,44.28,1316.938066858011,626.3696437616072,1316.938148028558,626.369892010189,1324,480,55746.0,133.20849415559653,60.51753580576508,73.88919954084965,74.77892594062118,59.41462937658239,104.67217810529628,0.2054629211475829,132.23308873045926,11.16893290584458,113.52032800564045,149.45390889720574,2.605179228181615,0.9066628567058523,879.0,16917.0,150.01603486955457,14215200.0,255.0
1108,44.32,1316.8790905850233,626.2512496311364,1316.879103914987,626.2512699922813,1324,480,55709.0,133.16427993051587,60.525584984594566,73.8148743960786,74.69074120525175,59.441360163158656,104.60611636501598,0.2041669529050123,132.19878163575487,11.059783917048774,113.58968631275567,149.3139502747336,2.560632148607981,0.9206663219575045,872.0,16756.0,150.02261996197623,14205792.0,255.0
1109,44.36,1316.848295243848,626.2795330534125,1316.8482465118784,626.2796243423297,1324,480,55689.0,133.14037423595113,60.493290851889654,73.83392541299723,74.70748894251786,59.41109219570808,104.56608619751539,0.20475051381501086,132.1751734868082,11.118307312890543,112.62194506875579,149.34040730902046,2.618742564030687,0.8955188944010256,884.0,16928.0,149.9462752889603,14200682.0,255.0
1110,44.4,1316.8128243174606,626.2814999437094,1316.8128138000286,626.2816131114618,1322,480,55768.0,133.23477673902426,60.5439258145568,73.87010307330938,74.73239161704714,59.47628707557502,104.48729947403938,0.2041431327348563,132.27298336457005,11.103323742802665,112.65708956017804,149.3316295255116,2.623788290287768,0.9153323838975769,875.0,16840.0,150.07914065403799,14220827.0,255.0
1111,44.44,1316.8661891405063,626.2991074344473,1316.8661270348368,626.2993520828472,1322,480,55717.0,133.1738410067918,60.54215590893801,73.80533258362334,74.6774032295391,59.46314158177514,104.58929210682176,0.2037331373320419,132.20818264018902,11.06595821780921,113.5982274099585,149.12870760127788,2.5578081268821387,0.9020814902066066,881.0,16874.0,150.03235703862916,14207808.0,255.0
1112,44.48,1316.875625761511,626.3934759234279,1316.8757001292547,626.3937060175213,1322,480,55704.0,133.1583039092263,60.48949460759793,73.84730805233261,74.70039811514893,59.43277198563923,104.40401250772457,0.20438480268840076,132.1799205198824,11.115374264700776,113.58039425983523,149.30956725522105,2.5858111139175484,0.8857123987623552,889.0,16834.0,150.13356415392238,14204493.0,255.0
1113,44.52,1316.7763384433024,626.4874372319231,1316.776301615799,626.4876481149013,1343,480,55700.0,133.15352289908495,60.48189096254858,73.85261549413222,74.70849003825532,59.4214562757735,104.4194910920879,0.20462244324110845,132.18048949194954,11.11607810316439,113.66539149281874,149.1225320198169,2.589886149041752,0.8916565730523542,886.0,16900.0,150.05766559705836,14203478.0,255.0
1114,44.56,1316.8093152690683,626.4549766879454,1316.809434843531,626.4551072467934,1325,480,55666.0,133.11287737971443,60.47297062050375,73.81204906623223,74.65920144322246,59.42392113353439,104.36723395066393,0.20406433520822398,132.146932022209,11.085065892058887,113.63798251834756,148.964787116266,2.6028261030022777,0.9115734485036249,876.0,16829.0,149.99803820596549,14194802.0,255.0
1115,44.6,1316.8284216897066,626.4234230166003,1316.8284230948873,626.4236338159739,1322,481,55666.0,133.11287737971443,60.483559118322496,73.81590881100414,74.69374389037945,59.39607681364564,104.60182983238606,0.20480519893586624,132.13762988541865,11.13290617978959,113.62413459358521,149.21793738546447,2.573945841645654,0.8851081859382677,889.0,16829.0,150.14085823625362,14194807.0,255.0
1116,44.64,1316.879574866186,626.4369258037655,1316.8796055113444,626.4371530709398,1322,481,55667.0,133.11407301331093,60.463665489673886,73.83019872298229,74.69143016707162,59.39649272069606,104.46205918223117,0.2047749977763642,132.15303574499967,11.104599387482184,113.57148737963966,149.4079477103645,2.5654785046481483,0.9284707588151321,868.0,16678.0,149.99714131136503,14195060.0,255.0
1117,44.68,1316.8572338540891,626.3753769289301,1316.857227562663,626.3756356122541,1325,480,55655.0,133.0997247012888,60.4378208653307,73.85152578264207,74.7106687400879,59.372502286689105,104.42559428820148,0.2053008855637336,132.12742779763914,11.148957460587464,113.60032383736251,149.29162896821242,2.61445253689249,0.8889284612664704,887.0,16791.0,150.06118327051806,14191999.0,255.0
1118,44.72,1316.7983018983591,626.4150088819333,1316.7983792719301,626.4153519962626,1325,480,55654.0,133.0985289388004,60.446814735260055,73.84174610122886,74.70678277140796,59.37438409670336,104.4782781640939,0.2052343589954816,132.1199382157696,11.152262955370013,113.65520795184935,149.39353222168597,2.606641232934968,0.8909201959902284,886.0,16830.0,150.1071144531385,14191730.0,255.0
1119,44.76,1316.7579008290154,626.3588011074582,1316.757981925005,626.3590922974648,1325,480,55657.0,133.10211619403816,60.43224736191589,73.86126820872428,74.73195197485558,59.3521593258474,104.50567103910417,0.20579942370812,132.12141914971536,11.15711168327537,113.70073428604576,149.44196518637324,2.547744890773733,0.8990678900296025,882.0,16917.0,149.98600444042472,14192498.0,255.0
1120,44.8,1316.8169362356102,626.4584417341522,1316.8169954585435,626.4586871062127,1324,481,55709.0,133.16427993051587,60.51995629512688,73.82188704217853,74.68571873987604,59.45064787485805,104.51002661151668,0.2039890774577725,132.19361010844005,11.086649505977958,113.62990843946153,149.35450992269526,2.612258588153031,0.8661953407077387,899.0,16932.0,150.04192939140833,14205766.0,255.0
1121,44.84,1316.8671593596678,626.408581928815,1316.8672127613709,626.4087626643673,1324,481,55668.0,133.11526863616834,60.49279046507615,73.80063661305907,74.67234696406841,59.41340136385213,104.56691813980265,0.20434533291900858,132.14987710161486,11.083591185192816,113.5874837528007,149.38587351339265,2.53712608626131,0.8891360988551232,887.0,16890.0,150.07458099765648,14195317.0,255.0
1122,44.88,1316.8360757906337,626.3306412916561,1316.8361020815,626.3307591458487,1325,480,55681.0,133.1308107561869,60.44817246632945,73.87865965298573,74.74083379202312,59.37883184026093,104.44094997084801,0.2055369357332717,132.15629611192682,11.183687940911591,112.62948788569226,149.28790369737385,2.635636385920963,0.8933679111087275,885.0,17019.0,150.09829136538102,14198641.0,255.0
1123,44.92,1316.7008097985497,626.5001888952418,1316.7008800287356,626.5006645114943,1344,480,55680.0,133.12961527291162,60.480050096701625,73.8284515402392,74.688562581239,59.41460541043197,104.46151329833769,0.2045019564299888,132.15885831876545,11.116886065562339,112.74903321402772,149.48796274398,2.562685165641579,0.9035324326026843,880.0,16969.0,150.0017521666795,14198346.0,255.0
1124,44.96,1316.7753657262351,626.4718420847444,1316.7754768783534,626.4720691944658,1344,480,55727.0,133.18579138693477,60.49955749809556,73.8712846099956,74.74261889076368,59.419727942379545,104.53541969020388,0.20500875104173877,132.21598637522754,11.136088001854011,113.66882402740181,149.53011056034282,2.5625546511612107,0.9188551219365666,873.0,16956.0,150.04701203574987,14210356.0,255.0
1125,45.0,1316.7787315612686,626.3821113304509,1316.7787969627889,626.3823978172288,1344,480,55709.0,133.16427993051587,60.49057164814638,73.84953171407207,74.70430579207728,59.43171955135639,104.4162849208314,0.20444050819813142,132.20095133545837,11.096442410647127,113.67791068293194,149.39261644816003,2.544080242103297,0.8838024751361383,890.0,16954.0,150.01259766955806,14205763.0,255.0
1126,45.04,1316.7585042430949,626.4288711333712,1316.7586015040292,626.4292585745823,1322,481,55717.0,133.1738410067918,60.49595140241111,73.86973966561402,74.7483158342869,59.40696806171958,104.58865709045939,0.20524004589719835,132.19794481298595,11.16053532399227,113.69229292843481,149.9958955554528,2.5689283485036225,0.8899187328431216,887.0,16961.0,150.00974597550734,14207790.0,255.0
1127,45.08,1316.7061770790253,626.4666241129298,1316.7062065746243,626.4668845042102,1322,481,55699.0,133.1523276197264,60.50634883656209,73.81826838512598,74.686503875165,59.43131443788863,104.53885737685466,0.20425630663840832,132.17864685900088,11.076314482068153,113.73796143864024,149.1633600343376,2.489679977619391,0.9017900626921367,881.0,16915.0,150.04736719975318,14203218.0,255.0
1128,45.12,1316.7916758350793,626.4992814289492,1316.791674152862,626.4996586294872,1307,482,55658.0,133.1033119242997,60.48099286550421,73.81382518871526,74.69092057760834,59.394424572149774,104.59611349209383,0.20479726166401424,132.13316149068686,11.141615755315383,112.65861047827957,149.53589528714522,2.626756161719519,0.8790382066475332,892.0,17106.0,149.94909491730724,14192751.0,255.0
1129,45.16,1316.817736243932,626.44515280671,1316.8177460186366,626.44535612331,1326,481,55697.0,133.14993702881947,60.481134151232986,73.85457413899708,74.71435703007961,59.41574339393432,104.44788206852273,0.20476136373610432,132.1876521703277,11.137027363854562,112.63747277849234,149.59713172396232,2.6179523586629836,0.8997140390423266,882.0,17204.0,149.9472101087168,14202714.0,255.0
1130,45.2,1316.8118840008847,626.4062018760314,1316.8118930949688,626.4063683520901,1323,481,55713.0,133.16906055446037,60.53575589636657,73.80469934574185,74.67354567841663,59.46068418100529,104.56250951635202,0.20372491166986872,132.20820951491254,11.060141329543166,113.64274936929544,149.2090971445592,2.547706402384095,0.9020167285367244,881.0,17058.0,149.91268713990058,14206798.0,255.0
1131,45.24,1316.683591796937,626.4472332979709,1316.6836038494685,626.4475186727952,1320,480,55696.0,133.1487417172705,60.47226354944478,73.85847747142479,74.71692323352353,59.40833894081051,104.432181800315,0.2048877768275723,132.17196884733292,11.132026507014134,112.77089038453337,149.20493427521455,2.5722459838511753,0.8895833182768367,887.0,17050.0,149.92695256758418,14202451.0,255.0
1132,45.28,1316.77862512922,626.4075606015515,1316.7786355475764,626.4078276481149,1326,480,55700.0,133.15352289908495,60.4736460042786,73.86115992631274,74.71624631606508,59.41393223098635,104.40614773072848,0.20480571280771787,132.18615790500962,11.132139285935365,112.67978640485629,149.35954267767013,2.565111956579916,0.9121302245832628,876.0,16984.0,149.97293401681168,14203473.0,255.0
1133,45.32,1316.856761788334,626.4644482771314,1316.8567684962486,626.464820332412,1323,481,55714.0,133.17025568363124,60.49918849996898,73.84874573151448,74.71275374440727,59.42889434610253,104.49024689963461,0.20456827827001134,132.2028540630771,11.105898479382903,113.58963629185443,149.57702703354016,2.5105969011523985,0.8858714021371151,889.0,16922.0,149.99175103614064,14207033.0,255.0
1134,45.36,1316.7814324165176,626.4075441067093,1316.7814469643915,626.4077286358167,1323,481,55689.0,133.14037423595113,60.47363435314149,73.86289466020067,74.74447825336134,59.38055767752732,104.60432787828566,0.205552583078511,132.16083446027454,11.17473610613208,112.6769920137209,149.3014010876755,2.569916055084896,0.8716924091486068,896.0,16930.0,150.07993370440505,14200674.0,255.0
1135,45.4,1316.7617885886134,626.487787536068,1316.7618405922094,626.4879258300991,1323,481,55656.0,133.10092045303463,60.470513050274235,73.81624120047236,74.70072254630908,59.37442601481761,104.64541999755045,0.2051693211131963,132.12402927781685,11.121312397325445,113.6797013558224,149.33593771656496,2.5093199993321162,0.8949882308316452,884.0,16785.0,150.05746864102224,14192263.0,255.0
1136,45.44,1316.7258209902775,626.4692549029718,1316.7258684484677,626.469411215289,1323,481,55674.0,133.12244214780753,60.48192849810947,73.82991228397981,74.71583899198134,59.384030062255775,104.65502581514872,0.2052015896036583,132.14576847958006,11.136765229965265,112.72686992618395,149.27166552763262,2.533716987974862,0.8952776836876709,884.0,16917.0,150.0145061639339,14196849.0,255.0
1137,45.48,1316.7368865513909,626.4105972109394,1316.7369148726052,626.4107338444687,1322,481,55693.0,133.14515571823804,60.51636763753108,73.81931132775408,74.70611001468048,59.418167284250345,104.68149709205139,0.20464112945281054,132.17016836830103,11.133275925078626,112.72108346067176,150.1126027847242,2.6309596163864164,0.897612866957858,883.0,16869.0,150.06543977988332,14201699.0,255.0
1138,45.52,1316.7743663954366,626.4563936145165,1316.7743934196583,626.456493238268,1322,481,55681.0,133.1308107561869,60.50371456868212,73.8010990361513,74.67107432268048,59.42669732577352,104.55849117787065,0.20415371193175214,132.16437080538878,11.070306311439994,113.67226160068267,149.15261032423024,2.5256597082821717,0.8873418378405429,888.0,16754.0,150.04269585192935,14198643.0,255.0
1139,45.56,1316.7027282712093,626.357003432493,1316.7027536778573,626.3570799877854,1323,481,55671.0,133.11885544030872,60.48332264092247,73.82065697511405,74.68947848165664,59.407099896069056,104.53208707745127,0.20461220102562183,132.13943858292785,11.118246705924966,112.75991080232076,149.4331208885631,2.621911977031665,0.8851876876256476,889.0,16739.0,150.1229195333398,14196096.0,255.0
1140,45.6,1316.8381286390509,626.504716327444,1316.8382738672703,626.5049046027812,1325,481,55662.0,133.10809473793154,60.50348251644126,73.79289754233513,74.68537086995867,59.39830386743051,104.72977547327868,0.2046862300402288,132.145899596475,11.110071739809865,113.60790083182228,149.0233151028501,2.555798213645618,0.8810757797912537,891.0,16733.0,150.0909600491086,14193777.0,255.0
1141,45.64,1316.726338793746,626.4121323090592,1316.726413059111,626.412304041421,1320,481,55624.0,133.0626510674095,60.45042194860452,73.79473672102036,74.67331341370222,59.36171278954169,104.60229704500074,0.205047826649017,132.09330884779686,11.109250546430575,113.7274265254712,149.4393362985737,2.5364243170940632,0.9108856662876017,876.0,16718.0,149.96780056343886,14184093.0,255.0
1142,45.68,1316.7679711723342,626.4506616033214,1316.768026429187,626.4507325481184,1325,481,55696.0,133.1487417172705,60.51078595397523,73.80401522229313,74.66097075205607,59.45020879745427,104.46195986277172,0.20373110343174738,132.18204939196704,11.04725374040811,113.68254821380276,149.47205191187305,2.5288565852345286,0.8936085770210968,885.0,16873.0,150.08843979373034,14202468.0,255.0
1143,45.72,1316.8389052058815,626.4746429988547,1316.8389924903884,626.4747763285545,1326,480,55662.0,133.10809473793154,60.478455634803474,73.8016252695589,74.66036051505395,59.41509956367538,104.46236851504713,0.20419484779081165,132.14963329402687,11.071474799876485,113.60977689365606,149.4587852880748,2.5560197221515755,0.9198895836004707,872.0,16751.0,149.99641277351145,14193792.0,255.0
1144,45.76,1316.7945881462733,626.4870766303452,1316.7946128551148,626.4871430881744,1325,481,55651.0,133.09494158687676,60.511953654126955,73.75320022211729,74.623778071357,59.43503028012847,104.58826417915253,0.2035376415370539,132.12855455467025,11.043869838539425,113.65282304762385,149.58775544152164,2.567232770767169,0.8969359463320662,883.0,16847.0,149.94634877788724,14190997.0,255.0
1145,45.8,1316.7941436962672,626.4377497338895,1316.7941984732824,626.4378446340368,1324,481,55675.0,133.12363769549924,60.485673541088694,73.81589489970204,74.68724588857216,59.406383033668824,104.55424333545237,0.20459802303731023,132.15869566301015,11.08645793828752,113.6576216811034,149.99398011701766,2.5466102780904754,0.8932716447437797,885.0,16943.0,150.03036698850087,14197112.0,255.0
1146,45.84,1316.7313075306813,626.4051262973769,1316.7313505169443,626.4051909821942,1324,481,55712.0,133.1678654145637,60.49317901262276,73.86891182338549,74.74829918435506,59.40313636560336,104.59385675213775,0.20529113018217637,132.1945626161365,11.15210763442519,112.72712956866081,150.01402122343703,2.6170124040213767,0.8918486714163871,886.0,17039.0,150.0129649236117,14206550.0,255.0
1147,45.88,1316.8342532164097,626.3666350069506,1316.83427319421,626.3666534966417,1326,480,55682.0,133.1320062287271,60.450569239466695,73.87512233944408,74.74160676041066,59.37589781144806,104.47598575524606,0.20558440760068797,132.1615880081671,11.17635451092992,112.62805911564766,149.64550648751654,2.5821750037948523,0.9056219493254272,879.0,17069.0,149.98823032571198,14198906.0,255.0
1148,45.92,1316.7660118173521,626.3865094919311,1316.7660167130919,626.3865217000629,1323,481,55645.0,133.0877665929406,60.47128712531246,73.79458460431428,74.6498042867945,59.41232198339461,104.43571328481316,0.20411952112907805,132.11268286085365,11.104043887556807,112.69423546791538,149.41043467244685,2.638729842297867,0.9112295573956133,876.0,16827.0,149.99551040744154,14189473.0,255.0
1149,45.96,1316.8731311592437,626.3472615961691,1316.8731486634472,626.3472882968601,1322,481,55703.0,133.15710867278432,60.46220899735138,73.89856567439992,74.78067851319453,59.36772563168681,104.58734257380311,0.20610875948107654,132.19069762422563,11.21372865605625,112.59108592724297,150.09789074054848,2.5764223974567932,0.8837072873774132,890.0,17098.0,150.09309296858663,14204260.0,255.0
1150,46.0,1316.7741238262572,626.3745780819885,1316.7741315860335,626.374580378781,1325,481,55705.0,133.1594991349399,60.49288544932315,73.86357020512364,74.74962874862459,59.394521593956426,104.64569547677753,0.2054205139440335,132.18471571099118,11.180984607877257,113.68317056508874,149.56305043451917,2.5806506401704765,0.9059960254152675,879.0,17000.0,150.07659090046246,14204774.0,255.0
1151,46.04,1316.8368582469623,626.3542841817905,1316.836890134368,626.3542789394266,1343,480,55668.0,133.11526863616834,60.45342476552391,73.85495075556142,74.72745464244558,59.37152381107042,104.5313199065886,0.20549249141229164,132.13945563387932,11.163444608447817,112.62657659267094,149.65812716752734,2.5869873360336806,0.9116062000377213,876.0,16964.0,149.9885582781109,14195336.0,255.0
1152,46.08,1316.7739220699286,626.3733910334503,1316.7739266226306,626.3734204480184,1322,481,55712.0,133.1678654145637,60.48652448190773,73.86092557121512,74.71623563297383,59.42676251466955,104.41353667990427,0.20463387895249796,132.20166501436438,11.125210971356728,112.68753552834745,149.39512477027068,2.570379746327381,0.9040517041156744,880.0,16984.0,149.9683736055014,14206557.0,255.0
1153,46.12,1316.790579962722,626.3357455552011,1316.7906701141997,626.3359548947784,1322,481,55692.0,133.14396036376442,60.51519694715281,73.81615406264356,74.70671046704608,59.41229732425408,104.7102537650388,0.2047260955163931,132.17087712754258,11.116368373702219,113.10530680718662,149.12693993368103,2.554306452907988,0.9057845911036186,879.0,16993.0,150.12563444958644,14201430.0,255.0
1154,46.16,1316.75859110587,626.3892133421735,1316.7586473048411,626.3892947532803,1322,481,55711.0,133.1666702639409,60.506381550556526,73.84971288179116,74.72333579072671,59.424114544272506,104.56520076882178,0.20474489106457772,132.19086509903372,11.13432318907178,113.13036155621906,149.21548471187816,2.6215819163313383,0.8818514025358508,891.0,17145.0,150.1303971937927,14206291.0,255.0
1155,46.2,1316.7909364080801,626.3919953615158,1316.7909895674347,626.3920920795101,1322,481,55691.0,133.14276499855893,60.48013565095468,73.8520564583815,74.72549733843772,59.397584959432365,104.55128833489049,0.2051229222280585,132.16159595868825,11.135464814353863,112.66892042793167,149.4448744815252,2.580883947507774,0.8875011995326535,888.0,16976.0,150.1328243753625,14201191.0,255.0
1156,46.24,1316.7985898528946,626.4297424359768,1316.798618214446,626.4298250336474,1322,481,55725.0,133.18340139668956,60.50464431174459,73.87107197921294,74.7493612222293,59.41616156836008,104.5897331245606,0.20512816970146042,132.2045230418383,11.15060342561316,113.65258039946333,149.20374972915047,2.610210934950086,0.8900465098207542,887.0,16954.0,149.96804166230132,14209865.0,255.0
1157,46.28,1316.902092948525,626.3808090716375,1316.9021181116495,626.3809549452521,1322,481,55710.0,133.16547510259173,60.51540020324281,73.82828300425892,74.69297578954027,59.44483493810659,104.51165761599692,0.20414424101133455,132.20842231545373,11.089762362214316,112.55922293991792,149.3855204037948,2.602083559050221,0.9060773463043632,879.0,17058.0,150.051497077701,14206035.0,255.0
1158,46.32,1316.7640051249323,626.4566380489882,1316.764139763709,626.4568176105146,1322,481,55694.0,133.14635106198006,60.44458995041351,73.89356199259443,74.75896818944466,59.370898877115096,104.4571342310439,0.20583576372181966,132.17538111152774,11.167491162280724,113.68245225481108,149.2426748777014,2.5444888209213343,0.897628984115615,883.0,16828.0,150.20613029856943,14201944.0,255.0
1159,46.36,1316.8691795215009,626.3414384239397,1316.8692354696093,626.3415225908486,1322,481,55642.0,133.08417895091242,60.48581511809821,73.78207641208385,74.663406224764,59.39448123433028,104.64413383119074,0.20450346109938655,132.11933477787028,11.096169987679511,113.59145610331898,149.22352800997317,2.6085910683868225,0.9029157976810086,880.0,16700.0,150.0161144359284,14188696.0,255.0
1160,46.4,1316.7704240335406,626.392758036119,1316.770472957195,626.3928257081784,1322,481,55671.0,133.11885544030872,60.47591733100088,73.82740099330742,74.70785374537627,59.38483226558893,104.61282374694993,0.20510589866511442,132.15342459775053,11.119460313153322,113.68523789391259,149.41105612305162,2.50242845243322,0.8932074671671479,885.0,16856.0,150.0169177165643,14196094.0,255.0
1161,46.44,1316.7523079826462,626.4212757896842,1316.7523433291435,626.4214401149219,1326,481,55690.0,133.14156962262126,60.45347321778404,73.88054856274874,74.74822639046502,59.377272853388924,104.48380211338832,0.2056363646246573,132.160433538308,11.171267087633368,112.704769330982,149.3795853851246,2.570019200367401,0.9057520627479805,879.0,16835.0,150.04493246548657,14200930.0,255.0
1162,46.48,1316.695983609708,626.4465909665291,1316.6961189099918,626.4468279898036,1345,481,55706.0,133.16069434992536,60.51896192209743,73.8370550348825,74.73531976719637,59.40612281278296,104.7593220353272,0.20511315134750874,132.1852108859281,11.149528620908951,113.00789015437698,149.96659221015784,2.57871020405885,0.8778269725631257,893.0,16906.0,150.15866895201614,14204994.0,255.0
1163,46.52,1316.7928087168468,626.4440248836213,1316.7929479810318,626.4442628251186,1323,481,55672.0,133.12005102021257,60.473427582107256,73.83862145606422,74.71880556067083,59.38246843679524,104.60469550479884,0.20525404560198246,132.1448247560042,11.150815711138042,112.91168299731382,149.59398412785376,2.565168610380526,0.8733747196936472,895.0,16868.0,150.09586400594435,14196326.0,255.0
1164,46.56,1316.863768795546,626.4170308338763,1316.8638829022989,626.4171695402299,1326,481,55680.0,133.12961527291162,60.474861607292446,73.84713571433555,74.72711174037951,59.384064449762135,104.59996002021688,0.20532102650940032,132.16174154036395,11.15910681041266,112.84341824639304,149.53276224289863,2.569272310656198,0.883342400968967,890.0,16785.0,150.00684238073157,14198377.0,255.0
1165,46.6,1316.7935690441013,626.3390442296984,1316.7936462301445,626.3392151225473,1327,481,55652.0,133.09613738159464,60.47087984208644,73.81515848637952,74.6945474165005,59.38122192654459,104.6081796568717,0.20501262835917655,132.1244297543994,11.137567005972135,112.92032608204197,149.27145425435256,2.5933603332100774,0.8848855812136039,889.0,16750.0,150.03643301011866,14191234.0,255.0
1166,46.64,1316.8144763218968,626.4777819122376,1316.8144322489088,626.4780570176226,1327,481,55667.0,133.11407301331093,60.44943387568007,73.85561317229939,74.73566413596185,59.35794941794439,104.58559369716721,0.20576139779853653,132.1407055570186,11.15566845444783,113.63383247838996,149.2114300093519,2.4886217492047473,0.8891201267329192,887.0,16844.0,150.05888699347184,14195056.0,255.0
1167,46.68,1316.8165020419,626.5729301668844,1316.8164712641615,626.5732086108767,1327,481,55697.0,133.14993702881947,60.49176638633581,73.85248419933895,74.74416574523435,59.38647076566825,104.6917906121091,0.2054701504317118,132.1831223785442,11.15631341746922,113.62346309425361,149.44195200493428,2.5575330521864097,0.8976773355888858,883.0,16799.0,150.12974786335334,14202703.0,255.0
1168,46.72,1316.7287802611531,626.4781867297418,1316.728806554785,626.4783483666943,1326,481,55654.0,133.0985289388004,60.47510196885165,73.81494791569898,74.70248743176732,59.37527149788036,104.6707121934081,0.20517678140084317,132.12895885464349,11.13675253203841,112.72312816666329,149.88876049188534,2.5782472055263104,0.9072296093466012,878.0,16771.0,150.1596248506932,14191751.0,255.0
1169,46.76,1316.801767533857,626.3832147985472,1316.8018056826952,626.3833396155296,1326,481,55713.0,133.16906055446037,60.506788462794255,73.85816254247985,74.7527106804292,59.39807968411731,104.7170108597768,0.2054056750122888,132.1947895486161,11.158649826057705,113.65486902742505,149.2910430148212,2.5753613943648808,0.9040679313504554,880.0,16848.0,150.07648120428456,14206800.0,255.0
1170,46.8,1316.8170887355877,626.3450652824038,1316.8170935562146,626.3452862406758,1307,482,55635.0,133.07580741004426,60.48559264352353,73.76712851921835,74.6449145352355,59.39893013713742,104.62434014871185,0.20424679287296044,132.1051923374237,11.07162517101337,113.64301167190386,149.39128048564814,2.565040276702154,0.9028022070375421,880.0,16660.0,149.99556004621687,14186901.0,255.0
1171,46.84,1316.7312356952898,626.4367155712916,1316.7312851268607,626.4369287676644,1327,481,55691.0,133.14276499855893,60.47063585249865,73.87429451161016,74.76433531093195,59.36668556950224,104.6605756512768,0.20594912905188756,132.17154334370426,11.194477462412602,112.7243769159649,149.55691616775766,2.6017360134673826,0.8975806326423442,883.0,16862.0,150.07691471031953,14201179.0,255.0
1172,46.88,1316.7170777298397,626.4595099621694,1316.7171011264215,626.4596410542013,1326,481,55663.0,133.1092904144874,60.486843434894695,73.80911719331867,74.69562188718629,59.388619115626945,104.67085609041054,0.2049250328844936,132.1337208755895,11.11921434483077,113.72832736100386,149.23630276174046,2.5716289611729994,0.9053129299468636,879.0,16859.0,150.02355477904618,14194047.0,255.0
1173,46.92,1316.715989903226,626.3781252959361,1316.7160773321834,626.3782880551962,1326,481,55656.0,133.10092045303463,60.455369036108664,73.8349006958693,74.69937456520096,59.38390055923217,104.48080794746174,0.2050281424056738,132.12095409028305,11.141921898491747,112.7448055449054,149.2181601563637,2.6307773212144987,0.9093324044637169,877.0,16960.0,149.98491246187112,14192256.0,255.0
1174,46.96,1316.63752138986,626.4967841767519,1316.6376064384003,626.4968921783495,1325,481,55666.0,133.11287737971443,60.465881300018914,73.83370135015919,74.70792200249745,59.38235972510047,104.55908679999494,0.20513972101760047,132.13029916463185,11.127942023378083,113.06166457896073,149.13764365278232,2.5561870531476263,0.9012557789156086,881.0,17024.0,150.04743233847492,14194810.0,255.0
1175,47.0,1316.6485500147182,626.3990374477708,1316.6485816876122,626.3991382405745,1344,480,55700.0,133.15352289908495,60.46927624219239,73.86448446083246,74.72088966035847,59.407777961169934,104.41277698326661,0.20493749162776054,132.1769561538695,11.126573189771658,113.80558651009522,149.26860585621614,2.565459108122381,0.9121302245832628,876.0,16931.0,149.92239063600715,14203489.0,255.0
1176,47.04,1316.7638669449993,626.3906983414959,1316.7638941229252,626.3908838043966,1343,480,55725.0,133.18340139668956,60.5138705712787,73.85171333500034,74.72487887381232,59.432285597363794,104.56416677964852,0.2046519647395224,132.21881064612796,11.11194954578926,113.69195181607984,149.21504455321463,2.5721684392757385,0.9001663433512335,882.0,17110.0,149.95515314809748,14209853.0,255.0
1177,47.08,1316.7317487181665,626.4124666280334,1316.7317686354086,626.4126456803203,1343,480,55687.0,133.13798343041236,60.49343753232664,73.8308853936928,74.7149243240733,59.39811197119068,104.64564720034438,0.2050033844168334,132.15771679794597,11.125014166025345,113.7213149379769,149.18749669739626,2.5697259870503917,0.8894395691770002,887.0,16943.0,150.0493444834017,14200167.0,255.0
1178,47.12,1316.7172239986114,626.4175446785058,1316.7172675180973,626.4176860483915,1344,480,55671.0,133.11885544030872,60.48537603384766,73.8344629825753,74.72860130659727,59.37714025313837,104.71522270308114,0.20542952477425303,132.14220946875295,11.171497610920731,112.74004468588744,149.12512296694007,2.669867946108808,0.8992940421840558,882.0,16869.0,150.08158387249475,14196088.0,255.0
1179,47.16,1316.7080283744776,626.4339670574045,1316.7080827843693,626.4340973954875,1323,481,55711.0,133.1666702639409,60.49755626000073,73.8595794402925,74.74112600574271,59.405015545175345,104.6160335538179,0.20518971656098706,132.182016275521,11.152298260153264,112.74773580226115,149.62229114209745,2.5663565445483534,0.8818514025358508,891.0,17034.0,150.035161201572,14206288.0,255.0
1180,47.2,1316.7023397825847,626.4637027444378,1316.702361073705,626.4637579675016,1326,480,55695.0,133.14754639499077,60.49541615921599,73.8359505457622,74.70968821807341,59.41300746159242,104.56741519668424,0.20474828795739086,132.16607997802896,11.109891070338678,112.75075090658926,149.65225478645,2.5741971053792865,0.871786326339702,896.0,17055.0,150.00618895266197,14202217.0,255.0
1181,47.24,1316.7548017394774,626.3576474822873,1316.7548972080078,626.3578597719724,1324,481,55695.0,133.14754639499077,60.488399762689525,73.84899320987702,74.73097553992135,59.39529946734067,104.62000163854482,0.20521177412421632,132.18140628226539,11.143675520677789,113.70392376480282,149.53489747031645,2.5779206843580087,0.8875649442094977,888.0,16974.0,150.10754080833732,14202197.0,255.0
1182,47.28,1316.8854355884232,626.3169882236493,1316.885551043875,626.3171152394984,1326,481,55658.0,133.1033119242997,60.512123218677296,73.77746582279278,74.67281151090603,59.4037266568558,104.76185822121892,0.20447984407042397,132.1473673393785,11.100179466502064,113.57745526484757,149.2506214657041,2.57290635042491,0.8950203922600924,884.0,17003.0,150.0573247743087,14192767.0,255.0
1183,47.32,1316.8408385069674,626.3404051257559,1316.8409568072927,626.340660721015,1324,481,55727.0,133.18579138693477,60.52651006656217,73.85799553150812,74.75531027909773,59.41469102709995,104.7461926472388,0.20521109730832265,132.21425922209852,11.159116839111816,113.61977462137949,149.8830999643022,2.6098182530190828,0.8722872180255421,896.0,16980.0,150.1560111510228,14210353.0,255.0
1184,47.36,1316.6960625852678,626.4093229550181,1316.6961243649812,626.4095356059382,1323,481,55707.0,133.16188955418298,60.51234968663668,73.84135739925944,74.72910028373744,59.41255841946278,104.67676028056246,0.20496087609939873,132.19394289864692,11.130663156860775,113.75704516882587,149.77277022371226,2.610695790746033,0.8680944139836936,898.0,16965.0,150.162696887098,14205260.0,255.0
1185,47.4,1316.7472845901207,626.2771075702517,1316.7473224554342,626.2773325186889,1323,481,55648.0,133.09135413825942,60.456742534057085,73.82955298652439,74.70871342258556,59.36689945383087,104.59381351363028,0.2053550819698179,132.12391871836695,11.158498525987243,112.72275434371322,149.32330772896617,2.593066970093179,0.9030131610896942,880.0,16902.0,150.09891981511493,14190215.0,255.0
1186,47.44,1316.8102669819166,626.3678321459556,1316.8103956304574,626.3680153796399,1325,481,55658.0,133.1033119242997,60.5070713627595,73.80245953789007,74.72613098935585,59.3625645175611,104.95501546855641,0.20559831304504672,132.1246830882849,11.167818680762977,112.65183926290254,149.17723108136335,2.582601811783065,0.8829933791869748,890.0,17041.0,150.02574417533762,14192759.0,255.0
1187,47.48,1316.7595553418778,626.4418202757274,1316.7596331592454,626.4421113085302,1326,481,55719.0,133.17623116860844,60.55091309704126,73.8265752315258,74.74681568590796,59.41119281851262,104.93883161512673,0.20516757438653765,132.19834791009967,11.141469004827233,112.94499885434873,149.84176560071128,2.601281957694548,0.8960013158277353,884.0,17046.0,150.20189082960462,14208309.0,255.0
1188,47.52,1316.7093322105163,626.3549056232837,1316.7093822331474,626.3552832253781,1326,481,55733.0,133.19296110035697,60.53942630818458,73.84539943262416,74.74334729519953,59.42724282849669,104.7623002011931,0.2049159560142757,132.222147013493,11.118608293425405,113.74945444508357,149.7928665566734,2.585056148393546,0.8841832261710387,890.0,16950.0,150.13086345214512,14211874.0,255.0
1189,47.56,1316.7438238741074,626.4481209790933,1316.7438319267374,626.4482851499372,1326,480,55690.0,133.14156962262126,60.50249193799785,73.83867054481534,74.74040031577668,59.38495903148141,104.7767252168855,0.20545034839817344,132.16002688586798,11.154821070274552,112.96010600603444,149.68991810388837,2.5954575233854196,0.8835010472335089,890.0,16897.0,150.10126494041657,14200933.0,255.0
1190,47.6,1316.7417697998414,626.5109913264732,1316.7418017338862,626.5111912839014,1326,481,55713.0,133.16906055446037,60.52299025815291,73.83346390763994,74.71583952822834,59.430262206903244,104.64516122130259,0.20458282230168967,132.18262669539962,11.117229258767463,112.70727884463868,149.48605428588672,2.617377016561882,0.8838659336419551,890.0,16910.0,150.03958648201535,14206793.0,255.0
1191,47.64,1316.7921678588596,626.4766107025948,1316.7921833222674,626.4767706856641,1324,481,55727.0,133.18579138693477,60.55824153218482,73.8091752635337,74.69556266968894,59.461482389964374,104.70164180614275,0.20394893264397984,132.22283341849,11.07758572465687,112.6601349788117,149.9554588166907,2.6182574943093235,0.9022433943813121,881.0,16911.0,150.0853862015535,14210367.0,255.0
1192,47.68,1316.7408823870974,626.4311475536756,1316.7409275279083,626.4314943106357,1324,481,55718.0,133.17503609306232,60.52328952035206,73.85091724627567,74.7616089689042,59.39468306895222,104.84593527136211,0.20554568196015666,132.2019560131089,11.154440527107623,113.70932827361403,149.51548317071416,2.563216913100975,0.8959852351135117,884.0,16990.0,150.14444088800397,14208050.0,255.0
1193,47.72,1316.7322671518732,626.4173678273235,1316.7323746431841,626.4177124288613,1326,480,55701.0,133.15471816771392,60.485457116726955,73.87743635665602,74.78243992892536,59.36289079490525,104.77561129896394,0.2061921107237894,132.17048644641324,11.190555676628966,112.7250783599882,149.62170930985963,2.6150309718116183,0.871880243530797,896.0,17073.0,150.14893044050416,14203711.0,255.0
1194,47.76,1316.6599028708533,626.4859049290786,1316.659978823825,626.4862085673778,1327,481,55723.0,133.181011363555,60.53102284862989,73.84359071050841,74.74444244081542,59.41505651208343,104.78072981853819,0.2050906452459016,132.20783800569464,11.135224097788186,112.79104419674002,149.60775714327474,2.5850535486130504,0.8702809311652444,897.0,17111.0,150.10588021663597,14209329.0,255.0
1195,47.8,1316.7492815381297,626.3404553425896,1316.7493231977337,626.3408573426323,1326,481,55777.0,133.24552721075966,60.56116772729758,73.89676819127035,74.81433321398642,59.42392558014681,104.89190871534171,0.20571469359780914,132.26844705949452,11.20482482977707,112.7150387871103,149.4572487381059,2.6629645616832645,0.8691852393553499,898.0,17285.0,150.15517128127075,14223093.0,255.0
1196,47.84,1316.7644967021492,626.4229058434325,1316.764569685004,626.4232432917527,1326,481,55715.0,133.17145080207658,60.49788542523701,73.88204433982975,74.77641935996569,59.38886869153362,104.70104427962853,0.20578079025632456,132.18247908225425,11.207400846176863,112.69248428015001,149.57686156165516,2.6648666083105668,0.8624470021335541,901.0,17229.0,150.14952861608214,14207283.0,255.0
1197,47.88,1316.7167458814768,626.384422034233,1316.716762591218,626.3846664156491,1327,480,55773.0,133.24074933040777,60.55751991900738,73.87922314032619,74.77127034696838,59.45258582483736,104.71149050340779,0.2048739368884097,132.26404420612778,11.150925903078994,112.74348758017891,149.6154802990428,2.647729202075695,0.8691229064769694,898.0,17285.0,150.08434052791958,14222088.0,255.0
1198,47.92,1316.6822238083037,626.3931632937506,1316.682235614866,626.3934388004018,1325,480,55752.0,133.21566264714784,60.57729882359786,73.83153537595307,74.73678474131347,59.456856251105755,104.83916003726657,0.20444990432885424,132.2417749455546,11.125910925973448,113.77304894673645,149.29459988234444,2.6226668590685738,0.8611072395068764,902.0,17294.0,150.0687956195457,14216729.0,255.0
1199,47.96,1316.807875176044,626.4229706211158,1316.8078715320094,626.4230231557817,1325,480,55796.0,133.26821980318783,60.60492698371412,73.85459748272275,74.75503428479723,59.49070173661686,104.80565642813893,0.20419136576176578,132.29504538126523,11.11100181720096,112.64927595032515,149.57936757372224,2.6373856271645555,0.8733672657231351,896.0,17187.0,150.14688490048172,14227974.0,255.0
1200,48.0,1316.7202921859964,626.3406791992336,1316.7202265720227,626.341309959131,1344,480,55788.0,133.2586654984257,60.52639971649606,73.91653246788884,74.77522476770822,59.46229558010888,104.43181018836688,0.20478613384539435,132.2856353002447,11.127663557875382,112.74388860382473,150.4344915807223,2.573784762501034,0.8635770143592697,901.0,17223.0,150.20104052753047,14225870.0,255.0
1201,48.04,1316.779753370324,626.3236684132919,1316.7797494219499,626.3239411374594,1326,480,55791.0,133.26224844298503,60.579930779102526,73.86813563397915,74.75748632468262,59.478968666711815,104.7065038455256,0.2043744166519187,132.27952373111415,11.098722561347351,113.61417430988837,149.67717535544728,2.5809217188008597,0.8636234532178607,901.0,17162.0,150.09647873611698,14226674.0,255.0
1202,48.08,1316.6796770929623,626.4268680572002,1316.6796572493904,626.4270758640471,1327,480,55784.0,133.25388808915326,60.52204027867025,73.93506881032711,74.82005523699596,59.42449910444061,104.61850691720079,0.20576777287572445,132.26961953974342,11.189410138761962,112.77660632385665,149.98285206137564,2.6411878352271327,0.8830069221349447,891.0,17179.0,150.11495349882406,14224899.0,255.0
1203,48.12,1316.7191876921104,626.4369410400504,1316.7191764853571,626.4370617456646,1326,480,55761.0,133.22641466126134,60.533329161325085,73.89204294951777,74.78411250431141,59.42772473811531,104.69517007832498,0.20534291645582858,132.2463308315402,11.166938195898993,112.98563859525993,149.6214642105563,2.6256406796947287,0.9027938685753107,881.0,17136.0,150.1160128575888,14219042.0,255.0
1204,48.16,1316.7132414876683,626.412466266263,1316.7132396489528,626.4126240600154,1326,480,55719.0,133.17623116860844,60.514488759779866,73.85340796191753,74.73651171056993,59.42039241525413,104.6378385873972,0.20493489654200248,132.19678731980602,11.135244472323786,112.74446526831088,149.43522953393844,2.609704685307127,0.885950903824495,889.0,17107.0,150.0564797900893,14208328.0,255.0
1205,48.2,1316.7536644930533,626.3618289706408,1316.7536793044726,626.3619611006543,1326,481,55785.0,133.25508245752866,60.57028712425596,73.87506011415685,74.76858898862909,59.463789736566135,104.7299828696977,0.20469557415869555,132.28305819517507,11.12791101940569,112.70874950081044,149.56345904763796,2.5910044374910135,0.9011355668703195,882.0,17253.0,150.1944059829102,14225160.0,255.0
1206,48.24,1316.6960428150355,626.3860072336464,1316.696081245963,626.3861515825738,1324,481,55732.0,133.19176617492172,60.52404687100476,73.85735284193126,74.73486733629423,59.437096351416876,104.59863111157104,0.2046938936285252,132.23045351534049,11.131523871858505,112.76396398942543,149.5808658485887,2.637278506009765,0.8861576082116829,889.0,17124.0,150.05121583352283,14211643.0,255.0
1207,48.28,1316.6811457358995,626.3665978763947,1316.6811874798323,626.3667132766842,1321,481,55782.0,133.25149932028611,60.54852308489908,73.89667682467591,74.77053903754793,59.466032199295675,104.56444111083078,0.20468632479119497,132.27690647997252,11.15791989732879,112.7805424338404,149.56738090525295,2.676731860574613,0.890956920786385,887.0,17249.0,150.11630845844576,14224395.0,255.0
1208,48.32,1316.685896134965,626.4226357311978,1316.6858895045457,626.4227769110764,1325,481,55767.0,133.23358218861884,60.57052990796417,73.84992197986256,74.73199439424744,59.47881205624016,104.65650889588898,0.20410511537453901,132.25557456302596,11.123348070183859,112.77079053126965,149.42026038793318,2.6623268610630553,0.894747729006311,885.0,17048.0,150.1377878523994,14220570.0,255.0
1209,48.36,1316.6403478261113,626.3590244038312,1316.6403960325006,626.3592093698994,1321,480,55753.0,133.21685735823706,60.54215670248045,73.87092084830488,74.76471552107728,59.43486349119184,104.72134154413027,0.2050412674353549,132.22507022371215,11.151544717854902,112.82185384435137,150.09549466634027,2.6105466510975393,0.8707494706899462,897.0,16974.0,150.15513622179319,14216989.0,255.0
1210,48.4,1316.7672808973396,626.3111371728362,1316.7672737059297,626.3112227505158,1321,480,55735.0,133.19535091906764,60.48742362110861,73.89703814244936,74.76321188066515,59.4134901502414,104.47993490868681,0.20531115965061164,132.23028703377798,11.148690343407003,112.69976010333642,149.80071490252132,2.555845408016861,0.8902062310427947,887.0,17074.0,150.24972062387786,14212413.0,255.0
1211,48.44,1316.6399387401832,626.3380690981737,1316.6399432868502,626.3381611299557,1321,480,55719.0,133.17623116860844,60.48797851533445,73.87387024315628,74.73396072080007,59.422044432652804,104.44461421818046,0.20488565225856725,132.18477334286473,11.136792917060914,112.82414655913068,149.24285283059965,2.594263401900766,0.8819780348206832,891.0,17002.0,150.13107958980316,14208335.0,255.0
1212,48.48,1316.7465636354498,626.3901170086547,1316.746566858743,626.3902202595724,1326,480,55707.0,133.16188955418298,60.49074289141768,73.86174975466932,74.7427184462892,59.39877180241803,104.60776901872259,0.20529018696179036,132.1853948122155,11.14449616197435,113.70923745601735,149.5137696996924,2.5494084969232604,0.871974160721892,896.0,16916.0,150.079235429318,14205274.0,255.0
1213,48.52,1316.6688645061167,626.4724138093522,1316.6688247637153,626.4727487939167,1326,480,55759.0,133.22402539978285,60.5147702344927,73.89796327443362,74.75096390291357,59.45788247346434,104.39185135982501,0.20458707996477288,132.2480088368812,11.150487952458505,112.78331696731837,149.51614652947623,2.679976753685799,0.8905895619756918,887.0,16939.0,150.18334938693988,14218509.0,255.0
1214,48.56,1316.7649552064377,626.2791080416796,1316.7649032165473,626.27942521931,1326,481,55743.0,133.20490976515484,60.53732421442101,73.85934047026622,74.73666545203376,59.45082535049798,104.60216818367577,0.2045293298688351,132.24326664700868,11.134601685594285,113.70084380739277,149.3247477392472,2.682180853561074,0.9045547483938835,880.0,17093.0,150.0077601380555,14214431.0,255.0
1215,48.6,1316.653324333669,626.3878003701279,1316.6532699381,626.3881761909033,1322,481,55735.0,133.19535091906764,60.49028260336672,73.90448592099713,74.77204464041837,59.414549303796946,104.48827639533646,0.20539087048476756,132.22018307230277,11.184039475768488,112.80634756647748,149.3934148186362,2.657427121178965,0.8802543111053265,892.0,16956.0,150.1328304487166,14212382.0,255.0
1216,48.64,1316.7869782950943,626.3706112860331,1316.7870255720054,626.370946612831,1326,481,55725.0,133.18340139668956,60.57851240944148,73.78777755284632,74.68167328227808,59.47301873697231,104.77614157735216,0.20364640850802662,132.2117168474586,11.069029935199486,113.67072118504193,149.82820517238378,2.6366349098397435,0.8940738644516772,885.0,16941.0,149.99775497532946,14209829.0,255.0
1217,48.68,1316.7598681582524,626.4097351117949,1316.7598807128486,626.4099777234837,1307,482,55664.0,133.11048608030296,60.50651694951834,73.80682587352752,74.71133755779684,59.386043640004324,104.81337837757921,0.20512675075502207,132.12474969192886,11.15891319753056,112.69827240169161,149.47669215956998,2.6702834294439466,0.8971454693829065,883.0,16858.0,150.024188238305,14194290.0,255.0
1218,48.72,1316.8264225028379,626.3434925509632,1316.8264138079517,626.3438172814698,1326,481,55736.0,133.19654581234363,60.536912052463705,73.86413930188975,74.76431686387262,59.42159304104149,104.76906998874425,0.205214525677623,132.22613883651638,11.168589210784795,112.88720729095378,150.25574054764365,2.6848535324898988,0.8922328681444528,886.0,16856.0,150.20756664696347,14212643.0,255.0
1219,48.76,1316.8054770464528,626.3764527315238,1316.8054722167328,626.3767134362143,1326,481,55663.0,133.1092904144874,60.51215062706211,73.78287398747764,74.66341698174347,59.42227723652603,104.64957154635978,0.2041312916196183,132.1444196056355,11.089479520963524,112.65583463456238,149.42391689076882,2.670508927354814,0.8810916088268577,891.0,16821.0,150.09647621636924,14194037.0,255.0
1220,48.8,1316.621783805028,626.3631065534546,1316.6217934899764,626.3633865057125,1343,480,55668.0,133.11526863616834,60.49610175291818,73.79827189721313,74.67220162969429,59.41401826243288,104.58608095336535,0.20433552291558266,132.15044732202188,11.086146302703854,112.8399750863233,149.41054718163983,2.587358310269665,0.8992455810081016,882.0,16753.0,150.0616592725848,14195307.0,255.0
1221,48.84,1316.6909933106426,626.3522859138262,1316.691087436897,626.3524603416992,1343,480,55663.0,133.1092904144874,60.474732744023505,73.82036163055197,74.69509319939334,59.39092644218039,104.572760712977,0.20488851545254183,132.14149801883912,11.119074404197347,112.77202199367727,149.36244871746032,2.602919039462128,0.8830727023192458,890.0,16751.0,150.06947617577416,14194039.0,255.0
1222,48.88,1316.7391985613108,626.4070257247681,1316.739205402687,626.4071413176234,1322,481,55676.0,133.12483323245416,60.502412383733855,73.80234470103422,74.67103977246786,59.426961952637186,104.54773276537027,0.20414979979227987,132.15127199346853,11.086385630620759,112.71910054940129,150.17675531170684,2.619144279309006,0.9014176830903141,881.0,16650.0,150.01072710679512,14197368.0,255.0
1223,48.92,1316.720306831466,626.3118543615631,1316.720310706085,626.311961825488,1322,481,55744.0,133.20610457268552,60.54670810012962,73.84867196298107,74.72655121226512,59.45984154350738,104.61525147764257,0.20430100708638033,132.2359988565899,11.132614450854005,112.74647481827776,149.6765288746008,2.6626270567573025,0.890349980142631,887.0,17040.0,149.98705799192783,14214709.0,255.0
1224,48.96,1316.7920378908448,626.355626354374,1316.7920344456404,626.3558844635809,1326,480,55740.0,133.20132527825874,60.52695587761226,73.85752294780451,74.72960988093077,59.446879571931994,104.55922557652558,0.204507026509964,132.2402852171581,11.109052774046319,112.6710917923032,149.4522095995166,2.6050103068522135,0.9127852552651897,876.0,16964.0,150.04236391134864,14213671.0,255.0
1225,49.0,1316.7654197338763,626.2577630442574,1316.7654710853535,626.2580158972243,1325,480,55733.0,133.19296110035697,60.55038936487204,73.83864510070048,74.7419425728023,59.43178596499294,104.80956023138152,0.20484022866941842,132.23258487312555,11.128804209522668,112.95570260633272,150.13195627706676,2.6452359441592463,0.9085174078721049,878.0,16928.0,150.09881881532823,14211886.0,255.0
1226,49.04,1316.6476651258079,626.3336188747169,1316.6476561238585,626.3338117364237,1326,480,55741.0,133.20252011794176,60.57097754420184,73.81108936597424,74.69668405494245,59.47542034528336,104.7005529635118,0.20377428934413244,132.2356201062267,11.062488185917427,113.81277228163064,149.4444463719161,2.6265742038692763,0.8923129091294665,886.0,17046.0,150.0037716811197,14213935.0,255.0
1227,49.08,1316.7475290773968,626.3496790506096,1316.7475283943086,626.3498286473005,1322,481,55733.0,133.19296110035697,60.55846780994485,73.8142313328716,74.69036623713852,59.47451523226506,104.62296889073376,0.20371905737567042,132.21861960296422,11.081702143419577,112.71595312167528,149.34995488467942,2.6469662395227678,0.898257553268136,883.0,16956.0,150.0940745839699,14211898.0,255.0
1228,49.12,1316.7969825653972,626.2449596784834,1316.7971076900994,626.2451286467865,1326,480,55734.0,133.19415601507217,60.54143817800112,73.84553835777984,74.74530845810794,59.42699837206457,104.77653426384362,0.20494008790703888,132.22937274851202,11.12888899837087,112.92543377124053,150.1497142429043,2.58340268855186,0.8841990907974928,890.0,16951.0,150.06914096920377,14212139.0,255.0
1229,49.16,1316.7327017384775,626.2271449203829,1316.7327889447236,626.2272433596554,1326,480,55720.0,133.17742623343048,60.57181861713036,73.78881640415315,74.68819759311793,59.45929512871586,104.8131553829876,0.2038997184985667,132.2069955489235,11.069166834757024,112.7418175014368,149.36952781973324,2.6237277647389616,0.891976736992409,886.0,16988.0,149.99661843464133,14208581.0,255.0
1230,49.2,1316.7517294467432,626.314564063063,1316.7518903676564,626.3147439696822,1326,480,55677.0,133.12602875867256,60.48054837682621,73.83272421016957,74.70335590799152,59.40182246649108,104.53906387244722,0.2048306030634901,132.1485309493759,11.135791309106358,112.71493743736751,149.38521387134443,2.5849516576572356,0.8912883845212913,886.0,16947.0,149.98972164836997,14197604.0,255.0
1231,49.24,1316.7817824895342,626.1897908818231,1316.7819094576423,626.190138951143,1325,480,55775.0,133.2431382919996,60.58580033950009,73.84509928433745,74.73931901142913,59.47917353830038,104.75561131387313,0.20417827824729273,132.26904167614524,11.098870139063145,112.98146600457221,149.4845371613572,2.614629020309607,0.8888398377463818,888.0,17027.0,150.12202541513506,14222580.0,255.0
1232,49.28,1316.7883857731622,626.1941928091728,1316.788397006837,626.1942146535791,1326,480,55727.0,133.18579138693477,60.56484466464636,73.79821182254615,74.67007410815354,59.48660782176936,104.60100068680939,0.20334071537671383,132.20652090760825,11.071937127189727,112.9745056048467,149.48174175798968,2.6674866500980845,0.8781578950207394,893.0,17014.0,149.98837451960205,14210382.0,255.0
1233,49.32,1316.7980219103908,626.214129058694,1316.798076405462,626.214197276104,1325,480,55729.0,133.18818133429284,60.54231923341842,73.82877123840935,74.71123871231298,59.44990067953278,104.65651852156562,0.2042709811243567,132.2336721668276,11.082741958375264,113.6737732786285,149.92523899833887,2.5942776598988635,0.9002309582525059,882.0,17000.0,150.1289128050247,14210883.0,255.0
1234,49.36,1316.7776535961475,626.3206644150284,1316.777704023968,626.3206975117059,1322,481,55741.0,133.20252011794176,60.53936259000809,73.85293011339343,74.72971369235896,59.45367608984581,104.60190565774334,0.2044171835770744,132.22727674504696,11.129617616834237,112.68856945967005,150.59813158208658,2.6757559953188275,0.8843101431826722,890.0,16961.0,150.0448550015661,14213947.0,255.0
1235,49.4,1316.7604748563544,626.135564983475,1316.7605254657046,626.1356555758946,1326,480,55722.0,133.17981633090346,60.505655472934365,73.8655884787089,74.74603733183135,59.41455552896007,104.60872631504738,0.20511430906775585,132.20799388240934,11.152861448633363,112.67510654725633,149.98756165071057,2.571824548698726,0.8960495579704062,884.0,16976.0,150.0551560034134,14209097.0,255.0
1236,49.44,1316.7296063880833,626.2469584764166,1316.7296282995153,626.2470281917758,1343,480,55690.0,133.14156962262126,60.509206718709976,73.8053604341578,74.67078637555383,59.43794233147652,104.5247458798903,0.20400004852586273,132.16685184273112,11.068772242749915,113.7389412354176,149.34948981954284,2.5360800926567326,0.8996009629650998,882.0,17005.0,149.95177441244556,14200942.0,255.0
1237,49.48,1316.7796194660564,626.2549776848682,1316.7796692344987,626.2551132180503,1326,480,55689.0,133.14037423595113,60.47277588259925,73.86590593384076,74.74714306839275,59.38007481880868,104.60002897273506,0.20558736586792858,132.17588769088644,11.17481898679995,112.6925638169361,149.35125015688578,2.6004800055646258,0.9161285511562713,874.0,16928.0,150.01537002600082,14200678.0,255.0
1238,49.52,1316.7938105979815,626.2822602199969,1316.793880663975,626.2825661731717,1322,481,55725.0,133.18340139668956,60.5680004619149,73.78678693623014,74.66498822942961,59.48203206873723,104.65512624379153,0.20334773393438954,132.22151819503654,11.048758155142687,113.67182327600729,149.32721609458662,2.588689444288464,0.8960978001130773,884.0,16940.0,149.97655878819026,14209838.0,255.0
1239,49.56,1316.786937338446,626.2323543770359,1316.7869466963198,626.2325130927613,1322,481,55756.0,133.2204414272203,60.540308699229364,73.86371234908897,74.73570704309404,59.46050010011495,104.56162435730933,0.20438967593055768,132.25216043233792,11.104835463212979,113.68316449126728,149.4760091499274,2.6412290513069636,0.9214430603145384,872.0,17045.0,150.05625617576274,14217761.0,255.0
1240,49.6,1316.7687535069329,626.315393964591,1316.7688334977136,626.3156101497354,1325,480,55765.0,133.23119305567704,60.56136816940503,73.85783677135818,74.7462588888299,59.461383680661434,104.69604973642429,0.20449017028265803,132.26584681397281,11.122497061388692,113.69380516765919,149.59053839697006,2.6193390589589844,0.8987733023163585,883.0,16998.0,150.10689821985113,14220047.0,255.0
1241,49.64,1316.7961389814238,626.27335819973,1316.7962129498467,626.2735928562463,1325,480,55769.0,133.23597127871972,60.53672172545686,73.87427810127343,74.7326908874254,59.47376358508188,104.45297274691424,0.20418008666821608,132.27065888178674,11.094270156413062,112.67444392548288,149.67395705656213,2.5522325530215224,0.8907492831977324,887.0,17046.0,149.99342824877516,14221066.0,255.0
1242,49.68,1316.7855720165583,626.2838120392698,1316.7856219477162,626.2840239873599,1326,480,55696.0,133.1487417172705,60.50931394379251,73.82005117804462,74.69637390661455,59.42414286366109,104.60001284568953,0.20445746217944682,132.18063202940522,11.09953588409058,112.68401861319366,149.32410507421093,2.562154153980216,0.897661218431129,883.0,17008.0,149.897934833891,14202456.0,255.0
1243,49.72,1316.8833686564458,626.2721689493203,1316.8834155529644,626.2722755404072,1325,480,55745.0,133.2072993694993,60.52061346011965,73.87870056645934,74.76689042527344,59.41985482238181,104.66688930242229,0.2052651316056857,132.23097652085593,11.138727720615812,113.58354044731517,149.260209675574,2.5738687824302975,0.8843736016884889,890.0,17047.0,150.0770648149896,14214961.0,255.0
1244,49.76,1316.8189143311683,626.3028657018019,1316.8189580941446,626.302992250287,1325,480,55744.0,133.20610457268552,60.51770828238255,73.87194636961152,74.74134375844137,59.44063432845254,104.52853465895151,0.20471547152590164,132.2307964876533,11.10665489399098,113.6449718146541,149.31184165011314,2.5758936320373556,0.8803964531848087,892.0,17137.0,150.14276034543957,14214703.0,255.0
1245,49.8,1316.7782864259186,626.1948911473658,1316.7783502378602,626.1950453280675,1325,480,55705.0,133.1594991349399,60.481687337369436,73.8744606177473,74.75163040745846,59.39414269239975,104.56981639172203,0.20544685957145892,132.18531946030404,11.174480772492705,112.65218492822136,149.40995136811944,2.639831913825112,0.8998432688448713,882.0,16915.0,150.1247443007519,14204755.0,255.0
1246,49.84,1316.7832654008394,626.1727074411874,1316.7833270477524,626.1728355153278,1325,480,55683.0,133.13320169053256,60.45221542855161,73.86961823008592,74.72910455456697,59.38646125297629,104.42641983729386,0.20531014513077073,132.17111051092718,11.156569297165728,112.6491579727563,149.43267763954702,2.585250008886848,0.9015310160126079,881.0,16887.0,150.0860740834019,14199145.0,255.0
1247,49.88,1316.810646676552,626.2471910729461,1316.8106797859734,626.2473156893022,1325,480,55694.0,133.14635106198006,60.46657258202483,73.87138376814477,74.73513922684917,59.39567917265758,104.46406374921075,0.20525097314170482,132.16885138337815,11.17029792281094,112.66237490385981,149.43626450287348,2.609746196247682,0.8955992979721439,884.0,16886.0,150.16104069585165,14201953.0,255.0
1248,49.92,1316.751295337881,626.2672377685592,1316.7513722957701,626.2673555053277,1325,480,55746.0,133.20849415559653,60.50561050731934,73.88700209423546,74.74325501370666,59.44462811131887,104.41740988200787,0.20468237434377556,132.2421987582792,11.132469201045614,112.71965578856941,149.10773848954491,2.6256151652552298,0.8944107967289942,885.0,16959.0,150.0830946640899,14215210.0,255.0
1249,49.96,1316.7490855112885,626.2869482703333,1316.7490840517241,626.2871946839081,1325,480,55680.0,133.12961527291162,60.45792943162287,73.86796343427582,74.74144521418921,59.37468838133766,104.53480446983654,0.20559887206909755,132.15258186290063,11.175261419712113,112.72006897082929,149.5107762661833,2.58984431727777,0.8853307906629315,889.0,17013.0,150.01917291752954,14198371.0,255.0
1250,50.0,1316.806517004238,626.2858367868525,1316.8065373086106,626.2860296889304,1325,480,55711.0,133.1666702639409,60.492843481586384,73.86525721937949,74.73510868550372,59.41484550462746,104.52405662295783,0.20499419148965414,132.1881947114712,11.15851916137987,112.66297734310189,149.32615750555698,2.632703452433595,0.8938492429334659,885.0,17039.0,149.9639157836357,14206282.0,255.0
1251,50.04,1316.8870712092312,626.282175780271,1316.8870658274607,626.2822816360931,1325,480,55767.0,133.23358218861884,60.54614055800651,73.87957965794196,74.76106875616433,59.454268352576165,104.62799852589609,0.20474293182607917,132.26717378931625,11.145335787696926,113.57895252398552,149.42047367187797,2.6334866046594976,0.9049442020286259,880.0,17207.0,149.95810093639653,14220572.0,255.0
1252,50.08,1316.8477632164588,626.2918840247958,1316.8477738313063,626.2920388906828,1325,480,55746.0,133.20849415559653,60.52714201203261,73.87539124006432,74.7544192746244,59.438078282621134,104.60318385173437,0.2048887696623769,132.23772898151623,11.154618063788758,112.62135480814872,149.756348260546,2.6511558748738433,0.8824054187819919,891.0,17130.0,150.11064181909774,14215211.0,255.0
1253,50.12,1316.8175077211993,626.2712042692933,1316.8175555675152,626.2714242146997,1325,480,55743.0,133.20490976515484,60.49304284920077,73.91722568502091,74.8051427446101,59.39154068622958,104.63548634872747,0.20605003202792638,132.22432079498688,11.205706751603687,112.65335996637081,149.7466226510191,2.5960007653924615,0.9004571104069592,882.0,17050.0,150.2849279458392,14214437.0,255.0
1254,50.16,1316.8158470901574,626.3132141430572,1316.815878711761,626.3133757961783,1323,481,55735.0,133.19535091906764,60.50554772188023,73.86227118979517,74.71313811619386,59.45168965866413,104.38743690303474,0.20426726600340528,132.22136439460363,11.085747955108795,113.64709857487433,149.78688943297354,2.5333079438400596,0.8942343083932568,885.0,17159.0,150.041177596848,14212401.0,255.0
1255,50.2,1316.8536905618105,626.2647709487076,1316.8537268418786,626.2648822346689,1326,480,55704.0,133.1583039092263,60.51796002281859,73.82555111783999,74.70103586545895,59.4339189672336,104.59508113776792,0.20437624085591455,132.18665052771294,11.115995714111971,112.86716452473671,149.42777596066816,2.6115134244703464,0.8937369321743602,885.0,16982.0,150.0425118881867,14204504.0,255.0
1256,50.24,1316.752762936846,626.3013600682552,1316.7528418784232,626.3014995061507,1326,480,55685.0,133.13559258194024,60.46614435559033,73.8507095511712,74.70766119722289,59.40410148199781,104.42165977222898,0.20484592168967486,132.16654950406596,11.12338326263449,113.71098841058489,149.28209464796845,2.5767236739396826,0.9056707418588847,879.0,16922.0,150.0692908421123,14199655.0,255.0
1257,50.28,1316.8568732438846,626.2399937543132,1316.8569094891036,626.2402254694288,1326,480,55706.0,133.16069434992536,60.492171207419936,73.84284728234273,74.70406629513377,59.425342667278365,104.46876291444943,0.20452331962083115,132.2085817973703,11.092357736528534,113.61282783095727,149.28438479549988,2.5201813236480044,0.9421006581622245,862.0,16908.0,149.93247559384906,14205003.0,255.0
1258,50.32,1316.7771218365453,626.2128280207512,1316.777147778655,626.2130015072131,1325,480,55732.0,133.19176617492172,60.475654658666684,73.9064223810624,74.76782365766543,59.407378506870344,104.43474609674311,0.20544191872061113,132.23144736607162,11.172257355261287,113.6947043406726,149.65524237586985,2.5665003453344166,0.9317004333966113,867.0,17002.0,150.1001231454417,14211639.0,255.0
1259,50.36,1316.8112387130004,626.1938028257491,1316.8113136392205,626.1941456406573,1324,480,55685.0,133.13559258194024,60.41821645177134,73.90686155782925,74.75253776956279,59.36870523728237,104.29065355864712,0.20579679287549624,132.15849964143655,11.182270867815395,112.95177348479955,149.2702198938277,2.5715063754680254,0.9077349480085078,878.0,17003.0,150.0333779319485,14199633.0,255.0
1260,50.4,1316.7927601001727,626.3225265928846,1316.7927748465597,626.3229245181436,1322,480,55722.0,133.17981633090346,60.511123525194165,73.83708772825403,74.68502879426751,59.461399819299764,104.37873103297943,0.20383776000011722,132.20911541398644,11.04610008363524,113.66925745965789,149.3479062561035,2.572837932791857,0.8780791039594028,893.0,17002.0,150.02828672193849,14209064.0,255.0
1261,50.44,1316.726550968413,626.2961639962319,1316.7266583004662,626.2966654714951,1322,480,55780.0,133.24911050859532,60.543526142012645,73.88165338744331,74.7461732367988,59.47290855024113,104.49880026463688,0.20433507195306666,132.27944634507696,11.084409325858827,112.99093409011526,149.497400858533,2.546657551203327,0.9134402859471168,876.0,16982.0,150.09021446561496,14223839.0,255.0
1262,50.48,1316.7919367863528,626.2503196522207,1316.7919810728945,626.2505869911996,1323,480,55793.0,133.26463701917413,60.551156557741386,73.89794977249944,74.7635351518569,59.47910013320659,104.5028873717685,0.20443702919618678,132.29496428165942,11.132010581387146,112.92997171469463,150.34116448392123,2.6317431522850807,0.9220545351913524,872.0,16934.0,150.12335170323846,14227181.0,255.0
1263,50.52,1316.872913075348,626.425434873499,1316.8729162932425,626.4255601362252,1326,480,55790.0,133.26105413883562,60.58404638580774,73.85924016003034,74.74687930586951,59.48544416517807,104.69967746158397,0.20417488037514675,132.2972540050973,11.099801115050791,112.83356017301183,149.79152421385243,2.5682150714168603,0.9220049561472864,872.0,16962.0,150.15308526010753,14226436.0,255.0
1264,50.56,1316.7885958272927,626.2817097925011,1316.7885222381635,626.2819225251076,1323,481,55760.0,133.22522003587824,60.562216129932445,73.84403772543105,74.72053252396756,59.47744067710243,104.61384657453083,0.2040013813067475,132.26991512041698,11.08267089640359,112.9304534381699,149.326750721647,2.6099999972704904,0.932168523760049,867.0,16968.0,150.0697703146909,14218778.0,255.0
1265,50.6,1316.8280891350955,626.3521120922874,1316.828081615105,626.3522920659943,1326,480,55823.0,133.30046052597774,60.59505032809095,73.90999259282457,74.81930035173009,59.46864236059924,104.84094645211417,0.20516976126435926,132.3279293414476,11.173511565411951,112.63550528562808,149.3470073354129,2.6426589004797867,0.9079151983979262,879.0,17049.0,150.14666212605704,14234842.0,255.0
1266,50.64,1316.809642649073,626.2930790802397,1316.809604996321,626.2932826044041,1324,480,55721.0,133.17862128752873,60.52047410201015,73.84471631337286,74.7268427793699,59.42784600809565,104.63712215429575,0.20473227828511842,132.21907337980883,11.1115501637064,112.90846549517615,149.30830576911185,2.581333077854887,0.9062562522603738,879.0,16932.0,150.03709855428764,14208834.0,255.0
1267,50.68,1316.7646587683919,626.3137493445453,1316.764625655014,626.3139221879262,1325,480,55724.0,133.18220638548362,60.5014693093682,73.87473287692892,74.74930961879748,59.41754503295448,104.55898581497749,0.20510911290058886,132.20574221300086,11.166405261032962,112.95139645476158,149.35011482701418,2.6441454724592055,0.89204076978042,886.0,16918.0,150.03936392347077,14209601.0,255.0
1268,50.72,1316.7773722589195,626.3052094216085,1316.7773788150807,626.3054039497307,1323,481,55700.0,133.15352289908495,60.50261933581273,73.8277762159128,74.67436551875319,59.45457612205142,104.36883950891027,0.20381544979956445,132.1829682265368,11.098246539329313,112.9395061920018,149.50304735351415,2.6859030607415337,0.9079794667158818,878.0,16919.0,150.02846312462947,14203477.0,255.0
1269,50.76,1316.7821779689054,626.3186250780449,1316.7821574155548,626.3187997198628,1343,480,55687.0,133.13798343041236,60.504980934621216,73.80010222475151,74.65626515684843,59.445352039608515,104.45514918182893,0.20374596941439116,132.17429066755867,11.050784943443956,113.68014591716121,149.32415613018122,2.565467452688652,0.9119173396116366,876.0,16828.0,149.98479280318867,14200166.0,255.0
1270,50.8,1316.7914830356697,626.3368554500985,1316.7914438502673,626.3370419552812,1326,480,55726.0,133.18459639717318,60.52973978601949,73.840818854162,74.7166664219309,59.445232663438205,104.5961163963415,0.20439126221522919,132.21578844634118,11.11597757829684,112.67333578832934,149.50328884347525,2.644932238824548,0.9022272039638416,881.0,16910.0,150.04044920428885,14210110.0,255.0
1271,50.84,1316.8358857927124,626.2566896813096,1316.835880327163,626.2568158989811,1343,480,55752.0,133.21566264714784,60.47441858011243,73.94748118692968,74.81615875802822,59.39636070659113,104.47076361746176,0.20610250923611406,132.25041333802668,11.232383038820307,112.6363776296649,149.59364927820673,2.6487182017105617,0.9067604417727673,879.0,16932.0,150.1197999281434,14216746.0,255.0
1272,50.88,1316.7576222208163,626.4362880113458,1316.7576763634406,626.4364086642859,1326,480,55723.0,133.181011363555,60.493470340538444,73.86535155866196,74.7158001272076,59.43987992987111,104.37764602770122,0.20445367875775178,132.19035875195962,11.113286406519336,113.69412742906631,149.32517513417685,2.6072521552725387,0.8980963816905665,883.0,16891.0,150.0599153219868,14209343.0,255.0
1273,50.92,1316.7627711864723,626.417339287987,1316.7627872764133,626.4175352984446,1326,480,55739.0,133.20013042785772,60.51344282560313,73.87051533218919,74.7307127596422,59.447879428004704,104.4579973876676,0.20450538697244813,132.24330262164318,11.123346962523472,112.694700648225,149.5811701125256,2.612739534384478,0.8983542562146778,883.0,16900.0,150.0885230285099,14213421.0,255.0
1274,50.96,1316.7151534576558,626.3889791436375,1316.7151621699195,626.3891360505166,1326,480,55744.0,133.20610457268552,60.519332565746595,73.8734798869126,74.7377522576682,59.44870925660983,104.49000634338877,0.20456921086343882,132.2247154744674,11.133672373117639,113.74062292105879,149.4041302923255,2.6593082055760147,0.8943787079406782,885.0,17017.0,150.0853787389425,14214703.0,255.0
1275,51.0,1316.796490184322,626.4473202127654,1316.7965326831368,626.4475061852343,1326,480,55778.0,133.24672165407853,60.57268571906981,73.86009633192761,74.73361512624699,59.49160323562324,104.58894162037699,0.20395121880395484,132.2686090043139,11.114389397652042,112.90772283951512,149.3625421846075,2.664948847198167,0.8829119479213206,891.0,16960.0,150.1136364956589,14223368.0,255.0
1276,51.04,1316.8863075779175,626.2619390651834,1316.886418646347,626.2623576871358,1322,480,55775.0,133.2431382919996,60.56638852194359,73.87012335597126,74.76025772334228,59.46416070505724,104.70539519504447,0.20460198351495462,132.27757545412828,11.13306404097133,113.58153516506097,149.52094071283176,2.6390091206919637,0.8808860536808035,892.0,17097.0,150.1071594963767,14222575.0,255.0
1277,51.08,1316.789817014337,626.3435118801992,1316.789906313938,626.3438027208442,1322,480,55718.0,133.17503609306232,60.49785221596952,73.86087139917358,74.72196701866827,59.43101960636044,104.46228166209542,0.20463791335267711,132.1967569008388,11.129050894871979,112.67439479005097,149.46311292026292,2.6067013847475478,0.874096361400536,895.0,16868.0,150.06421385306425,14208053.0,255.0
1278,51.12,1316.7609059995698,626.1531710583431,1316.7610959494398,626.1534580580293,1326,480,55696.0,133.1487417172705,60.479267588469654,73.85235541193535,74.70705802968789,59.420263281791165,104.40957721084176,0.20462316615147513,132.18240346797975,11.134018640200523,112.6731371403916,149.38438969945705,2.6240348139855203,0.8776693904404527,893.0,16902.0,150.0482351152974,14202435.0,255.0
1279,51.16,1316.7868371351565,626.2685595606979,1316.7868981988615,626.2687521324547,1326,480,55687.0,133.13798343041236,60.55575747120619,73.76493392530796,74.66553548399921,59.441761841353994,104.82588120218058,0.20389291450146585,132.1857582571043,11.070819661077817,113.68000033179717,149.23599811606206,2.577927601152239,0.8854420930252634,889.0,16932.0,150.08472449099534,14200161.0,255.0
1280,51.2,1316.6273111182036,626.3279339943424,1316.627346469976,626.3281468719715,1326,480,55722.0,133.17981633090346,60.56590030978639,73.795549354081,74.6784421184495,59.47387382344435,104.68524240547185,0.20360050188096812,132.21064450827188,11.075737065632987,112.76891431813355,149.36882289582,2.6740048230238767,0.8940257312692034,885.0,16915.0,150.02832007425758,14209085.0,255.0
1281,51.24,1316.6603400687811,626.3412220127067,1316.6603987068966,626.3414870689655,1319,481,55680.0,133.12961527291162,60.49724784221159,73.81379388682511,74.67957498082619,59.425198738681836,104.51838835794779,0.20426436875224419,132.157437169753,11.099252912105609,112.80354518840454,149.36326814533004,2.6164068057901844,0.8953741679730128,884.0,16922.0,150.02460494327207,14198363.0,255.0
1282,51.28,1316.683694016331,626.4184575560259,1316.683737371925,626.4187048036031,1322,481,55729.0,133.18818133429284,60.546016887405,73.82076532939529,74.69839077149678,59.45986857449608,104.62564759240878,0.20400067577915448,132.21579478298585,11.08840954100426,112.77335713491803,149.97150595237275,2.5843058391513165,0.8921208107654337,886.0,16862.0,150.00011781340916,14210863.0,255.0
1283,51.32,1316.7738891316565,626.3412975738504,1316.773890723722,626.3414524698449,1322,481,55712.0,133.1678654145637,60.51498393329777,73.84511672220918,74.73999692605203,59.40620677721914,104.72898179740648,0.2051617712000201,132.1994555008147,11.132196394808274,113.68637305337776,149.46115730356206,2.5705643400925235,0.8999563449220981,882.0,16883.0,150.08974529517667,14206544.0,255.0
1284,51.36,1316.666813334136,626.3153582949678,1316.6669180357303,626.3155399946136,1321,481,55695.0,133.14754639499077,60.521030968787144,73.80727735214053,74.6844085844512,59.435246226893355,104.61698972685616,0.20418133646080217,132.17300402421108,11.082364239532952,113.79533424258943,149.36792549596308,2.5761041842641057,0.8640543350206594,900.0,16969.0,150.08348531616124,14202195.0,255.0
1285,51.4,1316.621713746894,626.2920022511595,1316.621768170066,626.292157426027,1320,481,55696.0,133.1487417172705,60.50732362739901,73.81929771642365,74.67975656653499,59.44206328064213,104.48015427332616,0.20404047879182663,132.18157820444276,11.085685068499254,112.84645405138536,149.74649753799696,2.601576665356151,0.8895833182768367,887.0,16875.0,150.07544351066184,14202459.0,255.0
1286,51.44,1316.6105159347462,626.2637229569173,1316.6106605906205,626.2639491908571,1321,480,55738.0,133.19893556673838,60.51672524119393,73.86666915948742,74.73251483285377,59.444176109965724,104.50375800181085,0.2045741235536076,132.21843573137267,11.111985808984748,112.86016655428267,149.93528193360046,2.5969589924054595,0.8822787864971596,891.0,16875.0,150.05408279297524,14213154.0,255.0
1287,51.48,1316.6931570789875,626.2563827121312,1316.6932236570342,626.2566138041273,1322,481,55679.0,133.128419778901,60.5281011747337,73.78954928161404,74.67604275534434,59.43094525080794,104.69793123232164,0.2041497773855372,132.15645160494813,11.10338852211469,112.7785366585322,149.34089996821947,2.6684804355555283,0.873484534736,895.0,16853.0,150.01958206081304,14198118.0,255.0
1288,51.52,1316.659062314318,626.3210376299792,1316.6590705185718,626.3213529517316,1323,481,55730.0,133.18937629188994,60.58009219725669,73.77728939993088,74.65361430305035,59.49683918764653,104.65078735848437,0.2030280148778344,132.224923211596,11.024747748946304,113.80254571720141,149.53152960020694,2.578683631756161,0.8881227101318845,888.0,16800.0,150.03108435300808,14211116.0,255.0
1289,51.56,1316.5503864674624,626.3788191969966,1316.550488190107,626.3792088448561,1322,481,55716.0,133.17264590979667,60.55059050289995,73.79281099317826,74.66143833711867,59.476235505934945,104.57278643700847,0.20338749385751187,132.19285531633787,11.050378497285042,112.90967107256459,149.62165500541934,2.60063820004963,0.8721150365085345,896.0,16811.0,150.02984700907982,14207535.0,255.0
1290,51.6,1316.5957518451655,626.3877773854194,1316.5958252566588,626.3882188240361,1322,481,55716.0,133.17264590979667,60.52656695734547,73.82768412548491,74.69376674993052,59.45446543096133,104.5273086198177,0.20402373560821074,132.19038008232764,11.0988731685226,112.86368767808085,149.4616699941843,2.646181479233004,0.885903202812067,889.0,16856.0,150.1272229177574,14207533.0,255.0
1291,51.64,1316.6295265663684,626.3067788435874,1316.6296894923046,626.3070955228706,1322,481,55683.0,133.13320169053256,60.51708615979216,73.79718901946332,74.67807697289247,59.42665768892654,104.64785393749987,0.20422887013416358,132.16103375021035,11.092383740480383,113.83323751351068,149.46836792814935,2.585296145709237,0.8893756806881838,887.0,16704.0,150.16654183296714,14199118.0,255.0
1292,51.68,1316.5230527997646,626.3117772956925,1316.5233492342454,626.3121121910979,1322,481,55762.0,133.2276092759325,60.56645225512424,73.83830804341197,74.71522518425179,59.481307981185054,104.62146947880663,0.2038930775554657,132.2572058119977,11.081083347404983,112.94292073042475,149.50761967077867,2.575302403002919,0.8966927865393524,884.0,16699.0,150.2115282701903,14219249.0,255.0
1293,51.72,1316.5913609252552,626.3692490044018,1316.5915176968915,626.3694988872137,1322,481,55716.0,133.17264590979667,60.54459230216707,73.81589185444848,74.70873137830345,59.439372499613086,104.740331334505,0.20438519831598723,132.19876850703056,11.115775899371314,112.86972209358284,149.3986940460888,2.612486756630958,0.8899027607209176,887.0,16671.0,150.2062629370161,14207540.0,255.0
1294,51.76,1316.540351711817,626.4209809567642,1316.5405152898056,626.4211973121564,1322,481,55658.0,133.1033119242997,60.50648780107788,73.78253476339673,74.66682627438497,59.41180485597662,104.67513864818197,0.2043078858387437,132.1406821008751,11.100572786808439,112.91589409744435,149.3381646700313,2.623688391337719,0.9072948143352344,878.0,16736.0,150.0961148109197,14192756.0,255.0
1295,51.8,1316.5589130903609,626.4879687997146,1316.5591583180724,626.4881862903516,1322,481,55698.0,133.15113232963802,60.52025548306247,73.81477592279644,74.69366394007896,59.43213806918231,104.62638745091407,0.20432155909689764,132.19112041767684,11.101501442988397,112.8914476109508,149.40906844689002,2.601083488821617,0.9038245228287412,880.0,16820.0,150.05585201063923,14202947.0,255.0
1296,51.84,1316.563193868148,626.4218156695864,1316.5634164288663,626.422064286868,1322,481,55719.0,133.17623116860844,60.536482919415775,73.82791367186235,74.7138512461222,59.439608287445836,104.68012729587308,0.20443656301908453,132.20955634666598,11.119805312047307,112.89306972526848,149.92525786515657,2.626077671854959,0.885950903824495,889.0,16829.0,150.08435842388315,14208301.0,255.0
1297,51.88,1316.4646359654826,626.4849289073786,1316.4647136911597,626.4851105051664,1322,481,55744.0,133.20610457268552,60.584418596999626,73.79137132211306,74.6782682673921,59.48776770831012,104.72523386062257,0.20341259795541933,132.24274735637292,11.031516050691547,112.98561840934595,149.35167294262047,2.5483039709678996,0.8984348420034626,883.0,16856.0,150.08449958142742,14214696.0,255.0
1298,51.92,1316.5561782731193,626.4639942586489,1316.5562093027427,626.4641325990636,1322,481,55747.0,133.20968893097748,60.55760564656607,73.84479902942364,74.73306881131312,59.457937833265916,104.69915829746658,0.20439587482502586,132.23166659996303,11.139589293904622,112.89630002360295,149.5861786861511,2.6529569825448114,0.8964515758259977,884.0,16933.0,150.1048740618219,14215469.0,255.0
1299,51.96,1316.581863917406,626.483992428979,1316.5818727102937,626.4841247036851,1322,481,55684.0,133.1343971416035,60.498574133672186,73.81410082318924,74.67903796164823,59.427605047369006,104.51247111325075,0.20422642458398665,132.17448502133234,11.09628211369149,112.86894110305492,149.3264400213866,2.5869667432268906,0.8995040406131912,882.0,16795.0,150.07829299658522,14199406.0,255.0
1300,52.0,1316.6277395298976,626.4176369010936,1316.6277698099677,626.4177662244532,1322,481,55780.0,133.24911050859532,60.591412093284376,73.84189641431117,74.73324117462344,59.488549730646774,104.73831245854169,0.2039880942451775,132.29587390555247,11.09200389824604,113.82317521005021,149.9473117442124,2.615385892037706,0.9197290128953952,873.0,16912.0,150.19702246461748,14223882.0,255.0
1301,52.04,1316.4630358308737,626.4474814057885,1316.4630725635784,626.4476487678899,1322,481,55758.0,133.22283075297491,60.5276360707399,73.88002020415789,74.74872365802489,59.451496408206104,104.52405978720058,0.20464867493662553,132.26087818673054,11.116427212057015,112.99053731063967,149.54937713658109,2.6059237505422503,0.9172636562942661,874.0,16822.0,150.13947131975823,14218269.0,255.0
1302,52.08,1316.5071642255305,626.5250049709575,1316.5071627073062,626.525109816226,1322,481,55775.0,133.2431382919996,60.59645941502461,73.82207940133141,74.70109140858158,59.50947187750823,104.65782006142895,0.2033654294015863,132.28723303022392,11.049334687405135,112.93971337347642,149.56408543497594,2.629784865311372,0.9030205344198986,881.0,17017.0,150.11890042007136,14222612.0,255.0
1303,52.12,1316.6195308408508,626.4479010735445,1316.6195893650565,626.4482585638527,1322,481,55816.0,133.29210256888612,60.60546320072061,73.87600068616392,74.77474580216091,59.49305032840568,104.78367624570758,0.20436974154599674,132.31317671315495,11.117050863552231,112.83463387601206,149.64512303211822,2.580144206674494,0.8678590378025659,899.0,17206.0,150.12177961406016,14233038.0,255.0
1304,52.16,1316.403272814228,626.5167863604458,1316.4032865702702,626.5169710451723,1322,481,55742.0,133.203714946907,60.61134899793985,73.75835092165802,74.64158529832245,59.520279755607405,104.72514999696834,0.202585535694067,132.2468616673363,10.99743943723623,114.02910961626168,149.88281962574098,2.5966696012826223,0.8843260078091264,890.0,17236.0,150.03655559662928,14214189.0,255.0
1305,52.2,1316.4594570830523,626.3876539857001,1316.4595035397438,626.3878304507573,1322,481,55795.0,133.26702555255218,60.57463191103151,73.87243331685937,74.74510996397078,59.49446169001538,104.57792876617899,0.20403539818600358,132.3058027087489,11.102067333605072,112.99943943525955,150.0605367110082,2.5999288650492614,0.8931773517676141,886.0,17187.0,150.1434155914808,14227701.0,255.0
1306,52.24,1316.4225139391654,626.5406800308571,1316.422545558801,626.5408102926156,1306,482,55807.0,133.2813558539183,60.629362942023896,73.82819233873037,74.71895522981079,59.528139263089315,104.75724370144643,0.2033060542669467,132.3087971392706,11.054713246064077,113.0226468341701,150.0010769407492,2.6061569098145503,0.8873501335223818,889.0,17145.0,150.0569319299258,14230766.0,255.0
1307,52.28,1316.482809038609,626.2744707312427,1316.4828612405881,626.2746862674794,1322,481,55780.0,133.24911050859532,60.60373037155904,73.82966410084713,74.72705437597556,59.49368689602732,104.79408800200409,0.20385344514323178,132.2849614075407,11.092040300743408,112.98636844195718,149.61108992983924,2.598839560294688,0.8889195185924371,888.0,17153.0,150.08731049580967,14223870.0,255.0
1308,52.32,1316.4144915579025,626.4989332231019,1316.4146179521229,626.4991027527545,1322,481,55726.0,133.18459639717318,60.55988812513138,73.80083290926203,74.67447149423903,59.47929299248037,104.61095376011966,0.20348558480164047,132.22020088899933,11.073652124462932,113.03432329921321,149.68238914342479,2.6345056680343255,0.8900624819429581,887.0,17036.0,149.98181905838803,14210094.0,255.0
1309,52.36,1316.4770111955543,626.3410700321526,1316.4770265423242,626.3413199426111,1306,481,55760.0,133.22522003587824,60.57850958530353,73.82360341308869,74.70930613644174,59.482769110736115,104.69901986565141,0.20381044629028378,132.26015730926264,11.079190283520095,112.98613518254108,149.40451539993416,2.5574913097134386,0.900731723737367,882.0,16923.0,150.07425753055196,14218769.0,255.0
1310,52.4,1316.3262254381432,626.463362756283,1316.3262965485108,626.4635496935593,1343,480,55802.0,133.27538508227198,60.57316456122534,73.88074026287687,74.7561088752201,59.48946320642169,104.5937084249367,0.20421937281782387,132.30644239587625,11.09089865927557,113.12538929529447,149.61159930281266,2.5301144979029524,0.8932894091466332,886.0,16861.0,150.16135390824897,14229482.0,255.0
1311,52.44,1316.3214018378287,626.5053104052797,1316.321489426578,626.5054436532564,1326,481,55753.0,133.21685735823706,60.55712479949076,73.82035616312365,74.6810391395028,59.49245953123451,104.50325118446739,0.20337932871952014,132.26561297679623,11.009726920899395,113.12442926004724,149.63673440921394,2.4964541897817587,0.9150861856161527,875.0,16992.0,150.10324189090258,14216994.0,255.0
1312,52.48,1316.2750816587786,626.7003173269871,1316.275219160646,626.7003997777022,1322,481,55781.0,133.25030491979382,60.516212496315276,73.90673633624316,74.76209546936815,59.456258979212876,104.40649160929242,0.20472722700003032,132.27953050524778,11.092305371300794,113.13931732974329,149.82977582441632,2.4716336605550246,0.9390066647906606,864.0,16997.0,150.00189550741482,14224129.0,255.0
1313,52.52,1316.249322403159,626.5199328175247,1316.2494580115745,626.5201118019099,1322,481,55813.0,133.2885204268391,60.56916348918978,73.90180815699159,74.78437869901893,59.4760247263947,104.63618987389697,0.20469988838491293,132.31762645839356,11.109828453703551,113.19698452019685,150.04188530023157,2.522476857718446,0.9077525566197348,879.0,17077.0,150.16739073926232,14232283.0,255.0
1314,52.56,1316.1941923640788,626.8569417493877,1316.1942549371634,626.8571633752244,1320,482,55700.0,133.15352289908495,60.50571201921094,73.822793613614,74.6875898949881,59.434922053856575,104.5106467778132,0.20421957466530927,132.20151521972488,11.069823350559004,113.19468071231408,150.15442021798498,2.5548302020700135,0.9247547142552595,870.0,16897.0,150.1263340978777,14203473.0,255.0
1315,52.6,1316.1235265260275,626.7367205072076,1316.1236089956096,626.7371024101783,1320,482,55805.0,133.27896757735797,60.5326229851176,73.93648310532483,74.81455250577115,59.44396279525434,104.57110094640056,0.20544919665637407,132.31839601386233,11.15520635548359,113.28326736214268,150.29248407483314,2.501467874696225,0.903506246944015,881.0,17006.0,150.18943810916582,14230231.0,255.0
1316,52.64,1316.0835442920377,626.9511382831756,1316.0837580760947,626.9514716439339,1321,482,55720.0,133.17742623343048,60.605461892567796,73.73160634413996,74.61460903162458,59.514972102459346,104.73305968075141,0.20236837162499133,132.2426164530673,10.959265701765675,113.32496563521383,150.40920883871436,2.5725185710850726,0.9124577399242263,876.0,17027.0,150.01727014214464,14208547.0,255.0
1317,52.68,1316.1159426177542,626.810563439876,1316.1161573617708,626.8108791110315,1315,482,55795.0,133.26702555255218,60.61870271265123,73.80964108891732,74.68384457911729,59.53833718808272,104.63736494664876,0.20279496156615218,132.31074892977904,10.994155867876042,113.304617875552,150.53342343709315,2.540740380347998,0.8951969720427336,885.0,17108.0,149.98788960144103,14227676.0,255.0
1318,52.72,1315.988546080634,627.014139484144,1315.9887229503202,627.0145938289976,1346,482,55777.0,133.24552721075966,60.61913402313209,73.78938432370329,74.6681259948124,59.53338230781498,104.68083233125735,0.20269349853575958,132.28662830736167,10.979598870862283,113.37345975068634,149.8282999741919,2.5781095556417486,0.8969339972527072,884.0,17008.0,150.06993014384676,14223079.0,255.0
1319,52.76,1316.0855609597913,626.9910315790806,1316.0856860986546,626.9913004484305,1315,482,55750.0,133.2132731928254,60.60505882812121,73.7641971669421,74.63286127289001,59.53205823306544,104.6102795314528,0.20233450496570815,132.25461967859815,10.959000819116623,114.26922225528565,150.0705571120014,2.584956954717467,0.90466833903735,880.0,16928.0,150.00601459347604,14216215.0,255.0
1320,52.8,1316.0225170241777,626.9213753597027,1316.022891199685,626.9220016823868,1315,482,55873.0,133.36014498622492,60.60673146769624,73.92322856475424,74.76899712224612,59.560193837561435,104.3654602761294,0.2034105561134989,132.38727480693456,11.06632982323477,113.63710022994147,150.64678219302198,2.6307289281281347,0.888399555795797,889.0,17014.0,150.27927854278835,14247531.0,255.0
1321,52.84,1316.019879295845,626.8959490616578,1316.0200999623798,626.8962576808011,1307,482,55821.0,133.2980725917122,60.627822239297785,73.8161041587376,74.65013789618499,59.597877267013914,104.332174357469,0.20163741224569554,132.34526077199038,10.954337356410633,113.3930618828391,150.65619491385888,2.620441379687807,0.9141116923960919,876.0,17081.0,150.02283421070223,14234307.0,255.0
1322,52.88,1316.0709250213372,626.9121409507327,1316.071166149931,626.9125790784781,1315,482,55799.0,133.27180249088454,60.602687783399254,73.810967282753,74.63616232966902,59.58345349580786,104.25479991290096,0.20168117389762252,132.31743678696472,10.949629634973775,113.34083135856719,150.46989009315772,2.5855250795542917,0.909593290184551,878.0,17082.0,150.02870904602457,14228688.0,255.0
1323,52.92,1315.912823451784,626.8893128830091,1315.9129072120636,626.88957143113,1315,482,55837.0,133.31717486822288,60.614630142559406,73.86894587969692,74.72465026035391,59.55653781210468,104.46894977681279,0.20298673055545713,132.35847820808397,11.036860048728041,113.50028997988727,150.5881348156463,2.6378539296045047,0.9206688578888523,873.0,17095.0,150.1445876336181,14238405.0,255.0
1324,52.96,1316.0729631624067,627.0336749164737,1316.073085056812,627.0339438689559,1315,482,55798.0,133.2706082723537,60.591628183339424,73.84192169191972,74.70157676497871,59.52855813716346,104.50096520193149,0.20311510526145427,132.29967919762652,11.02225912991114,114.27514577779375,150.66002983722765,2.561187352774649,0.9054472463068352,880.0,17145.0,150.0733725671844,14228454.0,255.0
1325,53.0,1315.9774854637456,626.9367813493179,1315.9775661717238,626.9370382325515,1315,482,55764.0,133.22999847314006,60.53820898547762,73.85398009408304,74.6971550590936,59.49470689888559,104.34654504994253,0.20352111332996847,132.27850418051,11.03529527256427,114.03870930363452,150.54258841682346,2.5443468148346375,0.919465196756881,873.0,17035.0,150.04338193400204,14219791.0,255.0
1326,53.04,1315.9982265424246,626.9560231631599,1315.9982955666792,626.9562050343577,1306,482,55737.0,133.19774069490046,60.504304192633654,73.87068599355639,74.72022030853714,59.45197853761495,104.3730181075992,0.20433882164527983,132.23989012328553,11.099404485554485,114.01770900837458,150.54498140733614,2.608049084530782,0.9296382899038751,868.0,17068.0,150.02979298287445,14212914.0,255.0
1327,53.08,1316.0436008145275,626.855900648114,1316.0436334289814,626.8559361549499,1322,482,55760.0,133.22522003587824,60.54787289535101,73.84931486559512,74.7154483420535,59.475776559161666,104.52734981494686,0.20396948852027708,132.27222372699717,11.065162552592877,113.9737412681816,150.7233344967853,2.544464198104257,0.9236263601053297,871.0,17026.0,150.09363047741158,14218794.0,255.0
1328,53.12,1315.9779509529046,626.966410641822,1315.977984940839,626.9666009322339,1319,482,55780.0,133.24911050859532,60.57394441160718,73.84122909166494,74.70630280214957,59.503766073936546,104.53447065837426,0.20349737783805288,132.28688687910423,11.0334609485109,114.03784161387532,150.62067961749938,2.5543439164081123,0.9303554875726745,868.0,17018.0,150.11075744481616,14223880.0,255.0
1329,53.16,1316.0200295348745,626.9093709363831,1316.0201436014968,626.9095418002113,1306,482,55849.0,133.33149977960394,60.62779272283345,73.88101473970393,74.7619416650986,59.538102655993335,104.65929763360745,0.20363086712356304,132.37235618016618,11.074538500283857,114.34651004178761,150.40611270668197,2.620922836283198,0.906274835280663,880.0,17092.0,150.20561834833276,14241469.0,255.0
1330,53.2,1315.9826600123267,626.9027427712151,1315.9827919982793,626.9030257403026,1316,482,55788.0,133.2586654984257,60.593481055802634,73.82409634676618,74.68019206339194,59.535166592959335,104.48277735832785,0.20279842689178973,132.30042567300782,11.004235261566071,114.38445260960238,150.5956601509093,2.5872236431970617,0.9219719034512425,872.0,17028.0,150.06135167495935,14225904.0,255.0
1331,53.24,1315.9635165129428,626.8969476574594,1315.963672840612,626.8972342636048,1306,482,55826.0,133.3040423471708,60.62428483693677,73.83705405406891,74.7013898592312,59.555997317421244,104.55304290850569,0.20274579322219088,132.34910049550135,10.992003580378782,113.69794808242224,150.59987469438892,2.5470363618762044,0.9204874842936238,873.0,17200.0,149.9812026264277,14235591.0,255.0
1332,53.28,1316.0379426430386,626.8620614378426,1316.03815016478,626.8623011892821,1315,482,55832.0,133.31120570084647,60.59223273633765,73.89386377548794,74.76624967077844,59.51243300195095,104.57386238277122,0.20402008574718267,132.3497914681566,11.08030900259214,113.97930988739228,150.35900709008945,2.5749438170671075,0.9122079704976686,877.0,17114.0,150.09135096249344,14237121.0,255.0
1333,53.32,1315.9743094619953,626.8245601470302,1315.9745393994735,626.8246226567117,1306,482,55851.0,133.3338871152075,60.628570871681596,73.88291980100347,74.77341635760138,59.52684814835082,104.72992519469685,0.20390359237211186,132.3737481267986,11.070321062449013,114.04347816680274,150.64444203562013,2.5606351238858696,0.9187935806106935,874.0,17026.0,150.17482080336433,14241975.0,255.0
1334,53.36,1316.0688010393546,626.767053786652,1316.0688958064977,626.7671389723773,1315,482,55896.0,133.38759087009993,60.65669273302865,73.90075819948494,74.77889808489887,59.57073809326268,104.64236666932072,0.20337502131109064,132.444402011025,11.028543338660688,113.35531177084178,150.96232157435557,2.568217584601295,0.9195338665702553,874.0,17019.0,150.21229678364543,14253462.0,255.0
1335,53.4,1316.1077592403706,626.7058525536934,1316.107867543027,626.7059476691084,1315,482,55837.0,133.31717486822288,60.64071175715459,73.8515181236752,74.74540508931543,59.53542701299768,104.77479333596688,0.2034904762124562,132.3619731926605,11.040221783027082,113.32177192460122,150.27418212348843,2.5696408141025944,0.9377773209849619,865.0,16974.0,150.19923654830475,14238417.0,255.0
1336,53.44,1316.1136319771895,626.6178114648388,1316.1137568032082,626.6179461472357,1306,482,55856.0,133.3398552672149,60.64676138128656,73.87734055786837,74.77945828869066,59.530863692642214,104.82636590750126,0.20391421581552938,132.39393133927766,11.081468050716166,113.32356423763954,149.99536345226062,2.610306642355324,0.925216534613402,871.0,16958.0,150.30976003579718,14243253.0,255.0
1337,53.48,1316.0862941120474,626.6043898914329,1316.086456467216,626.6046399140093,1306,482,55820.0,133.29687860853755,60.638442672504915,73.83854872554845,74.74383654649468,59.518996177294056,104.86372327791243,0.20369358963437678,132.34841557104542,11.053562880959566,113.35196748013743,149.8566869502339,2.5837339019728005,0.9331715745388439,867.0,16964.0,150.10189302674235,14234065.0,255.0
1338,53.52,1316.104738967556,626.7504183548747,1316.1047598581713,626.7504566455357,1321,482,55842.0,133.32314376834668,60.600110767815195,73.90803133609417,74.79125410432854,59.506628458939836,104.65190198622531,0.2043638100260724,132.366684648622,11.100509887662554,113.32093820064969,150.1093230685463,2.6013578587423773,0.9186455234187811,874.0,16929.0,150.2084899549411,14239705.0,255.0
1339,53.56,1316.146233799966,626.6572197945235,1316.1462824579323,626.6572944106947,1306,482,55803.0,133.27657925800045,60.56730218852563,73.91067518294254,74.81958679214986,59.44085659415226,104.82538204626577,0.20554417442480655,132.32255824905891,11.161488515610262,113.28765781525539,150.0080886376865,2.59282723389647,0.9159068465542334,875.0,16680.0,150.24914013455694,14229754.0,255.0
1340,53.6,1316.082028263717,626.6143211175001,1316.0820903549659,626.614359985658,1306,482,55780.0,133.24911050859532,60.55952754782202,73.87605350696033,74.76886629934117,59.45371553477483,104.71947016439084,0.20483326179176387,132.2799159293464,11.108086683607876,113.35535039215898,150.00756076736627,2.547183234106661,0.9155293425227163,875.0,16713.0,150.26372633718935,14223890.0,255.0
1341,53.64,1316.1155171880623,626.6564510755893,1316.1155417756909,626.6565289078462,1321,482,55798.0,133.2706082723537,60.575945954679284,73.87641933283756,74.7602655868707,59.481705180047065,104.66012765741156,0.20436739071064558,132.30949547612627,11.090111141283625,113.31832360368706,150.02829631875997,2.562699290224516,0.887207030485098,889.0,16887.0,150.24998085269308,14228480.0,255.0
1342,53.68,1316.095654055837,626.5197137928835,1316.095722576485,626.5198108476034,1306,482,55828.0,133.30643017449933,60.622495929995694,73.86113481331574,74.74849441450843,59.5249261356732,104.71386490705717,0.2036638784242909,132.35634886760505,11.056401551735934,113.3500672106411,150.04940853902204,2.600790812071883,0.8876840406093776,889.0,16848.0,150.17769479683938,14236124.0,255.0
1343,53.72,1316.1045610495669,626.6256475439336,1316.1046494967225,626.6258193932013,1306,482,55834.0,133.31359339986966,60.60466036170254,73.90222309389853,74.81072089766745,59.47957190959741,104.84286811592918,0.20493251240074672,132.35577900160294,11.136578477493801,113.33191723695086,149.86555621099959,2.558192661846705,0.9019270994109065,882.0,16869.0,150.22993606382676,14237644.0,255.0
1344,53.76,1316.0841782139296,626.6096723946707,1316.0843267819425,626.6098342462321,1306,482,55866.0,133.35179076991673,60.63683502645569,73.89378690799249,74.7839128945395,59.53556817408679,104.72591809306599,0.20389872808549037,132.39757764105963,11.07757072731209,113.35361421258257,150.00245187909394,2.5849023587699262,0.906550698271939,880.0,17113.0,150.26338458764744,14245800.0,255.0
1345,53.8,1316.120748164032,626.5221785329654,1316.1207970780965,626.5222544490994,1306,482,55854.0,133.33746803846788,60.61746203030395,73.89764270330079,74.77064321679347,59.537292624430115,104.5879021374598,0.2037343793899843,132.3909012230229,11.084753451044916,113.32485476516096,149.76845192571247,2.6116295896593296,0.9209491625360238,873.0,17012.0,150.16588680936016,14242759.0,255.0
1346,53.84,1316.1239908456894,626.5440554714594,1316.1240283698105,626.5440770856467,1306,482,55834.0,133.31359339986966,60.6036814824056,73.88297396229693,74.75202544268662,59.52843642285803,104.55876480084189,0.20365453550821466,132.35522596923823,11.062917865955018,113.31970087716914,149.78556120346764,2.5739055822364922,0.9080941043539368,879.0,17045.0,150.17795540791073,14237664.0,255.0
1347,53.88,1316.199238005158,626.5761083460845,1316.199309147531,626.5761816977789,1342,480,55873.0,133.36014498622492,60.595099507463466,73.9530708388973,74.84048190228626,59.49558840330874,104.66048059843214,0.20503466985971874,132.41078134836232,11.123732556818368,114.15907149442795,149.8060460924968,2.527571264683688,0.8924103839069537,887.0,17069.0,150.3495221287164,14247603.0,255.0
1348,53.92,1316.159151159185,626.5939373206669,1316.1592316780639,626.5940532025348,1342,481,55862.0,133.34701669703344,60.634902413813116,73.90086391755446,74.80281473030847,59.51863562714361,104.80906024202372,0.2043262564152154,132.38402902314965,11.106902885466296,113.28030573550586,150.2294860935514,2.5865016543086545,0.9126981237989104,877.0,16947.0,150.22954714997306,14244791.0,255.0
1349,53.96,1316.1792560082638,626.5507787045735,1316.1792696025777,626.5507876834945,1341,481,55860.0,133.34462959649537,60.6370236059051,73.89591627861236,74.80215769917167,59.51547931409972,104.84373787078587,0.20436146302824132,132.38411265105412,11.105445707750214,113.26406144759821,149.90498816684996,2.5816324573345755,0.9105876662612059,878.0,16999.0,150.2872686684271,14244298.0,255.0
1350,54.0,1316.057743423496,626.5778006576363,1316.057814235054,626.5778916072644,1306,482,55834.0,133.31359339986966,60.630170513637026,73.86297541961788,74.76080665393799,59.51956403405754,104.79394873826516,0.20386674919695547,132.34052115145317,11.057376511954962,113.38273135348138,150.0212151476908,2.5350173640338323,0.8917874711409957,887.0,16960.0,150.2511253898897,14237656.0,255.0
1351,54.04,1316.1387991596582,626.562818564909,1316.138840636808,626.5628839025089,1321,482,55841.0,133.3219500097004,60.63338092827024,73.86713133720876,74.7650202926814,59.52269916104371,104.79391177033979,0.20386968494048185,132.36076053050445,11.057078527428855,113.30330355453958,149.8818001769486,2.544609943323774,0.9207348119234808,873.0,17130.0,150.1397507453203,14239445.0,255.0
1352,54.08,1316.0779712087774,626.4665015018156,1316.0782642941535,626.4667394651104,1321,482,55862.0,133.34701669703344,60.675252374603566,73.854489725878,74.76428265564428,59.550599849024046,104.90601797211745,0.2034886481382121,132.39711742388977,11.061723327027414,113.37237701265624,150.16217525873728,2.632823146503508,0.9317231668480591,868.0,17069.0,150.2430338776648,14244758.0,255.0
1353,54.12,1316.14325885299,626.4785833671301,1316.1434889258921,626.4787380709388,1316,482,55851.0,133.3338871152075,60.63838351868131,73.87236347482069,74.76131589553823,59.538939247203956,104.72766645091816,0.2036130111674873,132.37724393068422,11.045416125176947,114.29188241142568,150.06445945122667,2.5875339020639614,0.9042510061476603,881.0,17005.0,150.20387135542586,14241968.0,255.0
1354,54.16,1316.1088687392557,626.6056583640161,1316.109102300188,626.6059249977625,1316,482,55865.0,133.3505972677193,60.59455197172561,73.96463264231511,74.87736154903901,59.46299133092175,104.84079999863837,0.20586155680742046,132.38197901982105,11.190593010442562,113.31836360663486,150.19109170742402,2.6122567112635244,0.9211305361312522,873.0,17103.0,150.29328374181418,14245531.0,255.0
1355,54.2,1316.1956758770593,626.5830636866863,1316.1957569567633,626.5831496712,1321,482,55809.0,133.28374408768374,60.56194610004168,73.90882729542419,74.78773921410897,59.47317152171743,104.6026094296504,0.20477377513107642,132.32662155123262,11.121469950453408,113.23622295186115,150.0971343576236,2.593161662428013,0.9056257458894255,880.0,17123.0,150.20464092343101,14231279.0,255.0
1356,54.24,1316.1851171924523,626.6381674129726,1316.1852064117488,626.6382913942867,1320,482,55835.0,133.31478723334465,60.57978503948588,73.9232319768993,74.80434800195768,59.488352652790724,104.62040808637715,0.20474739447987866,132.35198141183815,11.125135858206091,113.25058069449418,150.20341666150728,2.601860818564,0.9060476539937298,880.0,17150.0,150.25955714077702,14237905.0,255.0
1357,54.28,1316.2223516245579,626.6019156429077,1316.222464909768,626.6020123173876,1306,482,55856.0,133.3398552672149,60.58190766281015,73.95444409416281,74.84665683829981,59.47609013268858,104.68954842381174,0.2053607649947291,132.38362800427842,11.15637143188166,113.20690278683263,150.41079496062255,2.574745723339445,0.8881292500587052,889.0,17063.0,150.2935492548926,14243260.0,255.0
1358,54.32,1316.2212820616521,626.5791626434254,1316.2213349566712,626.5792451478908,1321,482,55852.0,133.33508076697998,60.60543509127037,73.90819333431394,74.77591524052157,59.53152361973315,104.538191775187,0.20386767011482032,132.37696966666755,11.089630581063195,113.21970949204889,150.01645089983205,2.6317857178446307,0.912534739365163,877.0,17194.0,150.2092711629585,14242248.0,255.0
1359,54.36,1316.2351657693675,626.6498705498573,1316.2352108892271,626.6499507477389,1306,482,55835.0,133.31478723334465,60.586704589332754,73.92454730572884,74.82897138620974,59.466061822133625,104.79492137110151,0.20530697241292506,132.344772750993,11.146069447116192,113.19970585648704,149.90437647881467,2.555982405997534,0.899901503359345,883.0,17156.0,150.20761373205772,14237914.0,255.0
1360,54.4,1316.1505413694626,626.7152195755926,1316.1506019779274,626.7152429410921,1342,481,55816.0,133.29210256888612,60.597380456332886,73.89017733065471,74.80481827746745,59.46461121204968,104.88988839870854,0.20506977249135983,132.34174741123903,11.123107037519585,113.27834257283894,150.67178446715053,2.577963268033793,0.9057393365328921,880.0,17037.0,150.1132327570973,14233071.0,255.0
1361,54.44,1316.2213385456892,626.5811703645402,1316.2213398347167,626.5811806464335,1306,482,55783.0,133.2526937100725,60.58345315460372,73.85959290153447,74.76438536159633,59.46327388581279,104.82573858469593,0.2046577578586387,132.29107274815078,11.09994092696726,113.21947733671392,150.5204282158358,2.57332570842971,0.9011032594196833,882.0,17171.0,150.09644307714942,14224662.0,255.0
1362,54.48,1316.2514500978182,626.599187140285,1316.2515045135406,626.5992799828056,1306,482,55832.0,133.31120570084647,60.61185636474727,73.8884716184984,74.7883892485821,59.4979008344073,104.78947221471803,0.20445002984824545,132.35157271093996,11.1025230086724,113.18790579137767,150.39868794481416,2.6154852032513567,0.8917555268965877,887.0,17195.0,150.19486689015403,14237143.0,255.0
1363,54.52,1316.3180473492357,626.5842823665494,1316.3182054453227,626.5844849527701,1343,480,55791.0,133.26224844298503,60.588327640266925,73.8617495262808,74.76989125928654,59.46399625321058,104.85144843813532,0.20470666398321047,132.29660230216663,11.092694517226455,113.12287251752615,149.9614515458486,2.5426715815887593,0.8851033745053813,890.0,17121.0,150.12197013821924,14226671.0,255.0
1364,54.56,1316.235003908514,626.5567926293663,1316.2351139843483,626.556992174209,1343,480,55841.0,133.3219500097004,60.608312818725594,73.90120166629272,74.79305477181612,59.50423638998048,104.72263724096409,0.2044149477311742,132.36196283117343,11.098521075429913,113.20800349266169,150.35728907756427,2.602421122894738,0.872123853295738,897.0,17093.0,150.2938938753726,14239427.0,255.0
1365,54.6,1316.2283997119307,626.5452608426212,1316.2285202436403,626.5453242565388,1323,481,55820.0,133.29687860853755,60.62191752372685,73.85788151211652,74.7604312168241,59.505306233863685,104.82730353011104,0.20405346430810045,132.33991800955087,11.066076347550897,113.21559512986848,149.816219160866,2.554249238380766,0.8875568379095697,889.0,17077.0,150.17146685083964,14234081.0,255.0
1366,54.64,1316.2193011964696,626.4726470313251,1316.21933438418,626.4726660457118,1322,481,55828.0,133.30643017449933,60.63440563224469,73.84660293938772,74.73498418047066,59.53598954924638,104.73340572699752,0.2033718853077111,132.34089210000099,11.039118537235655,114.21773208286247,149.81723359754278,2.5863308219500127,0.8937056222687044,886.0,17007.0,150.26310640728616,14236133.0,255.0
1367,54.68,1316.1996896473165,626.5664818398986,1316.199784965505,626.5665083773856,1323,481,55805.0,133.27896757735797,60.591511752139645,73.87517145169599,74.76808913085478,59.486175714595326,104.73485331400853,0.20439085168425164,132.32343423876452,11.110314926652212,113.24232937286173,150.1385066022557,2.608647848117712,0.8994179886266366,883.0,17043.0,150.20940422068338,14230262.0,255.0
1368,54.72,1316.256093656309,626.6351592315166,1316.256135134167,626.6351699924767,1324,481,55826.0,133.3040423471708,60.615770931534726,73.87511080781474,74.78422175233892,59.490535880828936,104.86472246975372,0.2045041789985822,132.34480748009906,11.0820628641755,113.18013953955376,150.16803409557173,2.550558993754339,0.893673605874699,886.0,17064.0,150.21261384859616,14235624.0,255.0
1369,54.76,1316.2577773008124,626.576141407538,1316.2578444014614,626.5762411347519,1324,481,55836.0,133.31598105612895,60.61515213706054,73.89203941162769,74.796783805845,59.49513668620503,104.82474861580715,0.2045762710781719,132.35402293003648,11.105010511177595,113.18362125468943,149.8296721367269,2.592006528133758,0.9060638812285108,880.0,17072.0,150.2066425386381,14238166.0,255.0
1370,54.8,1316.068718848139,626.631544513705,1316.0687615394268,626.6315987595676,1345,481,55787.0,133.2574711621646,60.58926694314791,73.85852201800961,74.76441424180548,59.467830853937826,104.83688636923823,0.20459711405475545,132.28517601150554,11.096822047204329,113.3671080423002,150.18601438467732,2.5785504397179335,0.8890310717769144,888.0,17100.0,150.15051896400004,14225675.0,255.0
1371,54.84,1316.1300437575815,626.6628374918353,1316.1300795527843,626.6629040349745,1323,481,55812.0,133.2873263580965,60.58455798041383,73.88223637016802,74.75689217713628,59.50193768908306,104.59272427367833,0.20406084367320465,132.33376746907885,11.076517360822292,113.30329804252037,149.8844050024269,2.600528775124813,0.8834501351318574,891.0,17058.0,150.19089877791959,14232048.0,255.0
1372,54.88,1316.2262288603167,626.6321631327253,1316.226283912124,626.6321721678673,1321,482,55806.0,133.28016172098765,60.58247849076376,73.87867731282337,74.75374419087643,59.49935622358568,104.59648794963957,0.2040618584714654,132.32339162936017,11.0919829424319,113.21015036626814,150.3237066710091,2.6049212350153543,0.935093363483895,866.0,16937.0,150.19512158438832,14230523.0,255.0
1373,54.92,1316.1237537001998,626.6834210808253,1316.123816865051,626.6834934748315,1322,482,55784.0,133.25388808915326,60.590474924550605,73.8256851962648,74.68691355067094,59.52564481427473,104.51969434663276,0.20299766070946457,132.3003013094065,11.011599785713237,113.30777907749597,150.04794644665256,2.5688690535950944,0.9176913770709016,874.0,16878.0,150.1367637206015,14224908.0,255.0
1374,54.96,1316.2264040178973,626.5958060505163,1316.2264556712485,626.5958529722755,1306,482,55799.0,133.27180249088454,60.59729314112569,73.84962706418746,74.72541376049429,59.51396383937149,104.62155556737096,0.20356461283543625,132.31629372785198,11.053975614822331,113.2131503994843,150.121454684762,2.571189024869263,0.8972877729656276,884.0,17039.0,150.158481078353,14228736.0,255.0
1375,55.0,1316.2391681400304,626.5713834598473,1316.2392422531677,626.5715361040916,1306,482,55797.0,133.26941404312157,60.5723630214674,73.88009366351731,74.76015403182761,59.48276028289147,104.62869185460256,0.20435209031848844,132.31475112709896,11.097412512680014,113.20257503243066,149.78142202600847,2.581769755618172,0.9200093175425665,873.0,16990.0,150.21906949222907,14228212.0,255.0
1376,55.04,1316.1721921345793,626.6686342846564,1316.1723451922217,626.668787525764,1306,482,55795.0,133.26702555255218,60.551055421029844,73.90156872692229,74.77364958262584,59.47077854707575,104.55002075202515,0.20465593321936515,132.30639473227254,11.122737783774088,113.26080761898304,149.89927513252184,2.5722604496331036,0.9116034480928037,877.0,17044.0,150.16375274372925,14227694.0,255.0
1377,55.08,1316.234435072164,626.6655104605334,1316.2345561748418,626.6656391691607,1321,482,55799.0,133.27180249088454,60.60462906272779,73.84855467382674,74.74237910839884,59.49879710095316,104.75952566355879,0.20394831137684166,132.31098737461977,11.079654471542478,113.19907404509969,149.7137300263274,2.5558326621165097,0.909593290184551,878.0,17070.0,150.09127509237732,14228720.0,255.0
1378,55.12,1316.2698756145987,626.5670858606971,1316.2699915711698,626.5671885367909,1342,481,55761.0,133.22641466126134,60.568602224847986,73.85121264056954,74.75846750777397,59.44517406689614,104.84094832551561,0.2048369094682877,132.25786470650675,11.108345340603323,113.17236446939134,149.81515605310136,2.59822211150904,0.9343393370108137,866.0,17049.0,150.10806026759693,14219032.0,255.0
1379,55.16,1316.2526177112245,626.6148931948508,1316.252716319432,626.6150177502061,1343,480,55774.0,133.24194381655778,60.57500473581392,73.85101691527791,74.7437425372507,59.46996594659965,104.73706301307864,0.20434856580855476,132.28018297601125,11.084203936171843,113.1853700639789,150.27273290752254,2.5708457489049006,0.9112603407819344,877.0,17097.0,150.1869734108627,14222348.0,255.0
1380,55.2,1316.2048755985434,626.6244415001236,1316.2050804342375,626.6247895095123,1343,480,55822.0,133.29926656419218,60.59356792043653,73.88154894976206,74.75627391677595,59.51103476351766,104.59752975821098,0.20393257120105246,132.3304464649671,11.053509451803246,114.22826984562877,150.0582251764411,2.616276089924985,0.8996919803085047,883.0,17105.0,150.16121536614617,14234560.0,255.0
1381,55.24,1316.1020226219891,626.591685279555,1316.102127430966,626.5918484294975,1343,480,55842.0,133.32314376834668,60.61158956074603,73.87755513561076,74.74280357644454,59.54134072582321,104.53603758501802,0.20338363191144904,132.36429505325845,11.042324884573777,113.33740964288059,149.8305503338038,2.5481084482674707,0.9082242177764898,879.0,17143.0,150.19504672654355,14239685.0,255.0
1382,55.28,1316.191466334289,626.5744033590006,1316.1915793245544,626.5745229776942,1326,481,55815.0,133.29090853223366,60.58670237871737,73.88948926325378,74.76965799955133,59.49708708283039,104.6315971878684,0.20426161260243536,132.32342160215174,11.101304815540853,113.2498261198975,149.90906832475181,2.634703396126314,0.9077850849753731,879.0,17172.0,150.23047037297022,14232805.0,255.0
1383,55.32,1316.348793355901,626.5549208506766,1316.3488497001163,626.5549906006624,1321,482,55855.0,133.33866165818384,60.65285412110311,73.86843095429818,74.7640496096372,59.5453666598287,104.78529687994241,0.20355616140737764,132.36544955458672,11.069844702629156,113.0948242544319,150.19421122084125,2.6502389688572623,0.9188593838070991,874.0,17129.0,150.1912047202127,14243015.0,255.0
1384,55.36,1316.1874187073522,626.5580782066877,1316.1874888069058,626.558096636699,1306,482,55838.0,133.31836866962672,60.624839974529685,73.88414522575744,74.79389655858023,59.498833394130926,104.86933197531638,0.2044961403029707,132.37126431011282,11.115872715085732,113.25528974788423,149.92434811601524,2.5592928396768597,0.8958868809915255,885.0,17226.0,150.22791901260302,14238680.0,255.0
1385,55.4,1316.2088610338199,626.5772289376598,1316.2089065634852,626.5772965032961,1343,481,55824.0,133.30165447706915,60.613639941096004,73.86026182573048,74.74076817863347,59.524526003505954,104.6592847576563,0.20358691174754961,132.3491650899237,11.059347794731394,113.23225157623618,149.90954619271525,2.5467998763503856,0.9058691544111395,880.0,17112.0,150.16604165061491,14235111.0,255.0
1386,55.44,1316.2397023331669,626.4997718433485,1316.2397213666643,626.4998030227061,1306,482,55844.0,133.3255312535735,60.63581366220968,73.86543908691111,74.75618218035702,59.53417687175712,104.74295615524527,0.20362202649508288,132.36821411083156,11.058104532881886,113.20834563193117,149.67148005869927,2.5348223848270934,0.9061936991067583,880.0,17285.0,150.12544763773855,14240216.0,255.0
1387,55.48,1316.1590482721535,626.5674775079657,1316.1592468514305,626.5675665991866,1315,482,55819.0,133.2956846146679,60.616340404958876,73.85508901373431,74.73734436493487,59.525156485250896,104.6758846583578,0.20354199107482873,132.32872724024074,11.055923601676774,113.28272490451198,150.05777205308524,2.598171554210472,0.8796076505493324,893.0,17152.0,150.16862411903946,14233817.0,255.0
1388,55.52,1316.1863592178076,626.611476335102,1316.1865287760113,626.6115641747173,1306,482,55793.0,133.26463701917413,60.6061588452595,73.84903365517005,74.76685216416237,59.470194881482875,104.93581862626151,0.20459143109426736,132.30594264700474,11.098391961395745,113.25167062079468,149.74457439513506,2.5357332993279336,0.907427273063352,879.0,17093.0,150.19017310694878,14227190.0,255.0
1389,55.56,1316.221960418643,626.506928989216,1316.2220649622875,626.5069960764641,1315,482,55817.0,133.29329659484247,60.62006879064738,73.86835166687963,74.7898293959214,59.47947156030885,104.95974212882929,0.2047117630735963,132.3168706314811,11.107551695411438,113.2253855129383,149.89833473153885,2.583570656092525,0.8955499487142085,885.0,17168.0,150.2037108730139,14233317.0,255.0
1390,55.6,1316.2345266977084,626.6181198894203,1316.2345579546675,626.6181831202779,1315,482,55854.0,133.33746803846788,60.616637752188446,73.91328788029071,74.82000678167796,59.493844075201864,104.83017025561202,0.2048404346072472,132.37759451622804,11.114829321214117,113.20310940881188,150.42211725212337,2.5704846327735145,0.8841149546272266,891.0,17053.0,150.2057470512293,14242758.0,255.0
1391,55.64,1316.1890754396345,626.5979030211727,1316.1891441772175,626.5980014684551,1342,481,55841.0,133.3219500097004,60.63388659995026,73.87718671254765,74.77182967451948,59.52714009509363,104.76558809165104,0.20388279443990776,132.36667319351656,11.088893304685861,113.24039328065606,150.05208044072546,2.667793630875885,0.8760259685733036,895.0,17100.0,150.33918218492954,14239438.0,255.0
1392,55.68,1316.1520591849944,626.4591299906957,1316.152118226601,626.459184952978,1322,482,55825.0,133.30284841746675,60.627894491439264,73.86526861521838,74.76569065467721,59.51395633792606,104.81095953680381,0.20399375947979737,132.3329951038054,11.100959516890038,113.29895473903605,150.25051392050833,2.6760518265022815,0.8876363395969495,889.0,17105.0,150.25087586483826,14235365.0,255.0
1393,55.72,1316.1863932091615,626.5915208254823,1316.186421544912,626.5915354154348,1315,482,55809.0,133.28374408768374,60.58396882695378,73.88535591715147,74.76056206877928,59.5006004758747,104.59517934454709,0.20411780182799466,132.3058175721023,11.099899814441283,113.25338074466934,150.1766059036366,2.687872853652494,0.8913881680858945,887.0,17141.0,150.20655118360932,14231291.0,255.0
1394,55.76,1316.1288366783265,626.6728784775379,1316.1288977195431,626.6729316578957,1322,482,55866.0,133.35179076991673,60.629747524878205,73.91297366223839,74.81290465441398,59.515739579499325,104.78639099308249,0.20447227848694582,132.39081796954056,11.114865260828923,113.30362926763954,150.03625992820972,2.628157056882517,0.8843049030544748,891.0,17179.0,150.40661342023128,14245819.0,255.0
1395,55.8,1316.2384582572784,626.6395868902894,1316.2384943232692,626.6396081802227,1322,482,55842.0,133.32314376834668,60.62339752325296,73.88333159234583,74.7733095012382,59.522224426502426,104.72358853036052,0.20396429122189952,132.34295397764757,11.088260431239181,113.19732125570422,149.89378807581085,2.6184372613783164,0.8701981486290307,898.0,17165.0,150.20080063834084,14239704.0,255.0
1396,55.84,1316.197272918664,626.5808644200793,1316.1973712484778,626.5809039467088,1322,482,55844.0,133.3255312535735,60.63681263405693,73.86995378180724,74.76529018436541,59.529358318326395,104.77532403875425,0.20378349135632845,132.36470724690554,11.067536501558472,113.24347609799119,149.9163497241041,2.586408549424538,0.9061936991067583,880.0,17175.0,150.27959715157644,14240206.0,255.0
1397,55.88,1316.241154033647,626.6218239686527,1316.24121620411,626.6218622901474,1322,481,55813.0,133.2885204268391,60.545090976058646,73.94554924786027,74.83950120268489,59.43653215489842,104.69016071447105,0.20581335792272593,132.32037870499545,11.176992481362074,113.19618442136502,149.92877915701692,2.59268352281119,0.9202731336810809,873.0,16969.0,150.287513370929,14232306.0,255.0
1398,55.92,1316.163380082062,626.6809292226437,1316.163466537586,626.6810089818749,1322,482,55779.0,133.2479160866903,60.583922251614524,73.84005204971939,74.72622413343842,59.487446985511724,104.6974413397439,0.20392810321467403,132.28298003216398,11.052589794515775,113.26851960371387,149.96638152390156,2.552730920825677,0.9176091230753948,874.0,16863.0,150.12373232309952,14223631.0,255.0
1399,55.96,1316.103273073829,626.6510596960181,1316.103328436817,626.6511052989861,1322,482,55822.0,133.29926656419218,60.61182890115316,73.87254324018464,74.77294136776511,59.49750992040235,104.80026108746694,0.20429089946096535,132.3499917132022,11.092567567568747,113.3309892162694,150.14282803734065,2.5719579330537297,0.9225337992839904,872.0,17002.0,150.22365489057375,14234601.0,255.0
1400,56.0,1316.222519608913,626.6423501961067,1316.222540557963,626.6424452959925,1322,482,55846.0,133.32791869604796,60.670266908569815,73.84020626180136,74.75427111766898,59.54037535327193,104.94158110565476,0.20351874932268688,132.35616556469458,11.057688832987576,113.21295794887506,149.95597600699367,2.593240007590443,0.8899713057603663,888.0,16994.0,150.23263305357818,14240718.0,255.0
1401,56.04,1316.2864040760592,626.5608953260573,1316.2864261260777,626.5610940832751,1322,482,55791.0,133.26224844298503,60.57332110744845,73.88192352660828,74.78572580913043,59.45385663839829,104.80377937142565,0.20501063545017173,132.28276620060734,11.115851985466197,113.15644411807939,149.98771935665852,2.5622609676860284,0.8831177253841729,891.0,16933.0,150.28847631854006,14226683.0,255.0
1402,56.08,1316.2992031256153,626.5837260276669,1316.2992092097477,626.5839474958309,1322,482,55767.0,133.23358218861884,60.56872859678386,73.84824025308419,74.74575933372073,59.45758937203566,104.77090202252703,0.2045356164411587,132.25909086563792,11.08055069339731,113.14169207228677,149.8154691115219,2.5405593175048833,0.9216248501427804,872.0,16894.0,150.21529322558663,14220560.0,255.0
1403,56.12,1316.2644237282514,626.7234525487252,1316.264401798993,626.7236467236467,1342,480,55809.0,133.28374408768374,60.5717550426186,73.90765298321236,74.80356778305146,59.46179382894831,104.73346664202501,0.20509414736203535,132.30934015566098,11.120906693523438,113.16418023887246,150.00383823381463,2.6008006423370196,0.8834026480250454,891.0,17106.0,150.26564072938802,14231272.0,255.0
1404,56.16,1316.1672132025753,626.6195323384889,1316.1672253993295,626.6196912927342,1342,481,55781.0,133.25030491979382,60.567398418974726,73.86934660685411,74.76815993185126,59.45428815292875,104.77023491979064,0.2048180909210633,132.2775138453021,11.089368125008294,113.27003967462255,149.91376406562082,2.5373231833376,0.9031176769247219,881.0,16962.0,150.22358744748746,14224134.0,255.0
1405,56.2,1316.216580290185,626.544077180899,1316.2165835813937,626.5442922210666,1342,481,55766.0,133.23238762750321,60.537331745990336,73.88523152101837,74.77778627306792,59.43129354084389,104.70359095449255,0.205227962702491,132.26398279701877,11.127719371355344,113.22747227479908,149.8209261202107,2.521700936843185,0.9008286460892756,882.0,17013.0,150.18264758166902,14220306.0,255.0
1406,56.24,1316.2783729247465,626.604520388964,1316.2784009461009,626.6045728211009,1343,480,55808.0,133.28254997615025,60.60081923947082,73.86492011590069,74.75588208904274,59.498267279917876,104.7291917345112,0.20409918768601132,132.30045003474652,11.069389727342024,113.16062102170844,150.36924231522914,2.6139731081636217,0.9159889126480414,875.0,16988.0,150.11402091036675,14231032.0,255.0
1407,56.28,1316.2670562360677,626.6039235978144,1316.2670722733717,626.603995046573,1342,481,55719.0,133.17623116860844,60.543832838785754,73.80715681505077,74.67214446000197,59.47371632643217,104.5358811987858,0.20353544475625474,132.20148337081253,11.043078720676613,113.17194599986972,149.8487288159513,2.6498968809503114,0.8919607287954063,886.0,16984.0,150.1040118160961,14208337.0,255.0
1408,56.32,1316.2881709874453,626.4985436972753,1316.2881866604494,626.498574221202,1306,482,55759.0,133.22402539978285,60.55627380617684,73.85665997457595,74.74196534057526,59.460130650016524,104.67119524093914,0.20446123701623709,132.2490997678236,11.100581198191161,113.16017737894083,149.7989263082358,2.672263434924093,0.9007155700120489,882.0,16929.0,150.22742513732626,14218541.0,255.0
1409,56.36,1316.2571475080347,626.5502504061448,1316.2571735818622,626.5505511246528,1343,480,55795.0,133.26702555255218,60.60635366592762,73.84393004880364,74.7376653730133,59.500735157841476,104.76174924559581,0.20387217260700874,132.2927854950695,11.05952274315412,113.18652140209616,149.92390859544514,2.6461608114120927,0.897223450108733,884.0,16924.0,150.22744735679493,14227686.0,255.0
1410,56.4,1316.2238772482178,626.6163985020021,1316.2239284690368,626.6167574541284,1342,481,55808.0,133.28254997615025,60.607788327391816,73.85712815882049,74.75355255131036,59.4986198727739,104.77622455165735,0.2040696683688119,132.31122316418893,11.072665371924504,113.21386795002536,149.99758293032806,2.575743625526317,0.871608459818566,897.0,17030.0,150.1879272767975,14230995.0,255.0
1411,56.44,1316.2943925545396,626.525655498584,1316.2945095089717,626.5260556570323,1342,481,55842.0,133.32314376834668,60.61257610178317,73.89297712913691,74.78385987836673,59.509921461840435,104.72108733577025,0.20424110819324925,132.35774469900693,11.087462811875612,113.15158755479621,149.8189365113273,2.577141570077048,0.8839250061999782,891.0,17037.0,150.27372587245986,14239657.0,255.0
1412,56.48,1316.3027425213445,626.4896785290393,1316.302819171801,626.4899878206047,1342,481,55832.0,133.31120570084647,60.596001079426415,73.91749365917074,74.82331244810791,59.47388611789391,104.81246622601715,0.20514229894405256,132.3233539211275,11.165326048468184,113.14644747569525,150.43608025949155,2.6673114899043577,0.8917555268965877,887.0,17082.0,150.17713653634297,14237118.0,255.0
1413,56.52,1316.2668532102878,626.4313797928943,1316.2669569736395,626.4315538591115,1341,481,55803.0,133.27657925800045,60.58886244425868,73.88452931270582,74.79606404939874,59.45992538481382,104.86604074031374,0.20503938087512508,132.30754380673483,11.127802231678677,113.18736496657723,149.91234522518343,2.5887865451463243,0.8833076738114213,891.0,17001.0,150.28299397960248,14229737.0,255.0
1414,56.56,1316.1472343335104,626.5464569656497,1316.1472808448834,626.5466281759337,1342,481,55771.0,133.23836032598192,60.57342893374238,73.84226792794894,74.7300078637709,59.47475725225682,104.70340878808922,0.20413821766650475,132.28450123672962,11.060126934436182,113.71754149640108,150.1052979468361,2.555179383815127,0.9112113254518103,877.0,16831.0,150.20278756391613,14221581.0,255.0
1415,56.6,1316.2321081897371,626.6612627129939,1316.23214477885,626.6614233956309,1342,481,55754.0,133.21805205861205,60.565280518083846,73.83437109614519,74.72948292898586,59.45731191841655,104.75792940421165,0.2043660736296301,132.25265355189518,11.068342190088416,113.45108633695787,150.03651199790454,2.555919927647746,0.8905097013646716,887.0,16888.0,150.27751579389454,14217245.0,255.0
1416,56.64,1316.2045634757853,626.6176440627241,1316.2046000501955,626.6178695636586,1342,481,55782.0,133.25149932028611,60.58333753186621,73.84550169559834,74.72429317329308,59.496041187010015,104.63971117167391,0.20379251966916878,132.2916301747274,11.061574276795426,113.23299837014544,149.8910638453797,2.611305641083211,0.9218727453631105,872.0,16862.0,150.08606440655552,14224377.0,255.0
1417,56.68,1316.2844700547535,626.5646916411224,1316.2845186034842,626.5649150476736,1306,482,55796.0,133.26821980318783,60.606064671236766,73.84455608615964,74.74824221834548,59.48793006790256,104.83463810323697,0.2041561339444793,132.3021069884465,11.076442718204001,113.15803722353745,149.60874956271522,2.5530889897998494,0.8972395308229566,884.0,17015.0,150.20726018308787,14227951.0,255.0
1418,56.72,1316.2401951679035,626.5454973965454,1316.2401792114695,626.5456810035841,1342,481,55800.0,133.27299669871434,60.60383670565795,73.84855259410703,74.73603854279962,59.50595169073273,104.71220907531963,0.2037850433207664,132.3057798754025,11.073844643441115,113.2038251283386,149.94658037211698,2.608122903872021,0.8773422121641691,894.0,17106.0,150.16192356809316,14228979.0,255.0
1419,56.76,1316.1363841498833,626.6284039563811,1316.136437747478,626.6284915700644,1342,481,55813.0,133.2885204268391,60.58209415371662,73.90132908048258,74.79759248291954,59.47198273700536,104.74348299339401,0.20489442557143622,132.31034247185488,11.134804658147933,113.29997653801675,149.7361349363812,2.6265189956644237,0.8525711975571945,907.0,17136.0,150.23322781260657,14232299.0,255.0
1420,56.8,1316.1577724805563,626.6421855922199,1316.157807934317,626.642310381299,1321,482,55783.0,133.2526937100725,60.5933517793514,73.8347721673805,74.7135690953592,59.50639002576277,104.64906369738748,0.20353972181662272,132.28775722327342,11.049689768424237,113.27747053787454,149.73784596823117,2.623914599525527,0.8929852534035813,886.0,16969.0,150.21342352572285,14224648.0,255.0
1421,56.84,1316.2560084188171,626.5712950989976,1316.2560328444906,626.5714080820395,1342,481,55778.0,133.24672165407853,60.57674838369676,73.85825207642554,74.75099517185338,59.471611423805236,104.73467996706398,0.20440375025002233,132.265427474496,11.090551293971105,113.1858082157961,149.7337515340833,2.628539665572897,0.8809334343739643,892.0,17056.0,150.2424851338536,14223376.0,255.0
1422,56.88,1316.2390236407618,626.4321724487855,1316.2390536786452,626.4322430325299,1342,481,55795.0,133.26702555255218,60.60611450214039,73.83567074174121,74.72106898641815,59.511085004865365,104.70357236414401,0.20355683059509577,132.30161453331283,11.042556066439728,113.21501242139439,150.2449692982549,2.6026120657637914,0.8951969720427336,885.0,17043.0,150.1572191222912,14227714.0,255.0
1423,56.92,1316.4609137416114,626.3727281543164,1316.4610436153819,626.3728989714368,1344,480,55806.0,133.28016172098765,60.602366190225275,73.86122889211795,74.75248728153787,59.499525767282535,104.73375563641073,0.2040462072761352,132.31411591053072,11.100040165608066,113.24860030949544,150.08816351044163,2.6081688175696454,0.9014747951019997,882.0,17015.0,150.22053323039427,14230500.0,255.0
1424,56.96,1316.4038942179652,626.3682362914396,1316.4039805094765,626.3683314822113,1342,481,55822.0,133.29926656419218,60.60993115566125,73.871353888044,74.76747063870422,59.500974901568895,104.76842253628492,0.20418633406641495,132.33072265995108,11.09155990838087,113.0565151397191,149.7014139015417,2.5512399688753145,0.8737742402178802,896.0,17108.0,150.1658885204665,14234591.0,255.0
1425,57.0,1316.4441309171386,626.5344924979883,1316.4441616632314,626.534528183529,1321,482,55795.0,133.26702555255218,60.60837395821641,73.84572618369836,74.75566518746614,59.48240741459801,104.88093112369381,0.20430903443327142,132.30292923304592,11.079592939866059,113.00166045004728,150.27456557670357,2.5750510893644982,0.88715932947267,889.0,17023.0,150.14285731587208,14227717.0,255.0
1426,57.04,1316.4770537113918,626.3926276273405,1316.4770604370979,626.3926708141348,1321,482,55777.0,133.24552721075966,60.55933366211,73.86587660251031,74.74146460888038,59.47532335326587,104.59594278025996,0.20425263721418518,132.2666089085533,11.09605711011572,112.98146925551063,150.10099586450346,2.579045130395778,0.9051064743764354,880.0,16948.0,150.1000860314646,14223128.0,255.0
1427,57.08,1316.6132874479072,626.3232327573714,1316.6132845432205,626.3232883101042,1307,482,55749.0,133.2120784495916,60.547992642121265,73.85063486027425,74.73153125073102,59.45732855735227,104.63744569530041,0.20438765856586594,132.23299239075217,11.110440659727846,113.8479387977363,150.0197034892864,2.6381993278047102,0.8884254973468944,888.0,17107.0,150.07951420226343,14215988.0,255.0
1428,57.12,1316.6151190871103,626.3363377417948,1316.61513907071,626.3364237935548,1321,482,55763.0,133.22880387989198,60.56454084168956,73.8521693083945,74.74071671999492,59.46454223402312,104.7009550026684,0.20438892154595922,132.25611912605714,11.102597154819733,112.84902006734421,150.03149609318385,2.6555496621163894,0.9215587447506925,872.0,17099.0,150.10324977473394,14219549.0,255.0
1429,57.16,1316.4899329014777,626.5698947804331,1316.4899689836311,626.5700199006759,1321,482,55777.0,133.24552721075966,60.526691644224336,73.91930853809286,74.80712328403497,59.425910864806916,104.64854575685123,0.20561160146243251,132.26018436837825,11.171722569972083,112.95292164648953,150.29308839610576,2.622989128079807,0.8949081729478905,885.0,17205.0,150.16394069788834,14223115.0,255.0
1430,57.2,1316.4291971588577,626.5541236346446,1316.4292300516647,626.5542300516647,1322,482,55744.0,133.20610457268552,60.55746155215704,73.82851888321747,74.71015212275942,59.46637301807402,104.65713091484925,0.20403892471852692,132.22090923068325,11.071703271916348,113.2641116151729,150.25222882883543,2.593139275908383,0.9004732641322774,882.0,17219.0,150.08570427076478,14214705.0,255.0
1431,57.24,1316.407723881062,626.6115400458139,1316.4078117985096,626.611690760528,1322,482,55685.0,133.13559258194024,60.444447389626966,73.89615274103897,74.78062058084794,59.34670501137874,104.59813887022435,0.20638924161886374,132.15551377564933,11.193026947774488,113.03115807749327,150.35927282089784,2.5926510281948922,0.8954545715441311,884.0,17105.0,150.1495657740623,14199649.0,255.0
1432,57.28,1316.4806864741386,626.580962372111,1316.4807664730765,626.5811285581128,1342,481,55788.0,133.2586654984257,60.57108342867094,73.87145894135898,74.75445130594487,59.47790012933392,104.65386460993236,0.2043564083440217,132.2791199947797,11.095888648326167,113.21046877794717,150.30656542673896,2.603639815030791,0.9156606482728091,875.0,17152.0,150.13325847599938,14225911.0,255.0
1433,57.32,1316.3229203901317,626.6209334666416,1316.32299639701,626.6210945202288,1343,480,55787.0,133.2574711621646,60.55617206137356,73.8853734201613,74.77204717837954,59.45787871188764,104.66833883160372,0.20481141073960074,132.27764599011687,11.089843860010646,113.11481190242006,149.83649544821944,2.548632141993448,0.8910367813974053,887.0,17209.0,150.16371011679317,14225661.0,255.0
1434,57.36,1316.27758934377,626.7090418759697,1316.277670250896,626.709247311828,1343,480,55800.0,133.27299669871434,60.55288018999375,73.92122145764775,74.81228190733817,59.44847144301779,104.68320061086655,0.20536481541025398,132.28630699687565,11.141819904240313,113.15231039353807,149.9355272570601,2.6845668335310258,0.905479700776397,880.0,17255.0,150.19866269597395,14228972.0,255.0
1435,57.4,1316.2717611134676,626.932048509293,1316.2718603233786,626.9322410640663,1322,482,55786.0,133.25627681519902,60.55557514885143,73.89384083828644,74.7940439640225,59.44012435173795,104.76407971998593,0.20528265084409814,132.28581622083624,11.126849272379808,113.13904091775667,150.30040087079578,2.5430362159832076,0.8850240513731106,890.0,17257.0,150.15879640516766,14225398.0,255.0
1436,57.44,1316.2025760341792,626.851295638055,1316.2026641294005,626.8514801716245,1322,482,55703.0,133.15710867278432,60.48322276098689,73.87780197306296,74.77258071857247,59.373487623777265,104.69946877092467,0.20594572163764147,132.18124329812312,11.165343644859224,113.18728004348948,150.09630242375437,2.6177978258299706,0.8957440244001569,884.0,17246.0,150.07962747367688,14204237.0,255.0
1437,57.48,1316.1467572576794,626.9727594675816,1316.1469764435508,626.9729064923872,1322,482,55696.0,133.1487417172705,60.548466387344064,73.78271906358927,74.6870491312267,59.42937915160819,104.84184509717832,0.20428802793922773,132.18138641225386,11.058923160952384,113.26016001275259,149.82568451737657,2.5550839431994463,0.8956314594005913,884.0,17182.0,150.07167414380655,14202439.0,255.0
1438,57.52,1316.2107343072303,627.0427287930388,1316.2108634797587,627.0429227677289,1322,482,55728.0,133.18698636597455,60.56631460165755,73.80241661374502,74.70337570615247,59.4514997334901,104.81606686640677,0.20416582019875495,132.2121652499715,11.064143094190738,113.19054593636191,149.85259652978542,2.536659811056516,0.8821204961411193,891.0,17150.0,150.08618452872904,14210605.0,255.0
1439,57.56,1316.1331701344493,627.1868396650913,1316.1332423257234,627.1870745244553,1323,482,55673.0,133.12124658937873,60.46416766042625,73.83977926679806,74.71370781241968,59.380892869322665,104.55343577883848,0.2052209078097479,132.13966661468197,11.112384064441398,113.34249949715931,149.68589138720412,2.498402779059807,0.8932395559554639,885.0,16928.0,150.05805674541435,14196584.0,255.0
1440,57.6,1316.1642438183528,627.249843511517,1316.1643589605446,627.2501302013181,1322,482,55683.0,133.13320169053256,60.52600478322937,73.79730687107416,74.70508890868301,59.401931345611644,104.85037227755716,0.20484759186589596,132.1547341163399,11.105721549873948,113.30583980014495,150.03063893919426,2.5288732722681275,0.8814081895389382,891.0,17024.0,150.09110511264404,14199128.0,255.0
1441,57.64,1316.147554782216,627.1459236423577,1316.1477154445283,627.1460464448512,1322,482,55722.0,133.17981633090346,60.5386617207253,73.82484226723848,74.71954193503225,59.4308585815316,104.74736063227763,0.20461425428429392,132.20058438352802,11.090207089867699,113.33190564398241,149.64312305794303,2.5084917250525627,0.9042139764634837,880.0,17110.0,150.06093196162396,14209082.0,255.0
1442,57.68,1316.227470317283,626.8804946668031,1316.2276307526688,626.8806136180137,1341,482,55735.0,133.19535091906764,60.56490103480959,73.81534478259469,74.71019974879724,59.45753456227752,104.76453557435808,0.20415773532669834,132.22907887951797,11.070331947221433,113.18754033314087,149.5956060811321,2.6110380378610984,0.9003278806044145,882.0,17076.0,150.11792628188627,14212395.0,255.0
1443,57.72,1316.2754567988368,627.0735477768025,1316.275555236626,627.0736787341682,1324,482,55742.0,133.203714946907,60.52797035374545,73.86837108160134,74.75958698451069,59.42369557086151,104.6971744211045,0.20513611741630666,132.23507748177875,11.13539682688365,113.12348095366367,150.08036011351905,2.587126000716454,0.9107375105939433,877.0,17054.0,150.1413197339304,14214189.0,255.0
1444,57.76,1316.2526640859344,626.977742961913,1316.2527105622173,626.9778308321964,1322,482,55708.0,133.16308474771307,60.51818883938036,73.83234763286106,74.71813808983833,59.42109539352498,104.66892756919285,0.2047299770494917,132.19658254900062,11.104530836159293,113.1542145214946,150.24153736392722,2.6099916778313306,0.8998917300208257,882.0,17123.0,150.0611135721129,14205529.0,255.0
1445,57.8,1316.2166471864086,627.0433902762582,1316.2167064782054,627.0434454641786,1322,482,55679.0,133.128419778901,60.47728841444583,73.84765652941242,74.73821931684918,59.37320407554813,104.67931814445741,0.20558444369890305,132.16320100757045,11.15883693802097,113.18459875274286,149.98329337771779,2.5824066606786613,0.9201705315168447,872.0,17000.0,149.99504876240994,14198135.0,255.0
1446,57.84,1316.2861823258463,627.0416377562012,1316.2862244714834,627.0417249919242,1322,482,55722.0,133.17981633090346,60.496306814548014,73.87723299165458,74.76764527762731,59.39232199823509,104.67328163479503,0.2056414003985354,132.20975150866076,11.146851026565342,114.11193776374415,150.12315756618048,2.5378583471333087,0.9208811644817905,872.0,17089.0,150.04647232786675,14209099.0,255.0
1447,57.88,1316.2265181529642,627.132900618179,1316.226552962298,627.1329443447038,1324,482,55700.0,133.15352289908495,60.513311276352084,73.83072864971504,74.7173965518264,59.415048490207056,104.67401316096334,0.20480301466346107,132.18470831075717,11.116274387982015,113.20724118231281,149.95593763183,2.6472440063671954,0.9354764184834854,865.0,16996.0,150.03324075081156,14203493.0,255.0
1448,57.92,1316.2880760875441,627.0515607715824,1316.2881456347282,627.0516148722644,1306,482,55701.0,133.15471816771392,60.497812890202795,73.84448914996986,74.72029096052705,59.41272642365592,104.58007917433893,0.20486489466372337,132.18337688055374,11.122363137487245,113.11274046434382,150.23005450887825,2.6023610993403437,0.899778653943599,882.0,17049.0,150.0726849667711,14203744.0,255.0
1449,57.96,1316.2190095816627,627.0939865401912,1316.219085394307,627.0940629599052,1322,482,55718.0,133.17503609306232,60.49447261230606,73.87888330410397,74.77472956999358,59.383587232810264,104.71179346314264,0.20583347376437244,132.19521529511542,11.168587942116185,114.0475547518814,150.2400585086801,2.562737982146154,0.9020976806240772,881.0,17074.0,150.09442932472552,14208077.0,255.0
1450,58.0,1316.2529384848028,627.1708654779072,1316.252994307673,627.1709134658549,1322,482,55689.0,133.14037423595113,60.46272591718245,73.87742756910167,74.7666402075525,59.3596246756883,104.649585864203,0.20606804704737647,132.15401374564516,11.17887457306941,113.08813064268897,150.30176514843757,2.5757741752792134,0.924572087651008,870.0,17128.0,150.00361781302496,14200686.0,255.0
1451,58.04,1316.111248009034,627.2994508745328,1316.1112906120984,627.299479447137,1322,482,55710.0,133.16547510259173,60.49636569162203,73.85155432280204,74.73115434284344,59.40637094095511,104.60461862873723,0.20506552503635855,132.20278985118085,11.098779880128115,113.35414146668126,150.09246600186697,2.517141642598304,0.9249207384409426,870.0,17065.0,150.05611015559293,14206043.0,255.0
1452,58.08,1316.2053418851458,627.1660430245738,1316.2053447873047,627.1660765954388,1323,482,55643.0,133.08537484233443,60.43987054890974,73.8408284309854,74.73186283647969,59.334598442500436,104.66941065057253,0.20603346162626657,132.1019719921644,11.154605370497803,113.97626659599939,150.264954416739,2.5259216080124367,0.9153718143976083,874.0,16888.0,150.068314764494,14188961.0,255.0
1453,58.12,1316.079133018996,627.310236795142,1316.0791564792175,627.3102437796634,1322,482,55624.0,133.0626510674095,60.45337374379734,73.78759567557792,74.66058950830515,59.371845573993795,104.56506454941027,0.20477663028110238,132.09162124916708,11.080809754825488,113.38515493639356,149.69592200943114,2.527932477322965,0.904678627011917,879.0,16856.0,149.97234819988748,14184117.0,255.0
1454,58.16,1316.1527616455467,627.1833532833302,1316.1528146765277,627.183564299562,1322,482,55708.0,133.16308474771307,60.486624273833414,73.86347040053893,74.74204628356601,59.39756302240405,104.58737310340413,0.20529921274761576,132.17702361267294,11.128695461888958,113.32330751201405,149.73166556562902,2.5208631047553918,0.8877721144092413,888.0,17006.0,150.11186443698344,14205516.0,255.0
1455,58.2,1316.0660470265743,627.3364284317879,1316.0661033707865,627.3365033707865,1342,482,55625.0,133.06384715231013,60.43986976861761,73.81682623882205,74.70959024940397,59.33278030217417,104.69295389143096,0.20582109868220666,132.09866456459787,11.131928983238778,113.3958370531556,149.46913950083794,2.5157052898513212,0.9129852936146664,875.0,16807.0,150.07530601128505,14184363.0,255.0
1456,58.24,1316.1603439084563,627.2619771749555,1316.1604936054032,627.2620706998132,1322,482,55672.0,133.12005102021257,60.449297002140256,73.87192862520955,74.76156026713633,59.3455006995843,104.64925844178586,0.2062030208099953,132.13475458865045,11.167872948938141,113.30862665579777,149.61274224912736,2.5576540607818723,0.915848887571548,874.0,16827.0,150.0744344168717,14196336.0,255.0
1457,58.28,1316.178720163124,627.3097944185705,1316.178931478786,627.3099538160188,1342,482,55647.0,133.0901583005648,60.48269327022305,73.8008093652522,74.69343541695113,59.376816635787506,104.71808804608999,0.20505977125919728,132.12084656640678,11.122415597163275,112.72351454848754,149.90150896225472,2.631403626448453,0.926002303584593,869.0,16785.0,149.98863761803705,14189949.0,255.0
1458,58.32,1316.1550528370285,627.2735327356042,1316.1553279424977,627.27367475292,1323,482,55650.0,133.09374578141512,60.44536055113631,73.84298993149116,74.73112637033009,59.34380781177532,104.64943843243744,0.20590240380297375,132.120206751824,11.149328883758237,113.16918485290427,150.19604221180012,2.561333556725367,0.9133956240837068,875.0,16937.0,150.01743931762755,14190711.0,255.0
1459,58.36,1316.109116453028,627.204961078491,1316.1092461137569,627.2050498697097,1323,482,55645.0,133.0877665929406,60.43956638395368,73.84665316219522,74.73268314607829,59.34050419170508,104.62966562590228,0.205963151681393,132.10771702248408,11.168919539588696,113.22503702794518,150.25479515672174,2.589617933604489,0.9217214635592015,871.0,16960.0,150.02160142783666,14189455.0,255.0
1460,58.4,1316.145461289078,627.3360948560835,1316.1454803528757,627.336112259015,1323,482,55657.0,133.10211619403816,60.470141086390406,73.82477285043602,74.72215787106799,59.357679979237965,104.73676862985943,0.20562144254909254,132.13996500034654,11.127918833597459,113.31677634175634,149.7910535847411,2.535535487825565,0.9198069518603607,872.0,17023.0,150.03956962876788,14192532.0,255.0
1461,58.44,1316.1615650075744,627.264862351595,1316.1616023834736,627.2648922231995,1322,482,55717.0,133.1738410067918,60.476241831523424,73.90405424467635,74.79988272809463,59.36465786752466,104.6923414998571,0.20635359705948497,132.19536711385237,11.20011845731424,112.1758847354017,149.81371343253613,2.5952061492167866,0.904132840289579,880.0,17124.0,150.15500721817253,14207829.0,255.0
1462,58.48,1316.1099938507375,627.3253025359002,1316.110031781373,627.3253909827088,1324,482,55693.0,133.14515571823804,60.45849649876704,73.88905079657955,74.7799543833616,59.35301213024743,104.65501688325377,0.20629782914853767,132.1899504717987,11.192669317770699,113.35306730310427,150.67118546972696,2.5603645790335556,0.9246384973252813,870.0,17056.0,150.08194789191472,14201703.0,255.0
1463,58.52,1316.1621682637806,627.2710964895325,1316.1622732986173,627.271179745017,1322,482,55690.0,133.14156962262126,60.4349334991692,73.91313984287413,74.80719506297433,59.32467442212708,104.65717836592265,0.20696566189674304,132.15713118969813,11.214290322537954,113.30598630280488,150.19976913236994,2.5305404396122615,0.9224668578598604,871.0,17093.0,150.07357538067032,14200929.0,255.0
1464,58.56,1316.2892584317906,627.1530224273727,1316.2892652526086,627.1530559097685,1325,481,55679.0,133.128419778901,60.44598306470318,73.88427976311654,74.76835783517961,59.34893707054399,104.60120766455951,0.2062292286614935,132.14893139083222,11.193579582935719,113.1429884927332,150.92969876532763,2.588591505537859,0.9055731567919699,879.0,17027.0,150.11947523250268,14198141.0,255.0
1465,58.6,1316.2625854607054,627.2315516066817,1316.262644060483,627.231557561265,1322,482,55619.0,133.05667048162692,60.42699227301867,73.82545501625559,74.70873685733115,59.33147428391347,104.61326241468925,0.20582950830480684,132.0795100752703,11.159957704700584,113.20956393814755,149.9242446651427,2.5933683676067454,0.908727882058852,877.0,16938.0,149.91210127085841,14182834.0,255.0
1466,58.64,1316.1984447745488,627.3292085798369,1316.1985443436067,627.3292479108635,1323,482,55645.0,133.0877665929406,60.47635037447736,73.79608029987841,74.68307129306035,59.37751497392187,104.67570965692238,0.20494010294620402,132.11726152479392,11.109481473320258,113.2646271416174,149.9533231681371,2.546656214318331,0.9133135579898987,875.0,16872.0,149.9531823003158,14189454.0,255.0
1467,58.68,1316.178768284684,627.2967128584037,1316.1788934794324,627.2968025866714,1323,482,55670.0,133.11765984966692,60.46686629727057,73.84572453652983,74.73382353932305,59.36571882265356,104.6573811897141,0.20563787571477832,132.14005641312497,11.150555169044337,113.28714506035885,150.25494774580088,2.579076639599526,0.9054267791915975,879.0,16983.0,149.97823433586825,14195829.0,255.0
1468,58.72,1316.1849999683,627.2607109119253,1316.1851120012934,627.2608453537875,1322,482,55669.0,133.1164642482869,60.46092138772042,73.84815454832672,74.72983479400486,59.367707862999026,104.60607198090209,0.20556885979143424,132.14215044080035,11.146083117242219,113.28418708118076,150.0180692005429,2.5563364668992388,0.9095448042275883,877.0,17088.0,150.04098989047475,14195570.0,255.0
1469,58.76,1316.190294100719,627.2531799171206,1316.1903811219627,627.2532779366536,1306,482,55599.0,133.03274544988005,60.39568732106396,73.83244204775214,74.70381756403962,59.31448547426749,104.50775854671257,0.2060046272277809,132.0577397237929,11.1759085089349,113.21223536985701,150.02646045331431,2.5789242714453673,0.9022180265854283,880.0,16918.0,150.10113244581052,14177728.0,255.0
1470,58.8,1316.169958536912,627.2237279800286,1316.170035244192,627.223782636841,1322,482,55612.0,133.04829720989656,60.418758351490816,73.8183311666021,74.7031094880136,59.32130991287899,104.62394580292244,0.2059057471711091,132.0671583327195,11.13465705530359,113.30251419139267,149.85512830322185,2.492051532790733,0.8983409723902879,882.0,16806.0,150.0447831562449,14181047.0,255.0
1471,58.84,1316.1323130712337,627.2258056060061,1316.1323606044816,627.2258719519865,1324,482,55651.0,133.09494158687676,60.44067457431224,73.84326017276233,74.72652770809708,59.345162167030765,104.61118476644073,0.205835410968783,132.11083616161645,11.151905059170762,113.33981442074273,149.84601526069946,2.4526598289382435,0.894907827260527,884.0,17045.0,149.97924334367724,14190994.0,255.0
1472,58.88,1316.2954420317583,627.2090895723752,1316.2955031350498,627.2091949479886,1306,482,55661.0,133.10689905063512,60.442627742075985,73.85672030131357,74.73209746030798,59.35688663682309,104.54729891628861,0.2057377130576462,132.12227678680213,11.160211138730931,113.17888438774459,149.89153259441673,2.556868151183391,0.9052804015912254,879.0,16949.0,150.0485768681866,14193539.0,255.0
1473,58.92,1316.3322214016382,627.257868270038,1316.3322738210682,627.257982257659,1322,482,55686.0,133.1367880115431,60.44383666569768,73.88754875957918,74.75505062793376,59.36758086854972,104.47520310580278,0.20583853037528665,132.150572943466,11.1886583502477,113.07133263711232,149.85219411504445,2.584729628898211,0.8794804264503671,892.0,17131.0,149.96194816838707,14199913.0,255.0
1474,58.96,1316.288044731442,627.2345531590718,1316.288071384969,627.2345685661962,1306,482,55698.0,133.15113232963802,60.45789086435718,73.89099232829788,74.77575528598639,59.36010222731578,104.6084879823904,0.206158439987829,132.16754169838126,11.184954975350337,113.18393860574105,149.54398094907023,2.5461043856021957,0.8976934527466428,883.0,17072.0,150.0893178214894,14202985.0,255.0
1475,59.0,1316.221335929974,627.2840368197872,1316.2214283149617,627.2841011094754,1306,482,55702.0,133.15591342561362,60.46175159011376,73.87871188016872,74.74255442447786,59.39055507840932,104.45937816921341,0.20539837665811467,132.1786543370967,11.134373577686793,113.24589521110317,149.61406440372525,2.5396333745272677,0.903889431767865,880.0,17166.0,150.11003409423228,14203993.0,255.0
1476,59.04,1316.278515584836,627.2050890448522,1316.2787790749808,627.2052330481878,1306,482,55761.0,133.22641466126134,60.51872990071895,73.90326245119174,74.79704448452112,59.41052942119325,104.69631266225836,0.20571020110977822,132.24127942312626,11.165489008100899,113.1961036540426,149.99578420990838,2.5347215956782714,0.9089738427925366,878.0,17173.0,150.05542689238973,14219014.0,255.0
1477,59.08,1316.2738799824972,627.2295168522126,1316.274101739958,627.2297498698174,1324,481,55691.0,133.14276499855893,60.42045645652514,73.92226398843684,74.79234456476492,59.34001909417013,104.46909526294458,0.20660303618660003,132.1485460178325,11.208524204781277,113.19850109367158,150.06542772557754,2.5609140011140634,0.9057683269257996,879.0,17054.0,150.08456577914413,14201162.0,255.0
1478,59.12,1316.3160100136201,627.2322924740188,1316.3161298435339,627.2323638780606,1306,482,55667.0,133.11407301331093,60.445604713289406,73.8520886611492,74.71485716872563,59.375855758265956,104.45608008674533,0.20530055188113672,132.14276378635682,11.128741538959313,113.15629503712194,149.3441247522589,2.516846641313995,0.8971938208561774,883.0,17057.0,150.05843823216583,14195066.0,255.0
1479,59.16,1316.2912122609634,627.2006245445134,1316.2912689424581,627.2007226446638,1306,482,55629.0,133.0686313844029,60.37782776162291,73.88297290913307,74.73808863081193,59.31605076972669,104.35547764839859,0.20634776917117026,132.08668977157373,11.17599006261274,113.18386633831825,149.69784665436345,2.5364898923783628,0.9088912664925993,877.0,17055.0,149.96743638342326,14185378.0,255.0
1480,59.2,1316.243422371268,627.2030290073747,1316.2435685541823,627.2031294912331,1322,482,55664.0,133.11048608030296,60.471316348480336,73.82045999605933,74.6906360096951,59.39317559631762,104.53708632228125,0.20481095396472215,132.1339007894038,11.10716715701364,113.23123709728806,149.87015711851043,2.516166462403153,0.8930951564080424,885.0,17095.0,149.93914858391213,14194287.0,255.0
1481,59.24,1316.2593620239777,627.2019920920859,1316.2595271859125,627.2021037893339,1306,482,55709.0,133.16427993051587,60.475347415242354,73.88268327349209,74.76514744084035,59.380899798123735,104.60277354201475,0.20576763598158831,132.1788296020342,11.160870694890809,113.21545856268145,149.74912556652274,2.5284882704483818,0.8759114211013207,894.0,17142.0,150.06327348952385,14205769.0,255.0
1482,59.28,1316.2871356269802,627.1999894677467,1316.2872607805823,627.200082582313,1306,482,55702.0,133.15591342561362,60.488258118591894,73.84930372825849,74.71923217338289,59.41031370721817,104.52975164027275,0.20488591786704935,132.17229925846775,11.107751381461402,113.18798364900431,149.58623391289748,2.5548309915408947,0.8937048433860444,885.0,17065.0,150.03434256899104,14203988.0,255.0
1483,59.32,1316.2658175751626,627.2658508327105,1316.2658832830243,627.2659192180538,1322,482,55656.0,133.10092045303463,60.45089883249241,73.83692116654606,74.71222365915344,59.36569491647179,104.55917927005268,0.2054085394740015,132.1213674996812,11.13207407687731,113.20323962354576,149.6021912598393,2.53076251405725,0.8869434336102667,888.0,17015.0,150.05605871620804,14192267.0,255.0
1484,59.36,1316.2412590677536,627.2218225819353,1316.2413830284297,627.2219566545664,1306,482,55646.0,133.0889624521253,60.444724364984374,73.82364022527561,74.68643143897044,59.37534436600628,104.46849860628292,0.2050049356753043,132.1139886959687,11.097394508659104,113.23168403699856,149.73550504376908,2.5590477809534145,0.9009319705661977,881.0,16972.0,149.97011294050088,14189705.0,255.0
1485,59.4,1316.2544187633086,627.1884692254374,1316.254526856056,627.1885217953089,1322,482,55723.0,133.181011363555,60.47776806334014,73.8892456394234,74.75300378071796,59.40681338740684,104.46102432580254,0.20529195640522968,132.1947362173334,11.128816707546969,113.22161175638115,150.05077097398788,2.567742184614854,0.9083543954005221,878.0,16988.0,150.09452630382864,14209349.0,255.0
1486,59.44,1316.269475039715,627.1599519136909,1316.2695892674342,627.1600186778255,1322,482,55681.0,133.1308107561869,60.44646375891757,73.87533231528568,74.75011780811464,59.36126340741923,104.53627391243398,0.20587063742426426,132.15682465642328,11.139252097727214,113.20921961545139,150.28607952652075,2.538427270887556,0.8933679111087275,885.0,16992.0,150.0629022888343,14198636.0,255.0
1487,59.48,1316.1771875419336,627.1176291340488,1316.17735706716,627.1177410953245,1322,482,55673.0,133.12124658937873,60.48138563796898,73.82570338975974,74.70890475291138,59.386968606773635,104.63644339221842,0.2050884857275418,132.1484954973329,11.114115628198018,113.25771431438203,150.2760007784721,2.5620496122828773,0.9013691118379025,881.0,16931.0,150.0351865326525,14196585.0,255.0
1488,59.52,1316.172592013831,627.1557279913304,1316.17267453347,627.1557914399124,1306,482,55677.0,133.12602875867256,60.46953282551261,73.84292761595643,74.71564751132637,59.38783020109725,104.54533203740138,0.20514869134883063,132.15138371533692,11.136371428934684,113.30607891592781,150.44558440521647,2.579071018423388,0.8993909645359645,882.0,16929.0,150.0875920025095,14197621.0,255.0
1489,59.56,1316.1662729240143,627.2009858399924,1316.166343216532,627.2010062893082,1322,482,55650.0,133.09374578141512,60.467735213308195,73.81045601007729,74.6875225793644,59.38101034168449,104.59158124165288,0.20494068766861184,132.1092932580997,11.122255269440112,113.30824909473739,149.8147280316817,2.55931246953936,0.8989548139523758,882.0,16870.0,150.04172188623184,14190741.0,255.0
1490,59.6,1316.233038261164,627.1808025357718,1316.2332111015244,627.1809210526316,1306,482,55632.0,133.0722194455952,60.41739415043721,73.84826959433722,74.72224904917627,59.33307623105406,104.52963375354054,0.2059516812454919,132.09504064685564,11.170713716019044,113.24360069394422,149.6795166342774,2.5615211191299765,0.9089402818227235,877.0,16902.0,149.99394748450067,14186134.0,255.0
1491,59.64,1316.1818490491148,627.1900445499634,1316.1819797501078,627.1901299727128,1323,482,55704.0,133.1583039092263,60.501409617091,73.83546397155811,74.70640931730296,59.42262794984649,104.54933636074179,0.20458460669072132,132.185530121539,11.093273498841366,113.29373325625276,149.89100676117337,2.577336185786281,0.9184758862374524,873.0,16956.0,150.0947522810514,14204501.0,255.0
1492,59.68,1316.1429621711952,627.199345385403,1316.1431162673755,627.199400165224,1323,482,55682.0,133.1320062287271,60.50946271035906,73.79271671274556,74.66027779046422,59.43570507358825,104.54663106177067,0.20391797576221293,132.1639947596188,11.051690552098274,113.3316113374662,149.87456427702534,2.5568295612998444,0.9118354607763957,876.0,17020.0,149.99203713766516,14198889.0,255.0
1493,59.72,1316.2165147535484,627.178074059334,1316.2167157109022,627.1781741189981,1322,482,55732.0,133.19176617492172,60.5021000928531,73.88593481374052,74.7770831587001,59.39716586860672,104.67735651646663,0.2056768817453395,132.2097202013436,11.157112078456624,113.26030327990338,150.13048579276864,2.573578565636817,0.9002794194284601,882.0,16954.0,150.2005081873708,14211632.0,255.0
1494,59.76,1316.2238078633764,627.1880100714802,1316.2240137898839,627.1881026340833,1323,482,55693.0,133.14515571823804,60.452735249658126,73.88096292515405,74.74486750307919,59.381265259847595,104.4549393884514,0.20554725369736826,132.1603121530714,11.143956521228555,113.25213581736969,149.70447328203562,2.566178989947927,0.897612866957858,883.0,17082.0,150.11370548693012,14201686.0,255.0
1495,59.8,1316.1880957766186,627.1965929706305,1316.1882853450134,627.1966862928125,1323,482,55708.0,133.16308474771307,60.47358405547978,73.87581886745001,74.74409986882516,59.39705814811499,104.49916937614829,0.20532780176153043,132.19095690298138,11.135543513510877,113.28691704074645,149.96773151454653,2.5543085426298986,0.9060448179487249,879.0,17079.0,150.03330980887986,14205513.0,255.0
1496,59.84,1316.1718252598905,627.1953662729725,1316.1720945254885,627.1954746909261,1322,482,55731.0,133.19057123876615,60.48149499964193,73.90224040093628,74.78603270298466,59.38519753455065,104.60658491318901,0.20593197167710398,132.21111096049435,11.159926428604336,113.23955064380806,149.97433343257515,2.5221625148689633,0.9126378733617563,876.0,17145.0,150.04348752328457,14211368.0,255.0
1497,59.88,1316.2051359698528,627.1405012304876,1316.205243781988,627.1405944150131,1321,482,55685.0,133.13559258194024,60.45290113060307,73.87687352107893,74.75376757218908,59.36514069821696,104.55412089222826,0.2058575423521155,132.16144271015887,11.146380735398738,113.2278794078785,150.28855580375975,2.579880497128918,0.8934320886853593,885.0,17039.0,150.0380616673632,14199655.0,255.0
1498,59.92,1316.1797200576675,627.2157867754711,1316.17987471056,627.2158640124931,1322,482,55711.0,133.1666702639409,60.444908522931165,73.91505564043366,74.7844807231055,59.36584758638069,104.47792346675891,0.2061742354515147,132.18852112828915,11.176105759022354,113.29351388882782,150.36801157469034,2.537630062360713,0.9081587804346228,878.0,16971.0,150.1351830563331,14206283.0,255.0
1499,59.96,1316.2561635605941,627.2001606223564,1316.2562656078762,627.2002119976285,1322,482,55661.0,133.10689905063512,60.44751526060939,73.86146691268975,74.76192122451357,59.330207571654405,104.7327817094324,0.20641141105131589,132.1285707103736,11.184272458337835,113.21881019804964,149.81129442262113,2.546649006787452,0.9073437180767093,878.0,16897.0,149.98280299727213,14193541.0,255.0
1500,60.0,1316.2412706914824,627.2482130927431,1316.241378072207,627.2483797418358,1325,482,55701.0,133.15471816771392,60.47600897197169,73.87720522167001,74.76019588677116,59.38099210618118,104.60942091397,0.20571379727097971,132.16514598765846,11.177164165729884,113.08783586706778,150.54428223405992,2.6209808567702226,0.8957118629717096,884.0,16911.0,150.12540035898553,14203731.0,255.0
1501,60.04,1316.2070125226487,627.2614471981773,1316.2072267941207,627.2617062565134,1322,482,55654.0,133.0985289388004,60.46227434259101,73.80942518273537,74.66684319410864,59.40017164883398,104.44184783085186,0.2044638676579168,132.1220799194514,11.072468421503794,113.26219914208262,149.67237005850978,2.5247374130752216,0.9072296093466012,878.0,16879.0,149.99059098592096,14191726.0,255.0
1502,60.08,1316.2163897790476,627.1659665832616,1316.2165211454853,627.1661097337501,1323,482,55662.0,133.10809473793154,60.460360118484374,73.8329661474427,74.70682930775122,59.377198406195944,104.55432488876346,0.20519718268868825,132.12527097588605,11.11456152743076,113.26153167153866,150.3089884041032,2.5329394093218838,0.887039050625533,888.0,16919.0,150.01654867792968,14193785.0,255.0
1503,60.12,1316.1579308202247,627.2181422957899,1316.158030063291,627.2182285673188,1322,482,55616.0,133.05308200112353,60.42339998611132,73.8085208277208,74.67218417519696,59.352758345026864,104.47251209832231,0.20515572163025841,132.07644680898133,11.097842553882064,113.31499840980729,149.7761950277323,2.5267486323801327,0.9149276428218713,874.0,16921.0,149.93950067892777,14182064.0,255.0
1504,60.16,1316.1872625214369,627.1321460843108,1316.1872990786803,627.1321635746484,1322,482,55681.0,133.1308107561869,60.46793306857605,73.85417482056981,74.7302229407145,59.381847792437284,104.56449112474382,0.20538377304793398,132.1457538122789,11.140134542026699,113.24641221264424,149.4844845800432,2.575374317828209,0.8994555794372369,882.0,16913.0,150.07939046585886,14198650.0,255.0
1505,60.2,1316.2227716639277,627.1908998685253,1316.2228963239518,627.1909642446869,1306,482,55712.0,133.1678654145637,60.50071150505757,73.84758159969559,74.7239278830473,59.4149476350106,104.58403379204915,0.20487386947855912,132.18515721742708,11.10435229495288,113.25290460164203,149.43182255848032,2.5233223056732856,0.8979190929552402,883.0,16940.0,150.11685904194084,14206542.0,255.0
1506,60.24,1316.1774993872325,627.1742929930384,1316.1775746255253,627.1743237903661,1322,482,55678.0,133.12722427415474,60.47933621061145,73.83115953813171,74.70661865345443,59.39453978766541,104.57538206187486,0.20496281509966308,132.15920327170195,11.112360576283145,113.23726248917232,149.76507135969595,2.5339512690242083,0.8953420065445656,884.0,16922.0,150.10233109513618,14197880.0,255.0
1507,60.28,1316.22627801531,627.1952955955071,1316.2263005728446,627.1953059062259,1322,482,55687.0,133.13798343041236,60.45893625828806,73.87629099763275,74.75468608762493,59.36940502473733,104.5681954606065,0.20581025575913048,132.14418729359804,11.169778893704397,113.24901295500534,149.60371922761675,2.6150780571172327,0.8975161640113163,883.0,16901.0,150.10830721263216,14200182.0,255.0
1508,60.32,1316.2215351222403,627.2151259200931,1316.2216110302181,627.2151575617034,1322,482,55629.0,133.0686313844029,60.41120961067815,73.84976042995206,74.7206077533025,59.33070148888949,104.50286462065523,0.2059660209834523,132.09073569041797,11.153987464454218,113.25193352647668,149.5410837778508,2.5458595851120065,0.8905199910651601,886.0,16821.0,150.04418318611704,14185385.0,255.0
1509,60.36,1316.2923018633533,627.1820482447831,1316.2923408458291,627.1820598006644,1322,482,55685.0,133.13559258194024,60.43483854230711,73.89648062451393,74.77171114731524,59.348553229428816,104.52516034437737,0.20626996067402703,132.15608675848603,11.176294730372218,113.18447305767116,149.78136149728604,2.515236187581519,0.8874055825173872,888.0,16819.0,150.09621844190582,14199670.0,255.0
1510,60.4,1316.2090388328966,627.1701618421827,1316.209128138808,627.1702230843841,1306,482,55674.0,133.12244214780753,60.44561614759055,73.8815272849326,74.77020674972093,59.34280721384932,104.63632539665538,0.2063308396018203,132.14322462292367,11.195899570123066,113.26846896882188,149.58541958120074,2.605151446516338,0.9096264964444619,877.0,16762.0,150.17774689025447,14196855.0,255.0
1511,60.44,1316.1868541946717,627.1710124998467,1316.1869350345942,627.171138467068,1322,482,55645.0,133.0877665929406,60.40131989295318,73.8770997876895,74.73609734109024,59.33515881898503,104.39746290640416,0.2060709492471412,132.10932207562038,11.162882742212679,113.29048256674453,149.96429968150855,2.554675064970438,0.9070828981221769,878.0,16785.0,150.02648972803522,14189454.0,255.0
1512,60.48,1316.175800998667,627.1597133439359,1316.1758773191427,627.1597691643894,1323,482,55624.0,133.0626510674095,60.42868925931742,73.819741691602,74.68809630261495,59.35207679353186,104.5051115197257,0.20533418668144787,132.08836429780047,11.125592498852289,113.30251973733,149.517122280215,2.54993906077573,0.9088095742757256,877.0,16699.0,149.99910808506993,14184106.0,255.0
1513,60.52,1316.1554324291783,627.1185090911907,1316.155507675734,627.1185923332436,1322,482,55695.0,133.14754639499077,60.46767159046658,73.87082323917399,74.73929653284515,59.390869562427255,104.5002598781444,0.2053595321662256,132.16327779028714,11.157504564633768,113.27930915442839,150.18879427872324,2.6052253828708607,0.8935925326269388,885.0,16859.0,150.1903628552904,14202210.0,255.0
1514,60.56,1316.1546495999091,627.2192149833965,1316.1547657512117,627.2194040567224,1323,482,55710.0,133.16547510259173,60.47233542238944,73.86335847796968,74.70875572596206,59.42474985190568,104.33085867802518,0.20458118630859534,132.1973885547804,11.103259041097687,113.31816862353767,150.02935823304918,2.535450557362882,0.9291879564839314,868.0,16883.0,150.043380680217,14206018.0,255.0
1515,60.6,1316.1898648447411,627.2345341587443,1316.1900102339443,627.2347343663034,1323,482,55697.0,133.14993702881947,60.4556681809043,73.89240204508053,74.76481253357552,59.37337536312664,104.51495176031939,0.20586471963046604,132.16729367209214,11.18262554265294,113.21558350168591,149.65238795460942,2.602687388823836,0.9058659119927144,879.0,17002.0,150.14371967695126,14202703.0,255.0
1516,60.64,1316.1102610354205,627.1892816659708,1316.110350896096,627.189365370111,1323,482,55686.0,133.1367880115431,60.51879494333532,73.79558966381713,74.6786873603714,59.42564471131842,104.66580092296002,0.20424893886320605,132.1730663341756,11.07452529980849,113.36509038215777,149.78158739569812,2.557964741611967,0.9160791987589673,874.0,16987.0,150.04546526278546,14199912.0,255.0
1517,60.68,1316.2262144002084,627.0578789005523,1316.2263727181257,627.0579991375594,1306,482,55656.0,133.10092045303463,60.46063096049773,73.82323612636371,74.6873849365757,59.3898359961207,104.48584638696558,0.2048210544986363,132.1417139210968,11.117810262929698,113.17385585859316,149.75142847814774,2.5911450910643614,0.9134941033962765,875.0,17021.0,149.9528412624819,14192253.0,255.0
1518,60.72,1316.2247814992293,627.1544808776921,1316.2248801249932,627.1545534543757,1324,482,55683.0,133.13320169053256,60.452513538582075,73.87345473380294,74.74096434138266,59.37661119295918,104.48526810648634,0.20556803466230544,132.16518848201534,11.157146564264664,113.25422387164747,150.10713099451633,2.6128557699456927,0.9417116818376324,862.0,16972.0,149.9501223019545,14199149.0,255.0
1519,60.76,1316.2662683177525,627.0933796132717,1316.26632524708,627.0934052111411,1306,482,55650.0,133.09374578141512,60.421640911523454,73.8776427428902,74.75126240049202,59.33742122151915,104.51576142649775,0.20620175076630431,132.1135267794597,11.205753447998877,113.13098649521437,149.32762679771167,2.6470539424717368,0.915486969991318,874.0,16918.0,150.04965400614367,14190742.0,255.0
1520,60.8,1316.3058566582968,627.1352240116565,1316.3059248347226,627.1353118712274,1306,482,55664.0,133.11048608030296,60.42529738572986,73.88524100497128,74.75148064052496,59.350328933930975,104.45872708018122,0.20603139328647058,132.13154951420358,11.192784855809247,113.1280042345923,149.39878319954704,2.625712402420931,0.9157172811787371,874.0,17016.0,150.08534371430017,14194306.0,255.0
1521,60.84,1316.200541628296,627.126831808816,1316.2007071958071,627.1269183134996,1324,482,55713.0,133.16906055446037,60.51174216857283,73.84099888189441,74.72028135194,59.42258502319378,104.61375816015205,0.20473285233887895,132.1895622821571,11.112057188455925,113.23364717791289,149.33169858725856,2.557282617849491,0.9081913829289395,878.0,17001.0,150.0757017307112,14206791.0,255.0
1522,60.88,1316.288880046869,627.1507665309035,1316.2890304063144,627.150847609651,1325,481,55745.0,133.2072993694993,60.49699147287498,73.9036936185973,74.77727673736031,59.41380977083393,104.53668254354916,0.20545635835987153,132.23406445466821,11.159353112393777,113.14356177728564,149.89162362420515,2.5733415579509016,0.9045872028634453,880.0,17142.0,150.1671854219997,14214952.0,255.0
1523,60.92,1316.2949740132947,627.1715413140348,1316.2951593225205,627.1716484857184,1306,482,55736.0,133.19654581234363,60.51147076200976,73.86317589234841,74.7282428859871,59.4398566776408,104.49715602510628,0.20458645376784512,132.22418762808394,11.097205568392479,113.18277039227831,149.7340796743355,2.5141918416101765,0.910639479933695,877.0,17155.0,150.0129835964715,14212652.0,255.0
1524,60.96,1316.3061443762776,627.1439353185049,1316.3062132300188,627.1440665805711,1306,482,55752.0,133.21566264714784,60.44921326522129,73.9638827709953,74.82269829417625,59.382886077761626,104.37858824304745,0.2063519836682549,132.23705825995293,11.202838718454327,113.1269583630827,150.25904256495303,2.573318212797091,0.9088271315681122,878.0,17066.0,150.091119815937,14216740.0,255.0
1525,61.0,1316.2379591811455,627.0923722524581,1316.2379439688436,627.0924639709973,1326,481,55719.0,133.17623116860844,60.460741042380505,73.91737347249772,74.79302926830837,59.37408594106078,104.53031020048884,0.2061548178766036,132.18875737062518,11.203183825981455,113.15928000488853,149.71736397052743,2.5929359903407803,0.904165294759141,880.0,17077.0,150.06648993269556,14208336.0,255.0
1526,61.04,1316.1982900479686,627.085265555542,1316.1983032303194,627.0853227629007,1323,482,55753.0,133.21685735823706,60.503175010218776,73.9075497047268,74.78971867365411,59.40924229772249,104.60164472218366,0.20564960864533421,132.2405472503023,11.1637551682989,113.23952171880434,150.26348373812343,2.5581807698108334,0.9109172334710652,877.0,17167.0,150.0845380297193,14217007.0,255.0
1527,61.08,1316.3284404199255,627.110145877275,1316.3284691185181,627.1102076714591,1324,482,55713.0,133.16906055446037,60.48570067674259,73.8772659747596,74.75600314130882,59.39621544003031,104.58200173522663,0.2054656088587884,132.20075238216617,11.161366117634147,113.02285006557824,149.76692112766744,2.572921917781253,0.9081913829289395,878.0,17032.0,150.0595801278236,14206805.0,255.0
1528,61.12,1316.2720837384948,627.1160592576409,1316.2721513307847,627.1161542741255,1344,481,55719.0,133.17623116860844,60.471233686873056,73.90431218552698,74.7895406577629,59.37290688040355,104.6118221665867,0.20613355345911133,132.20109827797194,11.186929716749773,113.12330806796878,149.58811901284255,2.544786972441094,0.8780318293226009,893.0,17129.0,150.13525494215335,14208328.0,255.0
1529,61.16,1316.3135295796915,627.1422991416925,1316.31356419283,627.1424671312594,1306,482,55676.0,133.12483323245416,60.42949937120615,73.90162188834336,74.77621444223675,59.343844378932005,104.51581222461358,0.20638073454796202,132.14595633218335,11.22134883829333,113.11974399639064,149.87560795607936,2.6245586917762833,0.9014176830903141,881.0,16981.0,150.05113508212057,14197359.0,255.0
1530,61.2,1316.2141865304393,627.1235297795023,1316.2142395519172,627.1236535975872,1343,481,55704.0,133.1583039092263,60.46776719960399,73.8798014300469,74.74578629910424,59.39396737024144,104.47762336541906,0.20538708185409482,132.17522015393672,11.147871810268358,113.22034257832881,149.40564835928694,2.5845446385890742,0.9018710147794895,881.0,17003.0,150.12023366867544,14204502.0,255.0
1531,61.24,1316.381064323951,627.1347737613523,1316.3811199482934,627.1348318641269,1343,481,55699.0,133.1523276197264,60.447054149490896,73.89027415505738,74.74276380583045,59.38971483958202,104.36210764114428,0.20541184436440107,132.17948482998784,11.142999165562394,113.05312444882343,149.64244095960717,2.5841774380665368,0.9290044873128431,868.0,17002.0,150.05854095945446,14203232.0,255.0
1532,61.28,1316.391538832043,627.0569555627719,1316.3915594552404,627.0570239184655,1343,481,55731.0,133.19057123876615,60.499515806023346,73.87209303386649,74.73622177375388,59.428736289372424,104.4808948923677,0.20482016779923962,132.20455698116967,11.109329395724313,113.04950758256955,149.78499653210446,2.5747934152670515,0.916819484718529,874.0,17029.0,150.05290318945555,14211395.0,255.0
1533,61.32,1316.3421481600863,627.1311052291173,1316.3422167187107,627.1312049100893,1342,481,55722.0,133.17981633090346,60.4717030015692,73.90078030170945,74.77614819472191,59.38585567517327,104.54029315984485,0.20581820394748507,132.20462729246375,11.166126831374907,113.09221127476388,149.7524394342408,2.5656427974394913,0.9042139764634837,880.0,16984.0,150.10714652665249,14209090.0,255.0
1534,61.36,1316.3743852212247,627.0761117226073,1316.374432745601,627.0761421319796,1342,481,55751.0,133.21446792534402,60.50264146274114,73.89805959764055,74.76666008804874,59.42591501646077,104.50432973450737,0.20518162846276644,132.2475472170368,11.135646059307328,113.0649113980859,149.81329261519946,2.576029132172675,0.9108845565843158,877.0,17085.0,150.04394999429994,14216496.0,255.0
1535,61.4,1316.3148200759774,627.0780994888823,1316.3147942157952,627.0783307617783,1323,482,55738.0,133.19893556673838,60.527335762317755,73.86406958948321,74.76017082784149,59.416967346005855,104.73487650233598,0.20523232239755218,132.237708824566,11.127554450362851,113.48713445090688,150.19395107864557,2.5761875078212086,0.9148399873347286,875.0,17060.0,150.1792410889263,14213166.0,255.0
1536,61.44,1316.3054272757552,627.0501701741703,1316.3055366055078,627.0503752109439,1343,481,55702.0,133.15591342561362,60.50087304804171,73.84576359264867,74.7405574758977,59.39193134044933,104.72180523570192,0.2053587323107402,132.1805338137563,11.12767479355563,113.13587999072513,149.79111357455463,2.5404098519310003,0.8916885894463598,886.0,17149.0,150.16445887793668,14203977.0,255.0
1537,61.48,1316.4144063967115,626.9869677560127,1316.4145023781746,626.9870770887553,1324,481,55715.0,133.17145080207658,60.507310670887385,73.85940862028184,74.75343580512505,59.39924849432097,104.71283908110607,0.20539774721299708,132.19974865475234,11.130357985952639,113.24165230198973,149.7418248040364,2.59422438937655,0.9123758610889854,876.0,17046.0,150.1019395951094,14207300.0,255.0
1538,61.52,1316.4270979699052,627.0146161795158,1316.4271639058884,627.0146623355647,1306,482,55721.0,133.17862128752873,60.5406420609987,73.8310202229383,74.73538858840718,59.42062420454423,104.81653424008537,0.20491984685068654,132.20107171197984,11.127378993650353,112.97730722445473,149.5210279904006,2.595825039159667,0.910394403283074,877.0,16991.0,150.1554514646589,14208843.0,255.0
1539,61.56,1316.4495138685088,626.9680996274008,1316.4495175926259,626.9681682866468,1322,482,55762.0,133.2276092759325,60.55732996194831,73.85889579271401,74.75485947909726,59.44777274296904,104.74952057818182,0.20476376843980748,132.26915047498247,11.108617649311665,113.86342088111321,149.82017950941318,2.594434518071262,0.9194322197395666,873.0,16937.0,150.1393284843509,14219301.0,255.0
1540,61.6,1316.4594894270356,626.8798468770749,1316.4594837019895,626.8798772940099,1323,482,55743.0,133.20490976515484,60.566419048289866,73.8067071097084,74.67746185005484,59.48947656808669,104.5895263023319,0.20338111266374004,132.24859230335323,11.026679123060099,113.86404194152482,149.59442853023623,2.592954704691147,0.9066140641723949,879.0,16997.0,150.08667141860843,14214462.0,255.0
1541,61.64,1316.4744454604363,626.9873168630129,1316.4745884293964,626.9874825149743,1325,480,55762.0,133.2276092759325,60.513246586055125,73.90117580235781,74.77071620268238,59.43548431613592,104.51461779042144,0.20509676335019933,132.26214942462008,11.131461900162309,113.18179939324087,150.05638416285748,2.5938993706781357,0.9173294594906715,874.0,17079.0,150.05122967061826,14219274.0,255.0
1542,61.68,1316.4037876497248,627.0297982724187,1316.4038012850426,627.0299364657741,1342,481,55718.0,133.17503609306232,60.45374071722057,73.91659907225419,74.78020857298935,59.382142020084714,104.43741227708304,0.2059109869675655,132.19577719827993,11.176571713474333,113.94882880098548,150.1194386263274,2.5993784084205402,0.9187067253586524,873.0,17100.0,150.10673909240134,14208072.0,255.0
1543,61.72,1316.2760792045742,626.9886758865448,1316.2760769244583,626.9887234921262,1342,481,55691.0,133.14276499855893,60.428026625749105,73.91502750034641,74.78408952690208,59.3491166395213,104.46792603449663,0.20639380628988413,132.16247609920487,11.202619379381284,113.77627761058133,150.12192992081424,2.585490570767205,0.9119828426798293,876.0,17004.0,150.0875721552747,14201200.0,255.0
1544,61.76,1316.4607577219792,626.9814363234341,1316.4607480992684,626.9814768325922,1306,482,55768.0,133.23477673902426,60.52456006333389,73.89641373478617,74.77712004449317,59.433026606208294,104.6051225821812,0.2051977052493461,132.26767734682605,11.111522109695896,113.1959324508014,149.90413497651812,2.536889150972273,0.9049604292634069,880.0,17189.0,150.111780510215,14220836.0,255.0
1545,61.8,1316.4673464579198,626.9232541897377,1316.4673474148915,626.9232812303717,1322,482,55723.0,133.181011363555,60.527878802317545,73.83259527357635,74.71349595538543,59.43710759504011,104.63672814054118,0.20446625024035137,132.2196768651042,11.089439246955926,112.94491209356552,150.1633006191766,2.573620242114829,0.9104270801698234,877.0,17076.0,150.08027538550814,14209362.0,255.0
1546,61.84,1316.4384940612972,626.9390211584255,1316.438543274581,626.9390637900707,1306,482,55714.0,133.17025568363124,60.481526142231175,73.86748919257292,74.72711873447794,59.41614839209545,104.44115885768568,0.2048917528425761,132.20370308883145,11.10493598694095,113.22169087132147,149.79346971875614,2.5609780714643784,0.9082076841760978,878.0,16995.0,150.10145269611618,14207059.0,255.0
1547,61.88,1316.409130883641,626.9499519722906,1316.4091211060238,626.9500134661998,1326,481,55695.0,133.14754639499077,60.48431563211512,73.85904493973362,74.74905426564472,59.380887862060604,104.67320134046807,0.2055968005824984,132.1779548119587,11.15420808444468,113.00065609925085,150.04216626671314,2.6029407002879608,0.924671702162418,870.0,16921.0,150.06569099220357,14202218.0,255.0
1548,61.92,1316.4200017296391,626.8760029446051,1316.4200268937695,626.8760197220977,1325,481,55775.0,133.2431382919996,60.53367031939384,73.8884672726504,74.75091819124269,59.46537705089186,104.47584669899777,0.2044863328801435,132.27802096196518,11.092527607841976,113.24545565399498,150.1341113121496,2.594131824329097,0.9324192864547478,867.0,17136.0,150.03518041123738,14222620.0,255.0
1549,61.96,1316.42619171967,626.9719676345755,1316.426197440913,626.9720043788022,1325,481,55723.0,133.181011363555,60.529347616364745,73.82628611876993,74.6981227497604,59.4500874903892,104.5724333887496,0.20412876117988,132.21533822980868,11.054339490215705,112.98179854642633,150.05747187824718,2.5710404813832946,0.906288780616012,879.0,17217.0,149.99932597520842,14209361.0,255.0
1550,62.0,1316.43520384575,626.8809513692754,1316.4352677370168,626.8810117499327,1321,482,55745.0,133.2072993694993,60.521449383494456,73.8748507148378,74.75203918905177,59.434603058293604,104.587202088534,0.2049099435537749,132.2373193069679,11.111729637575984,112.98053084606688,149.9684434723334,2.6587149426946857,0.9384006476892737,864.0,16995.0,150.0779432143285,14214964.0,255.0
1551,62.04,1316.4249788338116,626.9901674554208,1316.4249860869254,626.9902339191785,1325,481,55703.0,133.15710867278432,60.4782446373435,73.86379074066416,74.73017729321444,59.40436228695439,104.492315062225,0.2050820105260428,132.18625698518088,11.115075790151021,112.98147383868412,149.93677480397469,2.587985687207731,0.9226821939911618,871.0,17019.0,150.083158839555,14204258.0,255.0
1552,62.08,1316.3752015023736,626.906272851601,1316.3752355992747,626.9062988027069,1306,482,55709.0,133.16427993051587,60.49591798959969,73.85171768160302,74.7317382267549,59.40538359050759,104.60748152125583,0.20508494784027764,132.19564527831014,11.104410422493517,113.9960730922778,149.82354020732686,2.538480381570561,0.9122776064866964,876.0,17122.0,150.0514120220467,14205788.0,255.0
1553,62.12,1316.3811584825453,627.0380445131225,1316.3811658388768,627.0380484481182,1325,481,55771.0,133.23836032598192,60.549030163451164,73.88545323356358,74.78822319909392,59.430353557640395,104.78380402985925,0.20535144417817364,132.25555014267977,11.13664895115312,114.01759128507923,150.8219199836213,2.5963465336409546,0.9050091109677497,880.0,17229.0,150.14373074134653,14221604.0,255.0
1554,62.16,1316.367100093671,626.9525993495819,1316.3671004050616,626.9526651611284,1324,481,55794.0,133.2658312912144,60.578468050344156,73.8772492396249,74.77846461425327,59.46242491250333,104.7892246548514,0.20481885768527264,132.29502781241717,11.110329970407332,113.29168085394646,150.22378957290826,2.5815794074201768,0.9074435372411711,879.0,17230.0,150.116812563837,14227463.0,255.0
1555,62.2,1316.382585987795,626.9149521471213,1316.382578134806,626.9150244759633,1325,481,55769.0,133.23597127871972,60.53374996314017,73.89077530678976,74.77431983167673,59.438898490370605,104.63279386556584,0.20508941272655434,132.26314652784686,11.121909532770292,113.27943096383598,149.86691005102603,2.566444720846256,0.9259002811364734,870.0,17330.0,150.03462237576696,14221088.0,255.0
1556,62.24,1316.3767145219467,626.9532800747392,1316.3767149082692,626.9533186277147,1342,481,55761.0,133.22641466126134,60.51841653609902,73.9014274363802,74.78967982286238,59.417198765720045,104.65617056413579,0.20554281143537056,132.24989482251556,11.144839461302295,113.28204375211267,150.16025030008467,2.5833987107853313,0.9215256920546484,872.0,17302.0,150.06788462907264,14219051.0,255.0
1557,62.28,1316.3956312561193,626.8684106525548,1316.3956266704936,626.8684413511041,1325,480,55747.0,133.20968893097748,60.52571969866401,73.86964939378144,74.75577980612657,59.42778165285457,104.6579540188199,0.20504097734013338,132.2442961988372,11.108562649480712,113.27038219570265,150.13490467662527,2.5420559812444252,0.9191848921097096,873.0,17153.0,150.08221125836354,14215482.0,255.0
1558,62.32,1316.4724354918258,626.8828039958169,1316.4724324712129,626.8828245507049,1325,480,55754.0,133.21805205861205,60.52960109231622,73.87815309901417,74.7698032298052,59.42466355556854,104.69668934509416,0.2052317782229991,132.2504560654765,11.13116303719471,113.90363668500625,150.12340826888376,2.5577482673405227,0.9088597340624287,878.0,17116.0,150.0536286568823,14217268.0,255.0
1559,62.36,1316.4516968390953,626.8714571872526,1316.451732806608,626.8715927455557,1325,480,55690.0,133.14156962262126,60.4832590539312,73.85669398206932,74.75212244806801,59.37302469350059,104.71376637133167,0.20573459656950377,132.17336844549823,11.168336403570537,112.96490729928884,149.76415389198564,2.57338387993741,0.8996009629650998,882.0,16957.0,150.16613782618126,14200934.0,255.0
1560,62.4,1316.4372303744992,626.894759799157,1316.437319509964,626.8949615253538,1324,481,55751.0,133.21446792534402,60.54403736437679,73.84641255657364,74.70971289506168,59.47547315484076,104.5055937834755,0.20391243855560182,132.2279616490231,11.0555812007055,113.38744045181845,150.1462068400971,2.614282070044663,0.8965158986828922,884.0,16963.0,150.22389310084654,14216478.0,255.0
1561,62.44,1316.3682287972879,626.8941328152415,1316.368298284648,626.8942797674586,1324,481,55732.0,133.19176617492172,60.55215312744052,73.81774385949129,74.70475340314317,59.45437221811392,104.69965945952215,0.20414204572406236,132.21077947497776,11.05229007561873,113.70459660031786,150.00261286132073,2.5711894723622666,0.9064351582163843,879.0,17029.0,150.11478725746593,14211637.0,255.0
1562,62.48,1316.3696513714603,626.7975057001261,1316.3697317663946,626.7976316497712,1325,481,55735.0,133.19535091906764,60.5136569598476,73.87085154734304,74.74732391821972,59.42762786826044,104.58022757826741,0.2049531039628978,132.2185909663487,11.117581820369585,113.27810020540691,149.91074995686876,2.61862178715741,0.912703376429949,876.0,16989.0,150.20256825427893,14212405.0,255.0
1563,62.52,1316.4513341461693,626.8238052986061,1316.4514069477573,626.8238669990494,1325,481,55759.0,133.22402539978285,60.52431066145116,73.8836530033918,74.75258669117498,59.44776820998266,104.52271131811386,0.20473965060795885,132.26175778191455,11.095309130024944,113.49367521072857,149.90915558962726,2.6397449632045813,0.9193827542135953,873.0,17087.0,150.09983337414374,14218532.0,255.0
1564,62.56,1316.434514370352,626.8721956588624,1316.4345150525673,626.8722236176397,1326,480,55738.0,133.19893556673838,60.54108929047826,73.83969335579602,74.72725532655868,59.442082052321766,104.68889350911309,0.20454616200528963,132.2213131192234,11.080073386771641,113.97831024025209,150.0544089415119,2.5645576145970495,0.9065327432832991,879.0,17051.0,150.09289197351802,14213187.0,255.0
1565,62.6,1316.4060735524865,626.7714231103349,1316.4061266240758,626.7714629244132,1324,481,55724.0,133.18220638548362,60.50639176168648,73.85908396673821,74.73185943672965,59.42505291165712,104.55466257567096,0.20482303853327455,132.2154584411667,11.106656682512877,113.01892850503792,149.87426674793295,2.5741141282237807,0.92942146270168,868.0,17063.0,150.0982919298579,14209608.0,255.0
1566,62.64,1316.3839405904137,626.8635359677053,1316.383968438985,626.8635882722137,1324,481,55765.0,133.23119305567704,60.521693868344734,73.89307348522935,74.76511856410355,59.44105301794947,104.54069540912295,0.2049627666010485,132.26450899797732,11.114872854149164,113.28244457888657,149.9685763009357,2.5851876187933005,0.9301053023393724,868.0,17068.0,150.12533307293415,14220062.0,255.0
1567,62.68,1316.3673592028858,626.8531214601335,1316.3673846706156,626.8531502423264,1325,480,55710.0,133.16547510259173,60.48851493437588,73.8621659632184,74.73259913534551,59.40975194545074,104.52790791871085,0.20503565200701923,132.18450232869404,11.108094730613677,113.2998514889021,149.96410060710878,2.5758098113961347,0.893833198539308,885.0,17074.0,150.14208020228332,14206044.0,255.0
1568,62.72,1316.332426695667,626.8608931738002,1316.3324241391067,626.8608932833276,1325,480,55727.0,133.18579138693477,60.48039741897444,73.89421556571124,74.76229711382962,59.40397710837511,104.49246360961519,0.20542867994104885,132.2222193292244,11.139445327929353,114.04534293365695,150.24260886732898,2.5670319510205712,0.9209637962219005,872.0,17093.0,150.09705692720547,14210381.0,255.0
1569,62.76,1316.447169678406,626.8727944861239,1316.4471853711007,626.8728217999283,1324,481,55780.0,133.24911050859532,60.506000479845625,73.93947924016854,74.81801375804912,59.4162225463279,104.56161649798035,0.20585672404413768,132.2623441021044,11.170356124677198,113.93014547721204,149.95685202424949,2.5904410219037537,0.9176255738744963,874.0,17167.0,150.09408413021214,14223896.0,255.0
1570,62.8,1316.4360284527165,626.883782711408,1316.4360547512692,626.8838060384264,1325,481,55743.0,133.20490976515484,60.474904562806955,73.92155680118533,74.7887318291949,59.39912653543189,104.47116175628723,0.20577438495561506,132.22643357275194,11.157428053363576,113.38995114658849,150.0095533000118,2.5858503977483482,0.9254686182536971,870.0,17121.0,150.09181125416316,14214460.0,255.0
1571,62.84,1316.4299090453546,626.8816671679531,1316.429903859951,626.8817082795235,1342,481,55752.0,133.21566264714784,60.483439150482795,73.93797085903115,74.8248046963917,59.38281357739741,104.6140269887151,0.20637529468538596,132.24226562653706,11.19351670878712,113.39628001108707,149.97083524878866,2.6096581900076843,0.912981764469768,876.0,17172.0,150.16964156064515,14216756.0,255.0
1572,62.88,1316.3388599283526,626.9149237678994,1316.3389143840527,626.9149397676754,1342,481,55784.0,133.25388808915326,60.52812838265538,73.90770519339942,74.77507932905928,59.45326503897447,104.50193539646682,0.2049053565380894,132.28011122301862,11.109430936524236,113.29022481958941,150.031802417252,2.567059716141087,0.9135057890153094,876.0,17165.0,150.11206816394107,14224913.0,255.0
1573,62.92,1316.344595737739,626.9636456136625,1316.3446000466208,626.9636895049221,1323,482,55769.0,133.23597127871972,60.514866859502845,73.9038137548904,74.76864764085714,59.443015809245665,104.47878222083921,0.20497404079349457,132.2684518443876,11.117033538140499,113.31317356642592,149.75073813902765,2.573505737367784,0.9091042527698029,878.0,17153.0,150.07097302623578,14221090.0,255.0
1574,62.96,1316.3282959419241,626.9360837015699,1316.328302292649,626.9360962231344,1325,481,55787.0,133.2574711621646,60.51544083813726,73.92878552890014,74.7913320415055,59.446114768498354,104.4507214092487,0.20517373944471673,132.2780503483343,11.132276730988933,113.33173786929277,150.0725043785591,2.586352552873389,0.9032148194295452,881.0,17117.0,150.13053357083382,14225683.0,255.0
1575,63.0,1316.337637343928,626.9073264071808,1316.337632981109,626.9073572415277,1325,481,55741.0,133.20252011794176,60.47920791014947,73.90806850311812,74.75788247318528,59.425551637541446,104.34779909297168,0.20509316647837572,132.22185640532268,11.126632197270537,113.32486151874127,149.66719356245912,2.607117847858353,0.8923129091294665,886.0,17104.0,150.05457732948065,14213952.0,255.0
1576,63.04,1316.3030266246108,626.8875883249342,1316.3030183609494,626.8877026421853,1323,482,55825.0,133.30284841746675,60.554454723075644,73.9258923261916,74.78647759744455,59.488337609985514,104.45416058264244,0.20455756814493653,132.3353759157383,11.109519173096974,113.36101863957329,150.01757291103314,2.579499086482213,0.9120936013940454,877.0,17129.0,150.1565490791194,14235363.0,255.0
1577,63.08,1316.3860915320424,626.9185969181121,1316.3860853665096,626.9186490507861,1323,482,55783.0,133.2526937100725,60.5329712837062,73.91059758415581,74.78949082042547,59.44366333346653,104.58895833461393,0.20518694964517525,132.27942872111498,11.132878240361363,113.93228225405187,149.96591033851703,2.6138220041008755,0.905203837785121,880.0,17103.0,150.22057666239797,14224658.0,255.0
1578,63.12,1316.354393982981,626.8652615821261,1316.3544069894692,626.8653056098742,1323,482,55741.0,133.20252011794176,60.53733982147959,73.83840807267606,74.70561805703734,59.46386003350598,104.53572382396773,0.20402425439937277,132.23625042105903,11.05972992225418,114.02296539741644,149.35517899758847,2.5875884553067627,0.9065815358167566,879.0,16928.0,150.22160875722824,14213949.0,255.0
1579,63.16,1316.2849998705867,626.8731662008729,1316.285076313288,626.8731997776064,1325,480,55757.0,133.22163609545416,60.50374844969433,73.90250677019968,74.76321307469506,59.436908181121304,104.44341266218439,0.20499794301592444,132.25060819980524,11.128727969675538,113.38020347886876,150.268515042066,2.609980279391785,0.8945872850647315,885.0,16996.0,150.225846476482,14218024.0,255.0
1580,63.2,1316.3317065920583,626.921555656096,1316.331711520853,626.9215784843534,1325,480,55699.0,133.1523276197264,60.45113392952357,73.89242804571057,74.75434283822536,59.381973213095364,104.4341930032535,0.2056384825480586,132.1835346261895,11.159355536709777,113.29626181079388,149.41511326035774,2.56916043777804,0.9079631654687236,878.0,16873.0,150.2006774778903,14203242.0,255.0
1581,63.24,1316.3747040867347,626.8183480169728,1316.3749126672758,626.8184554200031,1325,481,55821.0,133.2980725917122,60.55246521745947,73.93434106477498,74.80990874295182,59.467347229091466,104.56206928036526,0.2050872908638035,132.33388046194162,11.125776810750153,113.29550067968745,150.0621889638389,2.619137492315451,0.9099519176220331,878.0,16998.0,150.28016218501415,14234323.0,255.0
1582,63.28,1316.2416357214665,626.9677610442693,1316.2417485829087,626.9678374112076,1326,480,55748.0,133.2108836956424,60.508832163271954,73.8887275821456,74.76071583456658,59.428092695077495,104.53658750703906,0.20508930349754428,132.24357897343774,11.117426743364149,113.41541717405183,150.73321167495914,2.599312784957385,0.8765246172711129,894.0,17165.0,150.21476611029624,14215721.0,255.0
1583,63.32,1316.3272869849927,626.9180070889158,1316.3273835125449,626.9181003584229,1326,480,55800.0,133.27299669871434,60.536539210986156,73.92623375067744,74.80002753302873,59.45348179258479,104.54547032753216,0.20516764828285006,132.30097801539668,11.126451228687294,113.30117831918201,150.77774647179317,2.5931595350240566,0.885246156143469,890.0,17232.0,150.16632393287378,14228974.0,255.0
1584,63.36,1316.303119203394,627.0000753892816,1316.3032656062264,627.0003048616466,1326,480,55763.0,133.22880387989198,60.459132776268596,73.96999356384359,74.84321564516357,59.374740048147416,104.48821298618303,0.20667839380864095,132.25781944338286,11.19551268930671,113.35144106192791,150.12393931258535,2.5562793922761955,0.8987410680008446,883.0,17075.0,150.1710656012391,14219528.0,255.0
1585,63.4,1316.3350846362723,626.8776758607553,1316.3351736005307,626.8778433024431,1325,481,55789.0,133.25985982398262,60.47536853908628,73.9950798720518,74.87895648736622,59.377469806086786,104.56331334377515,0.20702060242913356,132.27599442616662,11.231768741063629,113.32991921310581,150.22662968724833,2.5638389024203283,0.8890629441153365,888.0,17108.0,150.28715916922744,14226170.0,255.0
1586,63.44,1316.3161636638881,626.9128395378646,1316.316194404591,626.913055954089,1325,481,55760.0,133.22522003587824,60.52390975266609,73.9000980501636,74.7990608394603,59.40933126292015,104.73812811157752,0.20574763110423022,132.25107392296357,11.161702307075435,113.34579044139957,149.66463186829574,2.570866502977902,0.8689203246222333,898.0,17053.0,150.1731863504493,14218775.0,255.0
1587,63.48,1316.3966313643746,626.9192362381377,1316.3967211938584,626.9194109628354,1325,481,55752.0,133.21566264714784,60.484303925109444,73.92775815281475,74.80638567597853,59.39418413365767,104.55807492359813,0.20602788656410065,132.23937407841169,11.169504227289853,113.26507415144002,150.56893861355363,2.5692904240309575,0.8924889992964966,886.0,17044.0,150.17144094792965,14216735.0,255.0
1588,63.52,1316.3204833120487,626.8500466412003,1316.3205749354006,626.8501650875683,1324,482,55728.0,133.18698636597455,60.49645340394432,73.89034255770052,74.77983497308989,59.39343296314313,104.66066356335025,0.2057560305593571,132.21798334097824,11.16061637317772,113.3184655317527,150.55765488187197,2.5955146106859557,0.9022595847987827,881.0,16950.0,150.20559489435806,14210612.0,255.0
1589,63.56,1316.3847003588032,626.8733747171605,1316.3848402776532,626.8734776603949,1325,480,55753.0,133.21685735823706,60.47117941501537,73.95440680277676,74.84850483311303,59.360922749238206,104.65491619247707,0.20691905761386842,132.23530613345434,11.22116586085032,113.28085086893131,149.84771748036442,2.5611367767263835,0.9006186476601403,882.0,17110.0,150.149225995111,14216987.0,255.0
1590,63.6,1316.3865775281245,626.9091905613002,1316.3867543969736,626.9092995320652,1323,482,55777.0,133.24552721075966,60.50112115971232,73.94859865538608,74.84346782319223,59.39053989379409,104.67625438816412,0.20646996162582454,132.25593842799114,11.192775931679995,113.2759417482983,150.69842910585388,2.566406065998016,0.8868731233981022,889.0,17169.0,150.15669474007447,14223103.0,255.0
1591,63.64,1316.440123539027,626.9547218409419,1316.440325010762,626.9548715741139,1324,482,55752.0,133.21566264714784,60.50466488082176,73.91009417896997,74.80555029905369,59.393990759507844,104.69937791420959,0.20602160505382727,132.234882890556,11.165522847917913,113.21874218037753,149.97444734858254,2.5464122216013516,0.8965319793971159,884.0,17035.0,150.19847958420564,14216722.0,255.0
1592,63.68,1316.417097174335,626.9539120204583,1316.417297006632,626.9540060942821,1324,481,55790.0,133.26105413883562,60.537560786348536,73.9203872341422,74.81709096429783,59.4257756739141,104.7184101234872,0.20571924264909403,132.28826616148888,11.14648727034377,112.95941408294209,149.82677558878044,2.5563587764934126,0.8890788802845475,888.0,17107.0,150.16138782816498,14226421.0,255.0
1593,63.72,1316.4080632064665,626.9573623264957,1316.4081438714768,626.9574876282005,1325,481,55772.0,133.23955483354922,60.518724880218905,73.91548573870958,74.80757262542556,59.41247487698764,104.67832145703129,0.20579598038187707,132.2675810719349,11.152012800104698,113.21528039680132,149.93201013500467,2.5188011979639326,0.8907971995643444,887.0,17049.0,150.2123975104613,14221836.0,255.0
1594,63.76,1316.3529993224452,626.934785956993,1316.3531205164993,626.9348816355811,1324,481,55760.0,133.22522003587824,60.51415411181725,73.90282202088189,74.78589783882191,59.41935236065945,104.61530330267858,0.20547383828005028,132.241582111034,11.131027107088954,113.78866095215858,149.85771448646457,2.5629436724723993,0.896660625110905,884.0,17064.0,150.14624160645604,14218778.0,255.0
1595,63.8,1316.4088733054866,626.8763389300934,1316.4089319970597,626.8764903096258,1324,481,55777.0,133.24552721075966,60.52165371479265,73.91871970638047,74.80798340551253,59.41896423032194,104.65731306440478,0.20571359465434524,132.2614621621657,11.15223473691528,113.91471154769381,150.45180980456846,2.5460340875585015,0.8908770601753647,887.0,17165.0,150.19073194880133,14223110.0,255.0
1596,63.84,1316.3721723738008,626.9613546420665,1316.372262642916,626.961614279058,1324,481,55802.0,133.27538508227198,60.572469757921816,73.89770248448139,74.80583674902056,59.44729862103211,104.82790715301277,0.20531202905352886,132.3019620627989,11.132892419787915,113.94101174706213,150.7015330351251,2.544947163002391,0.8993696371533656,883.0,17136.0,150.2509395701485,14229471.0,255.0
1597,63.88,1316.3673302895832,626.9300715927477,1316.3674549630373,626.930183736453,1325,480,55732.0,133.19176617492172,60.50263925317412,73.88274245861533,74.77648833458449,59.394492860479545,104.69818930363435,0.20570630978655746,132.2069586856019,11.137205883163316,113.29335268116661,149.7029699344928,2.541076817617484,0.8704214930226549,897.0,17193.0,150.1232995655414,14211635.0,255.0
1598,63.92,1316.3056742950955,626.8896785302954,1316.305753523023,626.889740597792,1325,481,55705.0,133.1594991349399,60.50996959091191,73.84022462759783,74.73369941498152,59.4029407074968,104.71860741504287,0.2051384961201509,132.18782621362504,11.105463820317338,114.06732511237098,150.01869050510672,2.5771196350027608,0.8837390166303215,890.0,17078.0,150.0715418185227,14204760.0,255.0
1599,63.96,1316.3800575936052,626.9010731691399,1316.380169290915,626.9011692550482,1325,481,55762.0,133.2276092759325,60.5296679177842,73.87752834252537,74.74193767384808,59.458999697240806,104.49374839758133,0.2044760739719853,132.2573242147225,11.087458462165309,113.99207798081733,150.00534405003893,2.6057786262357796,0.88464330033821,890.0,17072.0,150.0919752493978,14219287.0,255.0
1600,64.0,1316.359947830508,626.896023124292,1316.360040895394,626.8961292868418,1326,481,55752.0,133.21566264714784,60.54369495032144,73.85570512847835,74.7380081273345,59.45110864753327,104.64373519262602,0.2045398300387703,132.25082349007218,11.089171644837093,113.02486854525299,150.0070857060071,2.590800800751734,0.9067604417727673,879.0,17193.0,150.01549199851348,14216738.0,255.0
1601,64.04,1316.3941510771333,626.9224742424626,1316.3941795621222,626.9225734727179,1326,480,55769.0,133.23597127871972,60.53846230248876,73.88846436911821,74.78281763069369,59.430133535023415,104.71589784809255,0.20529694630506878,132.2654579490016,11.115467664622239,113.26727150733637,150.0210228191424,2.539581285185505,0.896805351538918,884.0,17203.0,150.09527263711902,14221080.0,255.0
1602,64.08,1316.3314157925784,626.8970453811415,1316.3314983503085,626.8971632477407,1325,480,55768.0,133.23477673902426,60.55649398591832,73.87347891728389,74.77745950929267,59.43661666468782,104.80143068138842,0.20515330348577077,132.25238009602216,11.130879976468671,113.05289199390666,150.33568495791076,2.594942536896054,0.894763773400469,885.0,17135.0,150.12582742773102,14220819.0,255.0
1603,64.12,1316.4125883951656,626.9207312815124,1316.4126516837796,626.9207833704315,1326,480,55708.0,133.16308474771307,60.4691719779959,73.88954191391088,74.77546267684353,59.37015534269736,104.62264168258598,0.20602088950921182,132.18071781004085,11.161441916831691,113.40879089262262,150.56511075444183,2.51575784650737,0.8897749837432852,887.0,17093.0,150.10251631055058,14205528.0,255.0
1604,64.16,1316.3380055252076,626.8414510806781,1316.3381026661646,626.8415900166747,1325,481,55773.0,133.24074933040777,60.50341011679387,73.933982786054,74.81320676700015,59.412797776300415,104.56806466703273,0.2058514753773769,132.27159169893304,11.164310363770808,113.05505228633399,150.2627532215745,2.575704409038763,0.8749591938761638,895.0,17106.0,150.17726029303628,14222090.0,255.0
1605,64.2,1316.261482254587,626.9888305961665,1316.2615986785406,626.9889040505602,1324,481,55696.0,133.1487417172705,60.45860110615418,73.87749792573315,74.7484718143517,59.37838924136324,104.51209346593093,0.20562403752095715,132.17384991839066,11.143034746251617,113.14449555811153,149.87283904942072,2.529163671355738,0.9079142617272489,878.0,16954.0,150.04877136276107,14202459.0,255.0
1606,64.24,1316.2606322528786,627.066077907891,1316.260863322265,627.0661581261779,1323,482,55715.0,133.17145080207658,60.50849276332994,73.85097142926325,74.73437826460216,59.41394098138222,104.63854569356315,0.20499852462780765,132.20818777052503,11.122148015907463,113.13887579571254,150.02757988994273,2.575446395156933,0.9102963726228257,877.0,16872.0,150.09565504521112,14207290.0,255.0
1607,64.28,1316.2747366980761,626.9867711753001,1316.2748881582493,626.9868484881151,1306,482,55659.0,133.10450764381952,60.4319639833181,73.8661206780768,74.73957928028629,59.34830531628565,104.52414996422984,0.20593203911786429,132.11981199916556,11.161954447173535,113.09494972004069,149.23183500558,2.5528514471431754,0.905247873235587,879.0,16915.0,150.06556911833334,14193022.0,255.0
1608,64.32,1316.284731941254,627.0257841634705,1316.284887586938,627.0258612943228,1323,482,55643.0,133.08537484233443,60.41737410327646,73.86201065723044,74.72888433499988,59.34180278614979,104.47032500204458,0.2059054097458728,132.10485107833398,11.161528618609896,113.11822855724608,150.07169117317585,2.587964591185047,0.9195755829880526,872.0,16901.0,149.989738571322,14188942.0,255.0
1609,64.36,1316.3097897397993,626.9870866437257,1316.3099459323525,626.9872105764222,1306,482,55671.0,133.11885544030872,60.43968825250438,73.86540534229017,74.72658645034906,59.371637167247236,104.43565098194111,0.2054817436803993,132.144834339251,11.132343033987425,113.34588401093788,149.91800182274173,2.579465236874616,0.895229441545,884.0,16894.0,150.11942552739478,14196077.0,255.0
1610,64.4,1316.2240122002702,626.9540235381883,1316.2241379310344,626.9541487068966,1325,481,55680.0,133.12961527291162,60.45022991035005,73.86259827183595,74.72191195079947,59.38475893777609,104.4273609304078,0.20525643164915397,132.16074465384986,11.11989876507231,113.18476125623906,149.5407011983064,2.558436393577122,0.9076534417727165,878.0,16814.0,150.03602393440346,14198374.0,255.0
1611,64.44,1316.2287300177056,627.1021494701031,1316.2288356225872,627.1023251638387,1323,482,55695.0,133.14754639499077,60.497566021607945,73.83473472416398,74.72379359528503,59.39594444956423,104.68296276501513,0.20512675291539217,132.17545975840636,11.111168624275646,113.16766450264956,149.29916250140502,2.501070199970399,0.9078979604800906,878.0,16890.0,150.15604092259767,14202198.0,255.0
1612,64.48,1316.265759682707,627.0491285678113,1316.2659266842682,627.0492663038598,1325,481,55677.0,133.12602875867256,60.42935687455382,73.88127710548481,74.74101246729467,59.36270996487038,104.41327214415992,0.2057545381680982,132.15991405439968,11.121883330187854,113.13518095259603,150.0451908312918,2.5288162677892685,0.9055406284363315,879.0,16865.0,150.06199181601616,14197605.0,255.0
1613,64.52,1316.2886853331697,627.1136697795494,1316.288791169344,627.1137754644171,1323,482,55715.0,133.17145080207658,60.52734498512404,73.82817106588776,74.71738089483388,59.426183842633876,104.70022986112333,0.204653815070454,132.19979063407268,11.097416980049212,113.10696274669715,149.98613240116018,2.555455623539746,0.9020491093716655,881.0,16829.0,150.12788858230286,14207303.0,255.0
1614,64.56,1316.2774806327961,626.9633844859966,1316.2776201422312,626.9635263271316,1325,481,55684.0,133.1343971416035,60.499041012275896,73.81861660517372,74.69721887618688,59.41083750520354,104.61315783259398,0.2046445851795503,132.16454570709394,11.089715751343823,113.13069657125085,150.09755386864572,2.5761253552723966,0.9139536735216016,875.0,16839.0,150.09458976103184,14199391.0,255.0
1615,64.6,1316.2609463083845,627.0403568218891,1316.261085867203,627.0404640887947,1324,482,55679.0,133.128419778901,60.43968547077467,73.8781075281094,74.74706263044865,59.36166254293129,104.48848261554745,0.2058328387241538,132.15720596624743,11.139643349906537,113.14071026570267,150.17572255999713,2.53931857978245,0.9244060634653248,870.0,16854.0,150.0811825260521,14198120.0,255.0
1616,64.64,1316.347085405957,627.044708695646,1316.347213485973,627.0448394227485,1325,481,55643.0,133.08537484233443,60.41764500706543,73.86056543786296,74.73403429616963,59.33379368302314,104.520470920725,0.20606729929921364,132.1007025302473,11.15806540365924,113.0545131251513,150.1039837112331,2.5281934533510393,0.9216883349236166,871.0,16868.0,149.9985011213071,14188940.0,255.0
1617,64.68,1316.2233834041097,626.9339394134829,1316.2235268770871,626.9340730367338,1325,481,55698.0,133.15113232963802,60.4729034890965,73.865766010372,74.7392425763609,59.38997443855731,104.54227554737398,0.20537093511646543,132.1785025162354,11.125354005027557,113.18708326790583,150.0872753966679,2.562712877715571,0.9100186190854553,877.0,16851.0,150.12145955540154,14202962.0,255.0
1618,64.72,1316.3494263193136,626.8616110277936,1316.349508467279,626.8617070895523,1325,481,55744.0,133.20610457268552,60.51601793040586,73.87163210309032,74.741511529387,59.438311803331345,104.53155380412876,0.20474833078588084,132.23562146671966,11.100261843701318,113.06763989130015,149.96194923678107,2.567372445542205,0.8943787079406782,885.0,17070.0,150.1585856800201,14214702.0,255.0
1619,64.76,1316.2885976371667,627.0129157741586,1316.288640562501,627.0130042510448,1324,481,55751.0,133.21446792534402,60.48660798501995,73.92057735558299,74.79480590092899,59.40217599009792,104.5294762323874,0.20579811292270345,132.2335931826736,11.162499660947507,113.11545508062066,149.69438863982728,2.5439222472933762,0.9171485007005563,874.0,17057.0,150.2279561781801,14216492.0,255.0
1620,64.8,1316.3508065841716,626.9149587804686,1316.3508472750773,626.9150929848496,1325,480,55708.0,133.16308474771307,60.46885192141131,73.87275227909504,74.71990526775741,59.41886349266086,104.33861642613866,0.20477865597213418,132.18197246816234,11.113507341287004,113.06172999631721,150.0279615059747,2.5735720523756576,0.8837866105096841,890.0,17047.0,150.02893709786542,14205523.0,255.0
1621,64.84,1316.3068437541056,626.9981510290165,1316.3069013781223,626.9984029572208,1325,481,55728.0,133.18698636597455,60.475991191021215,73.9040964004938,74.78313583468534,59.3855501788184,104.56804519000744,0.20589649636924356,132.22397721402737,11.155408911649449,113.3089648306433,150.75761931310305,2.5368161525257014,0.9146758551471124,875.0,17020.0,150.09085210987791,14210607.0,255.0
1622,64.88,1316.3619689250631,626.9289439208421,1316.3620361389517,626.9290153392966,1325,480,55674.0,133.12244214780753,60.46502397363106,73.83958558094065,74.7038186864859,59.39396431080752,104.48111653665151,0.20494071983026985,132.15209589323294,11.104042681121902,113.26522120829318,149.6734775936581,2.5952057267500885,0.9137895413339854,875.0,16957.0,149.9972354161206,14196843.0,255.0
1623,64.92,1316.3988904281227,626.8578011677496,1316.3989049456961,626.8579481195584,1325,480,55705.0,133.1594991349399,60.48369267120117,73.86440583283795,74.74531762475544,59.39162416837007,104.6030634760267,0.2054134485515956,132.20541363666356,11.115512052828938,113.01868322576452,149.9583059126111,2.566131404800048,0.8897270673766731,887.0,17011.0,150.03620133595354,14204758.0,255.0
1624,64.96,1316.4306219691684,626.9980005140851,1316.4306323117778,626.9980621545969,1325,481,55732.0,133.19176617492172,60.52737887046758,73.84879425281466,74.73667883867029,59.42757644132167,104.68109827033966,0.20484054998477363,132.22185973527542,11.097429570254022,113.22456824972431,149.91779246717365,2.563932229252434,0.9043762488112931,880.0,17060.0,150.01780026700902,14211653.0,255.0
1625,65.0,1316.423453641356,626.8529227776395,1316.4234612417704,626.8529860251512,1325,480,55743.0,133.20490976515484,60.502141898671915,73.88107693323947,74.74449298360607,59.43217539149939,104.4726708832895,0.20486215078701742,132.24693310389765,11.096345938512904,113.24398074032855,149.7949181877519,2.541744023796939,0.9045547483938835,880.0,17073.0,150.01780719751827,14214458.0,255.0
1626,65.04,1316.3283147488141,626.8988534583636,1316.3283169808612,626.8989793905042,1325,481,55751.0,133.21446792534402,60.47419253535218,73.92574733654769,74.77872172455811,59.41621714070187,104.36187057999425,0.20543951848284991,132.24365891776068,11.14396227531871,113.33486781998054,149.85218308147478,2.5536792714674794,0.9150533591786295,875.0,17163.0,150.07454440455265,14216492.0,255.0
1627,65.08,1316.3507112967004,626.8487999762056,1316.3508391307466,626.848848884745,1326,480,55772.0,133.23955483354922,60.51861395751407,73.90840138664481,74.77899111192353,59.43952320763415,104.5216085989374,0.2051307148732513,132.27676106408308,11.130242064176343,113.3168061440072,149.96541220463388,2.5901940957955754,0.90708572532915,879.0,17198.0,150.06203292771596,14221843.0,255.0
1628,65.12,1316.4260967555472,626.8508441990411,1316.4261122169025,626.8508795524235,1325,480,55767.0,133.23358218861884,60.47617931340364,73.95036175466011,74.81779610087277,59.3996772263981,104.46093531766017,0.20607555525542698,132.2629524750744,11.166034162002337,113.24152451278816,150.10834383128176,2.556271938783424,0.8988055366318723,883.0,17229.0,150.0928106085022,14220580.0,255.0
1629,65.16,1316.3755667461157,626.8613107291984,1316.3755667461157,626.8613107291984,1325,480,55801.0,133.2741908958434,60.52112126377682,73.94617819502159,74.82731945129731,59.428239519677575,104.58461215661576,0.2057948894139192,132.31490304820838,11.152419326555119,113.04162149351399,150.2503413519617,2.5333317094322845,0.8872547314975259,889.0,17211.0,150.11644680505995,14229255.0,255.0
1630,65.2,1316.3296391109263,626.9511179493913,1316.3296468901237,626.9511202724502,1325,481,55790.0,133.26105413883562,60.51809812503633,73.93477125656122,74.81351694691402,59.42834579109001,104.5705593271131,0.2056469443448432,132.29346945430746,11.152838679045846,113.07976140376209,149.26445865868237,2.5414089800153694,0.88707982778529,889.0,17214.0,150.11406333498965,14226449.0,255.0
1631,65.24,1316.391179930176,626.9160795393345,1316.3911912450662,626.9160566917833,1325,481,55740.0,133.20132527825874,60.48901559423381,73.9016527492173,74.76871964399635,59.41391966048724,104.48528981718164,0.2053639550953852,132.23340556167284,11.145197816054763,113.02140895394898,150.01593589874597,2.5976396249091733,0.9169675419104413,874.0,17122.0,150.09808360537428,14213697.0,255.0
1632,65.28,1316.3561844334758,626.8273629265325,1316.3562411334783,626.8273923896062,1324,481,55687.0,133.13798343041236,60.460841527889954,73.86512594822332,74.73165975902165,59.386439691812974,104.48525362092961,0.2053376054632079,132.1573795721041,11.140595455527468,113.31318154252756,149.1873896462262,2.566558620738045,0.9119173396116366,876.0,17044.0,150.0175711591622,14200177.0,255.0
1633,65.32,1316.398479603159,626.8413170505014,1316.398489089865,626.8413544358311,1324,481,55728.0,133.18698636597455,60.504667330762544,73.86875546315714,74.74592326964972,59.4176300187881,104.58241505501539,0.20507196353122858,132.21186445855517,11.119917592230866,113.02049992858802,149.94284534129434,2.5637370287103534,0.9084359016363135,878.0,16981.0,150.1089201805977,14210632.0,255.0
1634,65.36,1316.3120001896186,626.8795948126943,1316.3121222447405,626.879638431049,1325,481,55757.0,133.22163609545416,60.51051773444551,73.89421954858204,74.75723033595784,59.44102078263153,104.46741937069774,0.20487930711846203,132.26018594259665,11.124033933295614,113.10339709684865,150.22039217937683,2.572203382322707,0.9172472054951646,874.0,17104.0,150.11411514273138,14218017.0,255.0
1635,65.4,1316.4075382090853,626.8383459045876,1316.4076259483113,626.8382983302545,1324,481,55757.0,133.22163609545416,60.520009854079134,73.89809214266725,74.78729978098065,59.417669144234424,104.66543461643425,0.20551123896379686,132.2458735079298,11.160633890718517,113.26108033972979,150.10260098386138,2.5889492003428787,0.9089086378039035,878.0,17157.0,150.16148888407812,14218019.0,255.0
1636,65.44,1316.4801045208517,626.9681305754145,1316.4801355373086,626.9680877765427,1325,481,55778.0,133.24672165407853,60.497285175165494,73.94123950763563,74.80748588443302,59.42279418826741,104.46517591012527,0.205657114582527,132.27445171677854,11.166634697780314,112.92840426157046,149.82698153797952,2.5495122940458628,0.8969500779669308,884.0,17109.0,150.16734237607528,14223382.0,255.0
1637,65.48,1316.4466885007662,626.9400198733488,1316.4467818009002,626.9400477035922,1324,481,55761.0,133.22641466126134,60.46825068189778,73.9572268078518,74.82729707276503,59.38818359253827,104.47422709838773,0.20632996358552358,132.26595993538734,11.200140079001823,112.96407472392515,150.02061123291017,2.5455186771089835,0.9152174913662456,875.0,17021.0,150.25926391120652,14219043.0,255.0
1638,65.52,1316.4558491356643,626.853146311352,1316.4558884167877,626.8531526201617,1325,481,55779.0,133.2479160866903,60.492530609972654,73.93888218225088,74.79582793073642,59.42969528876052,104.3940687784568,0.20544103952168946,132.27887266942008,11.134230689951782,113.21168569911981,149.7471303486058,2.4911918140854774,0.9051389288459972,880.0,17021.0,150.24376838320086,14223640.0,255.0
1639,65.56,1316.3481873653984,626.9974694903087,1316.3481873653984,626.9974694903087,1323,482,55720.0,133.17742623343048,60.496220924748265,73.86565561708318,74.73258198119244,59.42195735872248,104.50338337500918,0.20487214835321899,132.20956431062675,11.114967011415953,113.3067524656836,149.91856337425352,2.591646617862778,0.9145445493970196,875.0,16994.0,150.05179686447482,14208600.0,255.0
1640,65.6,1316.4282373618978,626.9988582689128,1316.4282818861766,626.9988879522178,1342,481,55753.0,133.21685735823706,60.44685004842011,73.95398528099443,74.80073371111096,59.39582355685621,104.29048945023841,0.2059459765963031,132.24055459596522,11.15675008183326,113.92941758921197,150.0341759898136,2.50072887970393,0.9342052878600438,866.0,16933.0,150.04705234048146,14217008.0,255.0
1641,65.64,1316.428259498564,626.8543304946695,1316.4283229635473,626.8543328970254,1325,480,55771.0,133.23836032598192,60.52080654787931,73.90062145493668,74.76728838185855,59.446803653818755,104.49658086156278,0.20490892554232498,132.2732719728176,11.110417586464498,113.23907265936992,150.63293225431173,2.5753317506842426,0.92593348597361,870.0,17006.0,150.11033671007073,14221597.0,255.0
1642,65.68,1316.4433238835522,626.8048358841743,1316.443394534892,626.8049021014128,1324,480,55772.0,133.23955483354922,60.489374445575855,73.94697793993701,74.81744292029093,59.40934440082322,104.49083956264703,0.20594259731494968,132.2707026196439,11.190018664911216,113.22829213022355,149.73008479266824,2.614678438385418,0.8988861224206571,883.0,16973.0,150.21911047849392,14221846.0,255.0
1643,65.72,1316.399349947703,626.8303689529914,1316.3996305860412,626.830517896851,1325,480,55764.0,133.22999847314006,60.49961164984234,73.92361408661671,74.79462592676187,59.419421588269756,104.50972973935012,0.20556562918768195,132.26148079629718,11.163262811379463,113.26991919496079,150.61978744860986,2.6176034220170363,0.9279492597461004,869.0,16929.0,150.14135229624804,14219779.0,255.0
1644,65.76,1316.398497996091,626.864096576712,1316.398766958797,626.864275857125,1325,480,55797.0,133.26941404312157,60.50236041358951,73.95120472599233,74.80192209920605,59.447361138286226,104.34566876998187,0.2052696044435307,132.31392448794358,11.142523072305641,113.26789300779228,149.05129364780615,2.5911723932912762,0.9095606876902345,878.0,16964.0,150.1665745081764,14228192.0,255.0
1645,65.8,1316.356132755077,626.8685368964834,1316.3563612227326,626.8686316016074,1323,481,55744.0,133.20610457268552,60.517194143166925,73.86306846266883,74.71970513186885,59.45628086829206,104.43598827567416,0.20427575612937954,132.25389749875384,11.075298780418208,113.30972487641546,149.6028682376281,2.568299920974898,0.906630328350214,879.0,16947.0,150.20822700457356,14214688.0,255.0
1646,65.84,1316.3682956604255,626.8611133389729,1316.3684541002135,626.8612332035665,1323,481,55741.0,133.20252011794176,60.499980778212056,73.88454430118038,74.7512546114501,59.42578139807061,104.49498563440237,0.20501961195219842,132.24286875261134,11.114618195114735,113.29823811696679,149.97135668256973,2.5678304463853783,0.9297050059660891,868.0,16851.0,150.20061629218887,14213928.0,255.0
1647,65.88,1316.3851051873353,626.8875814551609,1316.3851808028112,626.8877355277075,1323,481,55779.0,133.2479160866903,60.51049568559337,73.93129337942058,74.79834234679956,59.43537844618424,104.48133609382748,0.20539176963823003,132.27583473617705,11.165400627576732,113.2792408078862,150.67850194177066,2.633087511362894,0.9239410821433857,871.0,17026.0,150.22593834627077,14223623.0,255.0
1648,65.92,1316.367130841546,626.9166170992069,1316.367258623476,626.9167010827603,1324,481,55691.0,133.14276499855893,60.46235638872802,73.85618823020019,74.70371224576608,59.412022829340685,104.34594516119071,0.2046978517763295,132.16674729354023,11.104642758269952,113.29468899436793,149.87354803750318,2.565397270230234,0.9161614527544741,874.0,16901.0,150.05154135672842,14201185.0,255.0
1649,65.96,1316.3416970567187,626.9238486850674,1316.3418185082128,626.9239027017323,1325,480,55705.0,133.1594991349399,60.434925067251015,73.92612111666037,74.79964365981358,59.35035686164233,104.49935055699225,0.20654225130314952,132.17353932007256,11.200533394378668,113.07005311482,150.67601567131462,2.553452400966729,0.90188720519696,881.0,16933.0,150.1436904389377,14204758.0,255.0
1650,66.0,1316.4589422136553,626.965424100818,1316.4589972933732,626.9654770653713,1325,481,55789.0,133.25985982398262,60.505379905465055,73.94492084773069,74.80170159109767,59.44289491401126,104.39570334002134,0.20532696917838955,132.29123930010246,11.153235177198509,112.9497184558572,150.72781734941046,2.623694103520564,0.9032472002644862,881.0,16955.0,150.20714269249711,14226181.0,255.0
1651,66.04,1316.3568791418581,626.8636867278237,1316.3570967394812,626.8638222317874,1325,481,55758.0,133.22283075297491,60.516494125203316,73.8996059342271,74.7820186530605,59.42261778660655,104.61284372919495,0.2053889577080219,132.25750951830716,11.143444586686584,113.06003763864118,149.9774930373485,2.5883030046755953,0.9109989256879389,877.0,16995.0,150.15727502134763,14218256.0,255.0
1652,66.08,1316.4011656057953,626.8502063731393,1316.4014071867036,626.8503607710809,1325,481,55714.0,133.17025568363124,60.48599409750077,73.87442444303832,74.75130593041138,59.398891660123766,104.56956527334613,0.20537988038068145,132.20243118214697,11.132244803293222,113.01706460673537,150.77312345285785,2.5831861109739913,0.9165398211338057,874.0,17023.0,150.12907794668885,14207033.0,255.0
1653,66.12,1316.4377797653433,626.8053352623417,1316.437821927888,626.8053985175613,1325,481,55719.0,133.17623116860844,60.489534101170676,73.87869408510802,74.75287071582004,59.40583721522288,104.54900695659421,0.20530360043215368,132.20382764961946,11.146419016162579,112.9844269207742,150.31706585250382,2.63295691272793,0.9062237239047355,879.0,17039.0,150.1292096292488,14208336.0,255.0
1654,66.16,1316.405933667348,626.9322943890297,1316.4060302769408,626.9324149806284,1325,480,55752.0,133.21566264714784,60.5273147112038,73.87586283700222,74.7554701196665,59.43751864982524,104.60736567167802,0.20490743279817114,132.24334338344775,11.107812999783004,113.25470150302415,150.18638125407807,2.6075026385768076,0.9026481548180759,881.0,17043.0,150.18996967571292,14216739.0,255.0
1655,66.2,1316.3764813213238,626.8573867431674,1316.3765979954458,626.8574220500959,1325,480,55773.0,133.24074933040777,60.522856991764456,73.89557493267502,74.76065913882583,59.450955065536654,104.4878134266566,0.20478289316390352,132.2667046291202,11.096095579303693,113.2903997723047,149.79285733899192,2.5182049467426326,0.8928251714335539,886.0,17032.0,150.1064404971408,14222100.0,255.0
1656,66.24,1316.3195700649985,626.9487434624364,1316.3196414164051,626.9487763334828,1325,481,55775.0,133.2431382919996,60.55785726002325,73.86342253197759,74.74529707998704,59.465955205371806,104.64332217280503,0.20441877243814255,132.27434526398565,11.07983307890936,113.33936433226035,149.88176942699067,2.5319518304014945,0.9217570609269565,872.0,16971.0,150.13359828362053,14222615.0,255.0
1657,66.28,1316.4099854179979,626.9051858225712,1316.41006690943,626.9052684449387,1326,481,55747.0,133.20968893097748,60.5255886764035,73.84473822695381,74.68247700479344,59.48882144454548,104.30340229648358,0.20344338015559882,132.2419354468758,11.031915845867411,113.99996929262029,149.8112269524783,2.5529130524825097,0.9025672027307232,881.0,17045.0,150.0848781100096,14215469.0,255.0
1658,66.32,1316.3212743559975,626.847492938176,1316.3213132979486,626.8475469803471,1325,480,55768.0,133.23477673902426,60.47436384245715,73.93266284900088,74.7617120696467,59.44639372164778,104.1757993089398,0.2048551046253655,132.27818591989924,11.100852017195455,113.34624592786847,149.97372724396507,2.5412648374533484,0.9049604292634069,880.0,17089.0,150.08203366195397,14220830.0,255.0
1659,66.36,1316.3319113333582,626.8812277017015,1316.3319466360638,626.8814194520155,1325,480,55768.0,133.23477673902426,60.50049777012913,73.92122410493185,74.77549610992538,59.44142314177456,104.38504487783439,0.20506815422004865,132.27345334196167,11.137163641252885,113.33277930677376,150.22254319724942,2.63716929261623,0.9070206686178733,879.0,17033.0,150.15636555531924,14220816.0,255.0
1660,66.4,1316.3602326346916,626.9542822680812,1316.360259931427,626.9543324896333,1325,480,55707.0,133.16188955418298,60.46232770271729,73.87626639164368,74.72440900314669,59.410929182519325,104.34179831705329,0.20493276594509435,132.19634552311027,11.100284426532468,113.04901144202589,150.28495702622197,2.5578606776668096,0.9206332692614606,872.0,17086.0,150.03642810479343,14205276.0,255.0
1661,66.44,1316.2820397090293,626.9127440878785,1316.282038843673,626.9127544512119,1325,481,55659.0,133.10450764381952,60.43066813517906,73.8492049855832,74.69151651265874,59.386430178164936,104.2955400256083,0.20491063843776547,132.14895602621922,11.10362458366517,113.13043380190956,149.59219693990704,2.5418952880410552,0.9198400045564046,872.0,17013.0,150.06657644692316,14193044.0,255.0
1662,66.48,1316.3117068337574,626.9989442759079,1316.3117312216057,626.999048286017,1342,481,55689.0,133.14037423595113,60.483791447721266,73.83284745898514,74.69036698675845,59.421607780137975,104.44157110289203,0.20442742247239742,132.18294576371494,11.085793142347509,113.34297893403267,149.49174537352346,2.5659052178328206,0.9057357985701612,879.0,17013.0,150.03473355001057,14200680.0,255.0
1663,66.52,1316.3344222171718,626.9312666593984,1316.334476012707,626.9313315505142,1325,481,55717.0,133.1738410067918,60.4997123474511,73.86616608755088,74.7502833954834,59.403878820266435,104.63313022236956,0.20530229288928992,132.20395596927165,11.138615341483526,113.32604050253414,149.77977236785193,2.5958978627665075,0.9229140944402556,871.0,17092.0,150.08027508853834,14207821.0,255.0
1664,66.56,1316.3987198494315,626.8669366116337,1316.3987694846544,626.8669931299216,1325,480,55749.0,133.2120784495916,60.52690147248235,73.86691728397822,74.74069124954953,59.44456528932798,104.5676278238668,0.2046559337958188,132.2432223361325,11.106571691836061,113.26743033696502,149.6586491321388,2.5645414596305174,0.9087782278266373,878.0,17159.0,149.9963489882622,14215984.0,255.0
1665,66.6,1316.3352009058199,626.9412751008754,1316.3352344058253,626.9413537070914,1325,481,55758.0,133.22283075297491,60.521679754560765,73.88144912175414,74.7535461740909,59.441143823466405,104.5462731111434,0.2048384743509556,132.25723632524398,11.107211703393247,113.324419784645,150.05791510338776,2.524116058752746,0.9109989256879389,877.0,17166.0,150.10833209128327,14218279.0,255.0
1666,66.64,1316.3840055285564,626.953886180994,1316.3840730508414,626.9539306088766,1325,480,55742.0,133.203714946907,60.516149241800306,73.86041194668253,74.72199655680751,59.449037019567754,104.47416314992567,0.2043971018042654,132.2424990669104,11.06570092345208,113.93015104972413,150.05402616442257,2.5408818599123664,0.9107375105939433,877.0,17129.0,150.02531924810282,14214199.0,255.0
1667,66.68,1316.367573949089,626.9075652926646,1316.367610638527,626.9076127920749,1325,481,55722.0,133.17981633090346,60.50933423810913,73.85620795516448,74.73707109902314,59.417919746447424,104.61763944947448,0.20497393231102878,132.20970934669432,11.10767550635476,113.29501373151837,150.70313246847448,2.5795301582558596,0.9083380941533639,878.0,17076.0,150.03196002078784,14209100.0,255.0
1668,66.72,1316.3829344602796,626.9128993654381,1316.3830180552065,626.913008363545,1325,481,55718.0,133.17503609306232,60.48797351630117,73.86681016271544,74.7269848076915,59.42203568773488,104.44838249069353,0.20481154377289024,132.19679151412782,11.104330040752576,113.27925751737045,150.01559918554366,2.576911825582375,0.9271837898022599,869.0,17080.0,149.93294054180387,14208071.0,255.0
1669,66.76,1316.3889397341593,626.9569994596484,1316.3890313671336,626.9571728330852,1325,481,55759.0,133.22402539978285,60.54432169497013,73.85805893642475,74.73552975771315,59.457786295777915,104.60691840805472,0.2044241007117299,132.25416384625905,11.073744146211096,113.92488189714773,150.05537301260568,2.5509289521077445,0.9151846649287224,875.0,17103.0,150.01977811946315,14218519.0,255.0
1670,66.8,1316.3607701250028,626.9057631083906,1316.360861372813,626.9059129654554,1325,481,55725.0,133.18340139668956,60.496046348640654,73.87433434860682,74.75092209412719,59.40949878045055,104.57181214603168,0.20523390058464497,132.20671586193404,11.119176048822492,113.30194539868768,150.7036644112503,2.5594968709391908,0.9125396187594672,876.0,17046.0,150.06299351209145,14209849.0,255.0
1671,66.84,1316.4278879895228,626.8318817828836,1316.4278922914089,626.8319609637085,1325,481,55743.0,133.20490976515484,60.53115391750023,73.86353445001917,74.74669220529726,59.43714596445413,104.64102882080135,0.20481904669164952,132.23455443067462,11.116696555391854,113.40427541457964,150.08983883419552,2.6079458645682054,0.8984187248457056,883.0,17117.0,150.07145840960507,14214456.0,255.0
1672,66.88,1316.3846128886971,626.9246716577702,1316.3846940790063,626.9247805876124,1323,482,55717.0,133.1738410067918,60.50941114138272,73.84580119600402,74.71375932327203,59.43437859304009,104.5257785315164,0.20450558061361912,132.1955833290381,11.092950798831975,113.2765892188833,149.534956850113,2.602362982940321,0.8899187328431216,887.0,17057.0,150.04589693222698,14207813.0,255.0
1673,66.92,1316.4287688484096,626.9528167089189,1316.428981400104,626.9528993955482,1325,480,55753.0,133.21685735823706,60.509690995413,73.89576745210962,74.7682592551279,59.428230325785485,104.53759242909852,0.20516766181486745,132.24199741463687,11.127526428788077,113.97725415689959,149.47228791660206,2.5848376554924335,0.9047170207416929,880.0,17064.0,150.14960044556594,14216982.0,255.0
1674,66.96,1316.3589152229883,626.8496280862387,1316.3589899931853,626.849754312973,1325,481,55762.0,133.2276092759325,60.522514223991074,73.89147422028839,74.76417853134018,59.441082585823054,104.54670545171624,0.2049523748742037,132.25598752245764,11.12264597540095,113.05920808089378,149.58929321688936,2.601325729671366,0.9110642794614378,877.0,17094.0,150.25297515513054,14219291.0,255.0
1675,67.0,1316.3763149121473,626.888831170513,1316.3764110478994,626.8888928770123,1325,480,55721.0,133.17862128752873,60.49589094515938,73.87246703039996,74.75679942663596,59.39962243896729,104.63022040212971,0.20542849754743364,132.19593370428038,11.129889173183543,113.28789285985403,149.63352723868516,2.5459844525189497,0.900101728449961,882.0,16993.0,150.17241378512549,14208839.0,255.0
1676,67.04,1316.3911187099545,626.8870731067639,1316.391241949662,626.887196598676,1325,481,55743.0,133.20490976515484,60.465037286348085,73.92928442758384,74.79029310295753,59.396732970658896,104.41711363943797,0.20582296837782965,132.22712721802264,11.163099536836672,113.27329244365902,149.97385216818063,2.5449268035282193,0.9170168943077455,874.0,17024.0,150.20097415160123,14214444.0,255.0
1677,67.08,1316.4398162825723,626.882481734569,1316.439941152197,626.882555573497,1325,480,55737.0,133.19774069490046,60.49337355607413,73.88600665005755,74.74534732684445,59.42830365975849,104.43590787503732,0.2049230382208006,132.22592167437762,11.11516560050874,112.97580510295681,149.4238678855798,2.584431375238488,0.9211290597021206,872.0,17033.0,150.10153610513146,14212914.0,255.0
1678,67.12,1316.4148172942196,626.8715059281687,1316.4149426731021,626.8716021028833,1323,482,55733.0,133.19296110035697,60.480470399730095,73.89718132540371,74.75379304786708,59.418441014291886,104.40472822098002,0.20514480146519798,132.21463887190967,11.127707478551057,113.00164675363756,149.57352647113873,2.5781696105000647,0.9002955731537782,882.0,17054.0,150.14674574463217,14211893.0,255.0
1679,67.16,1316.4065078198169,626.8885826783012,1316.4065460809647,626.8886735572783,1325,481,55728.0,133.18698636597455,60.46935972292652,73.9078865597366,74.77176297253162,59.39783348748615,104.45001814837178,0.2056114350372249,132.21533872626227,11.148090053038093,113.00847208755367,150.15041026563532,2.558573094871007,0.9230963019359723,871.0,17037.0,150.08407684886592,14210627.0,255.0
1680,67.2,1316.362900856253,626.8497280224083,1316.3629389306136,626.8498987255552,1325,480,55789.0,133.25985982398262,60.54199238767879,73.89710957049199,74.76801466178733,59.46309467794131,104.53923076040861,0.20469876126947784,132.28143222341794,11.089042197851525,113.27661783974841,149.27747797352873,2.531100653558961,0.887063927447814,889.0,17116.0,150.16826184067074,14226172.0,255.0
1681,67.24,1316.3201624622723,626.8414183178531,1316.3201563312357,626.8417325516772,1324,481,55779.0,133.2479160866903,60.5031611079809,73.9331424880535,74.80035335215526,59.42768042427562,104.47854883016186,0.20551604690296155,132.28102614979272,11.131573749848577,113.32012680025144,149.47332339412887,2.52651655128664,0.9134239101800685,876.0,17201.0,150.14731641721622,14223610.0,255.0
1682,67.28,1316.4590788139185,626.9004725664879,1316.4591492719317,626.9006348181622,1325,480,55764.0,133.22999847314006,60.52540422183007,73.87541397301722,74.73277974195945,59.463543267622114,104.43959901615904,0.20431779102904524,132.26621738720485,11.060696561450118,113.68439840025809,149.4565656154994,2.512906866098905,0.8967249479677998,884.0,17174.0,150.09427298750114,14219798.0,255.0
1683,67.32,1316.3654431732914,626.9236015644951,1316.3655042581802,626.9237113402062,1325,480,55775.0,133.2431382919996,60.52556006683431,73.89853662128758,74.77379696801772,59.44086492605414,104.56399998464741,0.20505755577079743,132.27586649693535,11.09642872826632,113.95218574466487,149.99085803714257,2.521883334366579,0.9071345178626075,879.0,17133.0,150.13334227518445,14222608.0,255.0
1684,67.36,1316.5308542306786,626.9484242033116,1316.5308394127874,626.9486637150693,1325,480,55789.0,133.25985982398262,60.531147474274775,73.91757298757696,74.79233536436881,59.44690052197806,104.55421911381767,0.20517389606343728,132.29984034793083,11.121791397723348,113.83578888392749,150.41705143857172,2.5668563356232856,0.8951007056777859,885.0,17220.0,150.07432173128853,14226169.0,255.0
1685,67.4,1316.422494793269,626.9698970661766,1316.4224811760487,626.9699354607386,1324,481,55780.0,133.24911050859532,60.52813181973588,73.91444708395531,74.80354916680552,59.42582991733024,104.66088113553707,0.20557472768015705,132.2746204005586,11.13989763568946,112.98565673809095,149.67717427485124,2.533373729381835,0.901054798243729,882.0,17161.0,150.07833730037524,14223896.0,255.0
1686,67.44,1316.4424955143086,626.9871723401227,1316.4425226518347,626.9872611464968,1325,481,55735.0,133.19535091906764,60.51112043692014,73.87707430682603,74.76659742657493,59.408532332655945,104.67330310695047,0.2054134549723422,132.21972083191116,11.130995292850937,113.17664892312632,149.56353999413864,2.5346393970415444,0.8962586072553138,884.0,17170.0,150.09031667611288,14212413.0,255.0
1687,67.48,1316.3926364493386,626.8968848303771,1316.392685291583,626.8969405343291,1325,480,55696.0,133.1487417172705,60.47902853685895,73.86937897646249,74.76806619224433,59.36441965523293,104.73014332003626,0.20601905762020656,132.17081550923925,11.152273454383746,113.98029723739998,149.51193055576658,2.5479219547333813,0.9037920683591794,880.0,17091.0,150.0425842048083,14202469.0,255.0
1688,67.52,1316.3261650966479,626.9698975275235,1316.3262070449816,626.9699583901283,1325,480,55756.0,133.2204414272203,60.53498337045719,73.86287824373987,74.73938294110609,59.44942078518318,104.59341833542472,0.20457704565170476,132.2503305342726,11.076287032095166,113.29424513683895,149.74186304552637,2.5224515786204424,0.8986282478965459,883.0,17158.0,150.11342637158958,14217769.0,255.0
1689,67.56,1316.3377376619833,626.9657337668423,1316.337760808776,626.9658170215816,1325,480,55788.0,133.2586654984257,60.545616992510055,73.89592401192749,74.77979512805668,59.45049674465434,104.63812922952168,0.2049925164565064,132.29022675480235,11.09766662492476,114.02392850478765,149.91253257765035,2.5119863201891732,0.9011840280462738,882.0,17152.0,150.11924946827276,14225929.0,255.0
1690,67.6,1316.4950241788995,626.9573921152028,1316.4949983865763,626.9576386648023,1325,480,55782.0,133.25149932028611,60.51712116903031,73.91642157236133,74.7820837485527,59.44408534812013,104.4803933332363,0.20510258114771251,132.27578871786173,11.122809048049573,113.86980720016474,149.8330595623661,2.501827038148652,0.8949883949186803,885.0,17217.0,150.1362473155379,14224386.0,255.0
1691,67.64,1316.4096673583513,626.9655123272254,1316.409660813259,626.9655611558537,1324,481,55751.0,133.21446792534402,60.51043640253722,73.88457163612597,74.7434491690667,59.44627528946178,104.44045704759806,0.2046624025204311,132.24341779950822,11.102647565751152,113.24817914386576,150.60836631209423,2.6103513550679427,0.9150533591786295,875.0,17075.0,150.06855395549132,14216500.0,255.0
1692,67.68,1316.4045253345184,626.961157396579,1316.4045211717041,626.9611881969095,1325,480,55782.0,133.25149932028611,60.53346758129422,73.90028140769924,74.76922845091485,59.456831116429676,104.51939148873105,0.20479544395108462,132.28547456591448,11.10127433720605,113.41196296088245,150.05425882986503,2.55497948878887,0.8970144008238254,884.0,17119.0,150.16180701903232,14224407.0,255.0
1693,67.72,1316.3749980572873,626.9245486243237,1316.374991033642,626.9246825909188,1325,480,55764.0,133.22999847314006,60.50993609209661,73.91992563796876,74.8117456964963,59.40379178162969,104.67050163711959,0.20595634778227367,132.25635699555724,11.174989270217536,113.44565229788452,150.76843428003778,2.5837372296873244,0.8946995958238373,885.0,17040.0,150.19673147019583,14219807.0,255.0
1694,67.76,1316.3293354533903,626.9577165643843,1316.32933024575,626.9577790941892,1325,480,55707.0,133.16188955418298,60.472999404206654,73.86962997420726,74.73324750981342,59.402420877473034,104.46659570055918,0.20514064547144506,132.1951078767743,11.102575980345753,113.48702248722063,150.1469460441387,2.541736472658248,0.9039705679417697,880.0,16968.0,150.08695235689606,14205279.0,255.0
1695,67.8,1316.3710231143573,626.8952418672716,1316.3710131921384,626.8953244189177,1326,480,55715.0,133.17145080207658,60.501098190740535,73.85697194473498,74.7433410085428,59.402593899691645,104.65457748635376,0.2052456700737766,132.19060554567125,11.111924176597432,113.29262149426191,150.00275613999108,2.5294996834505596,0.8918966960073953,886.0,16771.0,150.15210073586613,14207317.0,255.0
1696,67.84,1316.3436064147427,626.8874933304885,1316.3436149418073,626.8875598515144,1325,481,55763.0,133.22880387989198,60.55168850923323,73.85519039205745,74.74111940756148,59.45469871146349,104.67446081558934,0.20452490967845316,132.25197936672004,11.07272128125959,113.32059524885882,150.38500707527527,2.506782993901286,0.8926650894635266,886.0,16860.0,150.17394344747112,14219557.0,255.0
1697,67.88,1316.3243818185888,626.9063223871694,1316.3243869160892,626.9063767907795,1325,481,55702.0,133.15591342561362,60.491016021284736,73.84942789138913,74.7296848131843,59.40012817237803,104.60811561045621,0.2051334309669366,132.17906512709106,11.105748533444242,113.338153781006,149.65139248862874,2.507111844307197,0.9121629761173592,876.0,16874.0,150.15514968822166,14204002.0,255.0
1698,67.92,1316.3111285143432,626.932471462708,1316.3111222804623,626.9325231564587,1325,481,55708.0,133.16308474771307,60.50115030074427,73.84259807454833,74.72186324227583,59.41179707528773,104.60824733879642,0.20489406316525083,132.18310432664848,11.095489132552458,113.34914808619789,149.68042916100507,2.515648276138016,0.9143475907718802,875.0,16926.0,150.06898855971681,14205535.0,255.0
1699,67.96,1316.3490637656714,626.9309817825925,1316.3490606625555,626.9310554997849,1324,481,55784.0,133.25388808915326,60.50557503614669,73.94359255669819,74.82696767338295,59.40963221105036,104.59556392405908,0.2060398268392849,132.27303088436173,11.168491091531115,113.31147608084216,149.68192235969792,2.499084310878236,0.8970465622522728,884.0,16959.0,150.262240529447,14224911.0,255.0
1700,68.0,1316.361222425072,626.9278042214421,1316.361242730993,626.927920166559,1323,482,55716.0,133.17264590979667,60.474022042459325,73.89469434565513,74.77472154103101,59.38244027396421,104.5787231837945,0.20584872734859505,132.18168454969995,11.1622957285199,113.29962998252947,149.65726113768142,2.580528496193311,0.9000209598233705,882.0,17013.0,150.12028639573987,14207562.0,255.0
1701,68.04,1316.3918601133605,626.893564308537,1316.3919432980442,626.8938273820204,1323,482,55730.0,133.18937629188994,60.47496410512414,73.89534218406475,74.7531123715005,59.41140522483784,104.411924097918,0.20523168413937054,132.21197965423173,11.120703579819613,113.27200291930022,149.946510162035,2.5377087871542745,0.8901263704317744,887.0,17029.0,150.09591947117931,14211107.0,255.0
1702,68.08,1316.2364885227512,626.9663491838776,1316.2365384960435,626.9664471677462,1323,482,55733.0,133.19296110035697,60.48336294253493,73.8964478809726,74.75565797259554,59.41812689195124,104.42595549264036,0.20516883265567465,132.21192235569376,11.145453753355152,113.17129109986169,149.7874864582693,2.581605363616695,0.8802227239765525,892.0,17146.0,150.11307287128886,14211899.0,255.0
1703,68.12,1316.3553353171828,626.9211946559719,1316.355384366751,626.9212950492915,1324,481,55689.0,133.14037423595113,60.41241327647917,73.92560426965561,74.78823427594979,59.34117169729199,104.40829787888788,0.20654402030220453,132.16597046639188,11.184050456730516,113.30605445249363,150.1871543299078,2.5461758762126627,0.8995848092397817,882.0,16961.0,150.13702809775742,14200674.0,255.0
1704,68.16,1316.3286070789586,626.9524762481244,1316.328658142375,626.9524818619352,1323,482,55684.0,133.1343971416035,60.48518381979486,73.8384977001679,74.71652102359,59.397160626274975,104.59380800371422,0.20503310629891747,132.1512285112811,11.128712743109189,113.08067502045273,149.69366129169057,2.5947712332831756,0.8954384908299076,884.0,17010.0,150.10564784629335,14199405.0,255.0
1705,68.2,1316.2972604215036,626.9407162222516,1316.2973559589582,626.9407512377126,1323,482,55748.0,133.2108836956424,60.50956695231955,73.88338536941292,74.74617451698829,59.440488906791074,104.47015135243542,0.20476881538223124,132.2306295659344,11.106180006138825,113.36227024794886,149.34881124485634,2.570226058466552,0.8904138686314473,887.0,17151.0,150.17561465964985,14215727.0,255.0
1706,68.24,1316.3273143424149,626.863996839847,1316.3274344216736,626.864074014308,1325,481,55773.0,133.24074933040777,60.53664326148786,73.8948549999702,74.78271192198548,59.43635899370516,104.66421867777105,0.20521257565906248,132.27313549790162,11.124358288808194,113.33882350008626,150.23699574614082,2.5655213702226907,0.884817811229206,890.0,17219.0,150.1435711995851,14222096.0,255.0
1707,68.28,1316.388577621661,626.9971791749513,1316.388685542039,626.997236875157,1323,482,55734.0,133.19415601507217,60.4977803649869,73.8912951898495,74.7779916170039,59.39829041017061,104.64013464338441,0.20567149336672041,132.22665253355362,11.145776666790512,113.26653104183447,150.11938826915076,2.5293243976565782,0.8802385175409395,892.0,17160.0,150.15459113429336,14212154.0,255.0
1708,68.32,1316.4615622927045,626.8201000967385,1316.4615757010686,626.82019651438,1324,482,55772.0,133.23955483354922,60.52005497430526,73.91224588631057,74.79057744418499,59.43119274940333,104.5783808394678,0.20536523743574686,132.2682654197036,11.132017814409975,113.20881516133343,150.06769923633826,2.608176518469679,0.8867936217107223,889.0,17112.0,150.2015195557247,14221842.0,255.0
1709,68.36,1316.4107932856136,626.924254291601,1316.4109173752377,626.9243712553367,1325,481,55746.0,133.20849415559653,60.505443999829374,73.89803041547594,74.7752236311364,59.41795674555494,104.56985379254185,0.2053790833356558,132.22939745881416,11.142424206846139,113.25053922440028,150.18271936096565,2.6320576018951067,0.9005055715829136,882.0,17067.0,150.15951665317152,14215208.0,255.0
1710,68.4,1316.3082420376647,626.9432507727398,1316.3083130110458,626.9433187491034,1325,480,55768.0,133.23477673902426,60.46351865428608,73.97882391910366,74.85058120724561,59.380922605231355,104.4752834081076,0.2066738608105394,132.2562663251112,11.226916818249743,113.31607727604819,150.70527045835098,2.6052028848721553,0.880775498730095,892.0,17233.0,150.11443851859153,14220828.0,255.0
1711,68.44,1316.3118063726424,627.01928852315,1316.311825834126,627.0193477753648,1324,482,55717.0,133.1738410067918,60.46744985999915,73.91669366111296,74.80799567159788,59.361215266877075,104.64952139073263,0.20648568733924033,132.19310960970216,11.202581492352708,113.34117574922774,150.8269663425587,2.644616995912575,0.8879155399321407,888.0,17082.0,150.20776624301467,14207827.0,255.0
1712,68.48,1316.3759688006758,627.0120557096641,1316.3759905339023,627.0120836171968,1325,481,55778.0,133.24672165407853,60.47207664910668,73.99261031244238,74.88221328328243,59.36693161096832,104.60526190344746,0.2071958211707654,132.25011510247145,11.250728221534862,113.27784742462025,150.79907317652504,2.649856581502473,0.8929052124185676,886.0,17112.0,150.333199275031,14223385.0,255.0
1713,68.52,1316.3346776018875,626.9268563539588,1316.3346857440354,626.9269339173833,1323,482,55703.0,133.15710867278432,60.49216016285272,73.85174162413627,74.72737485389409,59.407075584748355,104.57308930383141,0.20501589008177745,132.18159348531665,11.11474226571296,113.32615861091355,150.50166103094242,2.595821662961714,0.8998109613942351,882.0,16940.0,150.13743570469163,14204255.0,255.0
1714,68.56,1316.3463622985535,626.9608592656401,1316.3463622985535,626.9608592656401,1325,481,55722.0,133.17981633090346,60.482198679047336,73.88488330756743,74.74619877388905,59.41446042234904,104.44646865041442,0.20511729831130654,132.2069343498796,11.12954488001098,113.06227654075467,149.76454597707686,2.5826830466533033,0.8940257312692034,885.0,17102.0,150.0939080747299,14209110.0,255.0
1715,68.6,1316.367375320702,627.0152944808186,1316.3674077264,627.0152877213759,1326,480,55731.0,133.19057123876615,60.49092615690378,73.88036753555633,74.73697676143514,59.42932911508907,104.4166770679974,0.2048202684891709,132.20098255275778,11.105179604445214,113.28613898024793,149.53397748923862,2.5697795350484602,0.866537409269292,899.0,17089.0,150.1185601276873,14211401.0,255.0
1716,68.64,1316.3298492688186,626.9872040264408,1316.3298464078089,626.9872245747506,1323,482,55732.0,133.19176617492172,60.51954463140264,73.86156801363867,74.74117768932058,59.42981465088979,104.61038605159845,0.20485846640089211,132.21815621941315,11.11773576787761,113.32588646805979,149.98640445283772,2.6401458426770916,0.8901583146761824,887.0,17022.0,150.12695576874194,14211658.0,255.0
1717,68.68,1316.354034359927,626.9475686294106,1316.3540391621946,626.9476102446291,1325,481,55717.0,133.1738410067918,60.51679286448122,73.85162573169544,74.7450451280964,59.409789350037066,104.71606526075021,0.20516752316863418,132.20387979486105,11.130586079832822,113.30512355027591,150.05776225251623,2.615103363138146,0.8919287124014007,886.0,16993.0,150.06416166955313,14207830.0,255.0
1718,68.72,1316.2911130016485,627.0674839039586,1316.2910874751135,627.0675658708949,1326,480,55753.0,133.21685735823706,60.5161120134489,73.88634827488897,74.76229880294926,59.43055571270568,104.57046900565108,0.20507318977247346,132.24484296677213,11.121523903716934,113.48091787705452,150.19159525797605,2.5433377677609514,0.8864915152986786,889.0,17009.0,150.17345671965865,14217005.0,255.0
1719,68.76,1316.2959102902096,627.0394939843802,1316.2959641255607,627.039533632287,1325,481,55750.0,133.2132731928254,60.48734067384652,73.92254272614217,74.78991211529413,59.41152876907699,104.47757273656481,0.20562109128448014,132.23150969616353,11.167324260920742,113.35532674170699,150.16356348800855,2.631713991815848,0.8904458128758553,887.0,16983.0,150.20779326787226,14216241.0,255.0
1720,68.8,1316.2952044243964,626.9688300991709,1316.2952122886982,626.9689014104727,1324,481,55726.0,133.18459639717318,60.48709103008753,73.90500205522704,74.79960882627229,59.37723494321587,104.68769296526304,0.20618254727609664,132.2048187690002,11.199188843878414,113.07750974617812,150.09695277562076,2.6379014898007216,0.8961138808273009,884.0,16978.0,150.234018062775,14210119.0,255.0
1721,68.84,1316.3696803440316,626.9351217765496,1316.3697192573325,626.9351331958023,1324,481,55745.0,133.2072993694993,60.49079647366688,73.92447777122368,74.81787074557734,59.38224556940246,104.67166082523802,0.206309335221055,132.22626041795195,11.196305082042544,113.00917219000088,150.20643029582249,2.626219936668926,0.8943947523348361,885.0,17027.0,150.20792772832274,14214970.0,255.0
1722,68.88,1316.311279327118,626.9502857382829,1316.3113239699367,626.9503668227233,1325,480,55749.0,133.2120784495916,60.479654079249684,73.93729986596573,74.82201002429737,59.38164434351226,104.59696134904735,0.20636127893077283,132.238794731833,11.199689348194132,113.06450664735621,150.7109287577388,2.5965796261460286,0.8924409747054883,886.0,17175.0,150.20426880971613,14215981.0,255.0
1723,68.92,1316.3109974993429,626.9701386205268,1316.3110266568667,626.9701521969059,1325,480,55783.0,133.2526937100725,60.53144790694133,73.91743782689105,74.8038371050015,59.43256476857999,104.6409929641649,0.20548775211684656,132.27445925949448,11.142663496964216,113.50374731437981,150.72978597702686,2.6033917252234486,0.8810124021958989,892.0,17267.0,150.16655072097925,14224661.0,255.0
1724,68.96,1316.356511293817,626.9319396256603,1316.3565203357005,626.9319632737968,1325,480,55764.0,133.22999847314006,60.53899825291924,73.89048449319216,74.79271638406784,59.42073362049664,104.77312914197665,0.20552780413315364,132.2543855184186,11.154418438203958,113.30397463990863,150.51305138414278,2.5802129698979384,0.8807123244725473,892.0,17146.0,150.23522571044253,14219816.0,255.0
1725,69.0,1316.2755537002017,627.0125229348738,1316.2755820831317,627.0125826746249,1325,481,55791.0,133.26224844298503,60.56354661567945,73.88997267770695,74.78244415485523,59.45802962769466,104.71243220111332,0.20491994746023068,132.2820531018647,11.126628763476251,113.3778655965186,150.93911849811872,2.5855704876096857,0.8752415754136419,895.0,17162.0,150.17290571356017,14226697.0,255.0
1726,69.04,1316.3038405856532,627.0753550498011,1316.303953221409,627.075495049505,1325,480,55752.0,133.21566264714784,60.489740974466294,73.92991108762382,74.82546402966942,59.378366846239864,104.68465581251407,0.2064417158482913,132.23512351372355,11.182538948364668,113.30003159015375,151.28896347294312,2.5549775905688286,0.8965319793971159,884.0,17224.0,150.1756813205282,14216738.0,255.0
1727,69.08,1316.3871897748688,627.0291553726611,1316.3872604385163,627.0293300346009,1325,481,55779.0,133.2479160866903,60.5562150252272,73.8863232419662,74.79148373000325,59.434652365960105,104.80410745985952,0.20532860959786814,132.2718618316259,11.12107807419216,113.22479950180275,150.81154495679473,2.564093366389522,0.8969661586811545,884.0,17159.0,150.2513514868342,14223622.0,255.0
1728,69.12,1316.4552315575647,627.0668131150486,1316.4553747446146,627.0670633356035,1325,480,55798.0,133.2706082723537,60.560469737416156,73.90500151799233,74.80107546714424,59.45013753684291,104.73083974830047,0.2052234922350028,132.28820150969858,11.142711688679091,112.90425834816538,150.1378194455095,2.600228975619672,0.8773107662067439,894.0,17254.0,150.2467523537172,14228449.0,255.0
1729,69.16,1316.3620087025604,627.0609371131686,1316.362114395311,627.0611948592016,1326,480,55789.0,133.25985982398262,60.52761868189674,73.92959321067669,74.81604290364614,59.428419967529074,104.63423996123004,0.20567277202744372,132.27179289731455,11.166853670592115,113.07857253580728,150.8498260622229,2.580517600430483,0.8771692593983302,894.0,17139.0,150.18840118791158,14226158.0,255.0
1730,69.2,1316.3876339803792,627.0120323723122,1316.3876694641704,627.0121225163188,1322,482,55764.0,133.22999847314006,60.542425890589975,73.87601883825087,74.75955692890545,59.447961612665246,104.64320556580105,0.20481121003433944,132.25722687295575,11.113160942956982,112.97950829214557,150.27324092708704,2.6003793231410874,0.9007963386386394,882.0,17088.0,150.0812839072046,14219806.0,255.0
1731,69.24,1316.320594570493,626.9921975830932,1316.320626435132,626.9923758610792,1322,482,55744.0,133.20610457268552,60.5410200934133,73.8489565546216,74.7250787539502,59.45625369440459,104.59948063629803,0.2043333418198432,132.24875995249732,11.090171195024244,113.0488069157982,150.11082021805177,2.632272401351611,0.9107701874806927,877.0,17149.0,150.08516127561055,14214698.0,255.0
1732,69.28,1316.3556155966894,627.0154203804495,1316.3555898116115,627.01564824607,1325,480,55789.0,133.25985982398262,60.51461246925681,73.94939464002108,74.8382061367945,59.411902781821134,104.63715947518337,0.20612871621716977,132.28261546155,11.189674370028818,113.01061523169284,150.0735166077947,2.5985319338366177,0.897126965823391,884.0,17238.0,150.15463011044193,14226173.0,255.0
1733,69.32,1316.3481897907723,627.0430247412295,1316.348192360775,627.0430893871771,1322,482,55791.0,133.26224844298503,60.58088960488091,73.87753308835275,74.78124922891067,59.46174269480311,104.80852198042074,0.2048575905333364,132.29174627381894,11.12624502627291,113.45815494749522,150.19554630248504,2.666927284461427,0.9012324892222281,882.0,17230.0,150.16950188020832,14226698.0,255.0
1734,69.36,1316.4540682781949,627.0295067328266,1316.4541086188658,627.0294945582989,1325,481,55773.0,133.24074933040777,60.48895153258544,73.95533875421447,74.82866052457486,59.40519297048044,104.50831299824752,0.20611711403051403,132.26166078067746,11.207142404890927,112.9111733885715,150.84206632290437,2.6374529865509837,0.8989022395784141,883.0,17266.0,150.24312985462333,14222110.0,255.0
1735,69.4,1316.292126194501,627.0402411119892,1316.292152931911,627.0403450991623,1325,481,55868.0,133.35417774226653,60.57839551328225,73.96522984856655,74.84712493736707,59.48533531993495,104.60675464992704,0.2052422137829214,132.3763208970868,11.138087248109219,113.06950264470193,150.74671781470838,2.53351515493613,0.914881353447356,876.0,17314.0,150.17328437210378,14246326.0,255.0
1736,69.44,1316.3900294697655,627.0002159443679,1316.3900835035658,627.0002867075225,1323,482,55806.0,133.28016172098765,60.559265435248584,73.92161114911725,74.81752595459017,59.4488606700954,104.72163489159072,0.20541530996123347,132.31090333415924,11.160354250760568,112.97897130296133,150.11668108113412,2.6276027030530105,0.9035224373614855,881.0,17267.0,150.0551963204643,14230517.0,255.0
1737,69.48,1316.3763486337275,626.9690437516824,1316.3764034867454,626.9690963877031,1325,481,55754.0,133.21805205861205,60.50513067285635,73.91363437304743,74.7955928359936,59.411408637434484,104.59821817759185,0.20568303044662606,132.2338786104256,11.16733150584765,112.99731796414618,150.73414476464512,2.643524292890495,0.8905097013646716,887.0,17307.0,150.08287669097595,14217259.0,255.0
1738,69.52,1316.3545952590575,627.0338122221524,1316.354610819243,627.0338168582239,1325,480,55771.0,133.23836032598192,60.534743390948215,73.89677531094061,74.78217338624938,59.43748903169217,104.6442948108005,0.20519174102231597,132.26010291239322,11.146675649175917,113.04794176319731,149.83075731166886,2.593072110212007,0.8828011446720925,891.0,17288.0,150.09600769349325,14221603.0,255.0
1739,69.56,1316.411327012636,626.9145317361188,1316.4114284690368,626.9145821387615,1326,480,55808.0,133.28254997615025,60.56003157213883,73.91817196477356,74.80726439189932,59.458277513166834,104.67317774515918,0.20518043272271547,132.31376852743838,11.134431107954295,112.97123672660499,150.09197928988675,2.6365160137843935,0.907671235730639,879.0,17275.0,150.11720051750206,14231025.0,255.0
1740,69.6,1316.2303964873145,627.1298532959773,1316.2305721758446,627.1299666798036,1325,480,55822.0,133.29926656419218,60.493060273142476,74.00343545283022,74.86579290112601,59.42248609168894,104.40673564991262,0.20627988044997791,132.30659638956578,11.18908045292243,113.11669537876236,150.90705233959815,2.5806263693457363,0.885595177925461,890.0,17254.0,150.1888748961965,14234579.0,255.0
1741,69.64,1316.3017463904696,627.1127000629674,1316.3018935526056,627.1127711793054,1324,480,55821.0,133.2980725917122,60.50142331827139,73.98000026373701,74.82297650858646,59.45573857042497,104.27368652045428,0.20538126996856365,132.32447194062476,11.156057693274931,113.04883224653028,149.92261187235565,2.5570613795515142,0.8935935648896853,886.0,17259.0,150.1505873805138,14234331.0,255.0
1742,69.68,1316.3692315927349,626.9552226874564,1316.3693977716475,626.9553075627844,1325,480,55826.0,133.3040423471708,60.51322844528175,73.99741530709947,74.88338549201126,59.41335595854734,104.59417765173495,0.20658827631550258,132.31934464112197,11.212296083353527,113.00649326191147,150.34640886493622,2.5805527500611247,0.9100334238578245,878.0,17191.0,150.20705179892892,14235602.0,255.0
1743,69.72,1316.3408179134622,627.0984189808039,1316.3409314911385,627.0984893285307,1324,481,55803.0,133.27657925800045,60.54213243907061,73.92918302028554,74.81000241696641,59.45029386546647,104.59899625454104,0.20531624188286968,132.3000559671771,11.165016439962809,113.09639325644234,149.78077767185505,2.6194678210201743,0.8892860504842912,888.0,17212.0,150.1801284776268,14229745.0,255.0
1744,69.76,1316.3432439448584,627.0269263533064,1316.3433838546705,627.0270163746461,1324,481,55818.0,133.29449061010297,60.54511742426118,73.94906875693492,74.83484103780312,59.446804630545145,104.62817450532368,0.2056266331812564,132.30865638589611,11.173549080618873,113.02105813558634,150.42266767444212,2.612856032105183,0.8717646396601334,897.0,17226.0,150.25533533097308,14233565.0,255.0
1745,69.8,1316.358701348344,626.976958204775,1316.3588425013438,626.976975452428,1324,481,55810.0,133.2849381885191,60.537403766946866,73.95124140708886,74.84098416352428,59.43391666318983,104.65319049874479,0.2058640419087847,132.30405139409297,11.17957934400979,113.29799871773643,149.93719218722183,2.6284613331982545,0.8914041402080984,887.0,17191.0,150.33296043379337,14231530.0,255.0
1746,69.84,1316.2927898489847,627.0352887540345,1316.2929081065577,627.0353698325625,1324,481,55782.0,133.25149932028611,60.50136980193871,73.95023877967142,74.82885657272459,59.411242938521085,104.55543774544533,0.20603834323219217,132.27159795325812,11.187655156999059,113.3587872556048,149.86745925521697,2.5839879355601716,0.9010871056943652,882.0,17205.0,150.19963586322194,14224390.0,255.0
1747,69.88,1316.3465510187164,627.006854699702,1316.346595187722,627.0069207874637,1325,481,55774.0,133.24194381655778,60.47400424670957,73.97078629986262,74.83611954660377,59.399811671901965,104.43523967794498,0.20626814923359205,132.26020358538338,11.221117935796821,113.05821749563322,150.10194431968335,2.631933443596525,0.9030043440024279,881.0,17147.0,150.14684036213336,14222359.0,255.0
1748,69.92,1316.2837718223138,627.0317423016033,1316.2838443607675,627.0317912856374,1325,481,55770.0,133.2371658077055,60.52207254511726,73.90746838004489,74.78597660396103,59.433095585671495,104.58271536600978,0.20529090767367708,132.26347780721642,11.143803485737507,113.07906888121687,149.54064762430258,2.5836391480371153,0.900893260990548,882.0,17171.0,150.19622351253682,14221338.0,255.0
1749,69.96,1316.3438059953319,626.9795908439021,1316.3438743680758,626.9796170807788,1324,481,55782.0,133.25149932028611,60.5320801102011,73.91227659375353,74.78925161317484,59.44514443485317,104.57351453164439,0.20516460383484647,132.26497708288434,11.13827046895762,113.31261930366753,149.5468674980328,2.64455066427431,0.9093161689828604,878.0,17218.0,150.19499146659305,14224400.0,255.0
1750,70.0,1316.3606148905583,627.0053497768986,1316.3606586783383,627.0053813589725,1325,480,55748.0,133.2108836956424,60.496713575007526,73.9024032432287,74.7697710253209,59.42136736328407,104.49056325114374,0.20527552046185982,132.23901998799147,11.134797734244852,113.99523852800763,149.7162130996049,2.6094788322710225,0.9150041195223447,875.0,17156.0,150.09419703153404,14215733.0,255.0
1751,70.04,1316.40650513857,627.0475095686252,1316.406673244237,627.0475917122612,1325,480,55745.0,133.2072993694993,60.513823298892284,73.88119474153308,74.75804322053841,59.42717156757509,104.57847671639978,0.20507320674160512,132.22504256642677,11.124618932234807,113.94342967110299,149.82668233970813,2.62047806052093,0.9255018230908337,870.0,17137.0,149.98712323002457,14214947.0,255.0
1752,70.08,1316.324513522595,627.0441849498295,1316.3246436575528,627.0442492155984,1324,481,55775.0,133.2431382919996,60.5338806386857,73.89566530628515,74.772088492065,59.447917026351426,104.57761677427683,0.20494507743139756,132.2583766935354,11.11382848166906,113.28440500811686,150.57525344764846,2.5884091826034075,0.8948760841595746,885.0,17247.0,150.06841841777492,14222603.0,255.0
1753,70.12,1316.3392066040706,626.9805615359318,1316.339229016808,626.9806267601844,1324,481,55747.0,133.20968893097748,60.49047926234494,73.91802194150515,74.78951499344912,59.40959936052144,104.51184472360397,0.20564267109199486,132.24509282998665,11.168510203480787,113.27971151988785,150.51034061656077,2.6477886593005113,0.9046196573330073,880.0,17150.0,150.094578912496,14215475.0,255.0
1754,70.16,1316.342296550421,627.0253955981132,1316.3424077760442,627.0254299600078,1325,480,55761.0,133.22641466126134,60.486222373300514,73.9315377996875,74.80089071322574,59.40776150409172,104.48797943272652,0.20578804693848818,132.25630915719225,11.164264423950536,113.31028311228614,150.01273325579896,2.554488635007698,0.9069068193731394,879.0,17197.0,150.11798011049873,14219039.0,255.0
1755,70.2,1316.3405376126316,627.0887840589685,1316.340740077054,627.088863005107,1325,480,55805.0,133.27896757735797,60.494286542367725,73.98040010184593,74.84228902365594,59.42465883115231,104.41385195319776,0.20600158538216906,132.2938435441164,11.192890775144944,113.0975163720304,149.83152991705904,2.584239631543741,0.9014586413766815,882.0,17214.0,150.19201270069541,14230246.0,255.0
1756,70.24,1316.3645953167602,627.0603536738104,1316.364801175564,627.060606060606,1325,481,55803.0,133.27657925800045,60.529706289373,73.94463508830617,74.8221684570987,59.441546995330356,104.56219866817058,0.2055623591100174,132.2988463251332,11.168803524023309,113.07604728039173,150.57734575998555,2.627375729152476,0.8973520958225223,884.0,17144.0,150.19962883307042,14229722.0,255.0
1757,70.28,1316.3440426351156,627.0202603068076,1316.344153164307,627.0203836285011,1325,481,55731.0,133.19057123876615,60.43483331515447,73.94831167840773,74.80161886138025,59.37541320811368,104.33762154015089,0.20622823259819922,132.21556071362608,11.179387646200684,113.46497456104086,150.29180200612373,2.530919723263516,0.9043600215765122,880.0,17110.0,150.1111851868363,14211384.0,255.0
1758,70.32,1316.3458361922526,627.0957355353212,1316.3460400566603,627.0958383389217,1325,481,55771.0,133.23836032598192,60.45216994442687,73.97492424170557,74.82112711506646,59.40162628065844,104.27948553710802,0.20608485101667295,132.25269334158713,11.17822909631366,113.42393536641491,150.88752376863937,2.5486041438094054,0.9153816235538618,875.0,17127.0,150.18624655495523,14221574.0,255.0
1759,70.36,1316.376685192295,627.0399328910482,1316.3768775766266,627.040043018462,1325,481,55790.0,133.26105413883562,60.49685708033996,73.955530733662,74.81229048887985,59.434093199982115,104.38719815486661,0.2055570974823122,132.28466530772175,11.172519329169855,113.27480143145141,150.82469258436495,2.605585293683711,0.9156934747103324,875.0,17157.0,150.13164054080406,14226418.0,255.0
1760,70.4,1316.323297165092,627.0219513267257,1316.3233796047205,627.021952006887,1325,480,55758.0,133.22283075297491,60.50039538795521,73.92339727428846,74.8107426186566,59.399657368677715,104.6317174522271,0.20600096604489004,132.24208308250275,11.182403915627871,113.32950304973366,150.96089739167323,2.594338611043096,0.9109989256879389,877.0,17059.0,150.15915280227512,14218275.0,255.0
1761,70.44,1316.3801590788298,626.9647335044441,1316.3802134720604,626.9647322629833,1325,480,55745.0,133.2072993694993,60.46788008674801,73.94699296873029,74.82757401528075,59.37471227964363,104.55692297498024,0.2065129324182211,132.2336628340893,11.218377157225875,113.02827505263981,150.88819926065648,2.625250648173673,0.9255018230908337,870.0,17093.0,150.20492540939495,14214965.0,255.0
1762,70.48,1316.4119762378632,626.9518625760415,1316.4121287128712,626.9519479121825,1324,482,55752.0,133.21566264714784,60.469433820332,73.94097827404796,74.79839594297209,59.405560842678035,104.38676505984888,0.20579097861978068,132.25024398817285,11.168295716668839,113.24702890761212,150.8373334483675,2.6338945355787113,0.925618040020812,870.0,17199.0,150.1190592622156,14216735.0,255.0
1763,70.52,1316.2855125614087,627.0808356331361,1316.2856040762138,627.0808963364311,1325,481,55738.0,133.19893556673838,60.49578099155983,73.88559169929962,74.75185863749373,59.42204817047743,104.48935641403634,0.2050759773259635,132.22623958189183,11.113430134139413,113.15302488127018,149.82658620723302,2.5456395043996776,0.8983381390569208,883.0,17172.0,150.10494780475958,14213175.0,255.0
1764,70.56,1316.2748890631592,626.9880166496446,1316.2749901437223,626.9880828644134,1325,480,55802.0,133.27538508227198,60.493044422652375,73.97552455649267,74.83486200395302,59.426678232747896,104.3962347528771,0.20589579987989037,132.29256463170185,11.175875606928578,113.38058170710296,150.75846881750815,2.589605441484445,0.8932894091466332,886.0,17164.0,150.2100611840671,14229493.0,255.0
1765,70.6,1316.2699499334417,627.0588586675246,1316.2700265347103,627.058914228342,1325,480,55776.0,133.24433275673343,60.51323132634171,73.9177992025536,74.78492910026911,59.43825858798439,104.48912192307077,0.20521073827199088,132.27093720280143,11.131141485161786,113.17045549683813,150.77153643910606,2.581179523614937,0.911293017668684,877.0,17180.0,150.09754316877303,14222867.0,255.0
1766,70.64,1316.36676144584,627.0535983185239,1316.3669218220605,627.0536543391356,1325,481,55783.0,133.2526937100725,60.527294571775194,73.91298517316406,74.77900697817125,59.45404007084323,104.48905431144125,0.20493675332973516,132.27544737588917,11.128443061830234,113.28354935223162,150.73508888095552,2.632442334980211,0.905203837785121,880.0,17266.0,149.99956227817043,14224644.0,255.0
1767,70.68,1316.4104058234725,626.9728647664622,1316.4104693076054,626.9728673134516,1323,482,55763.0,133.22880387989198,60.53967832641669,73.87780202309082,74.76255404383357,59.443610224076004,104.65020931815846,0.20490129070197383,132.2559865445266,11.111864103285473,113.24682440287067,150.88596729877673,2.6183596842419123,0.8926650894635266,886.0,17154.0,150.10082139326775,14219557.0,255.0
1768,70.72,1316.308285614117,627.0896271818749,1316.308353367541,627.0897054074419,1324,482,55738.0,133.19893556673838,60.49217889989873,73.90078274351498,74.77355625451342,59.40997124401486,104.52982668480271,0.20546815986930134,132.2178940221598,11.159253195313854,113.12956964064809,150.0562792968336,2.620300713371848,0.9085989141078963,878.0,17020.0,150.1098804274026,14213177.0,255.0
1769,70.76,1316.3776585217663,627.1153621099787,1316.3777897380696,627.1154467168999,1325,481,55740.0,133.20132527825874,60.49555712300817,73.91062439750156,74.80467931601257,59.386469695379446,104.68482696983443,0.20611290311798347,132.21355934762727,11.190901342533984,113.05821258455637,150.20885015251915,2.632779039239395,0.9127852552651897,876.0,16979.0,150.18618365572232,14213679.0,255.0
1770,70.8,1316.3817325752148,626.9825775365161,1316.3818152460576,626.9826333446958,1326,480,55739.0,133.20013042785772,60.481519469031795,73.9180123108487,74.79601306733957,59.392282078566566,104.55653009160147,0.20594320949841105,132.23396633452268,11.167453757429406,113.27457782036203,149.931079327876,2.600162863616045,0.9190529840404523,873.0,17063.0,150.06019149338354,14213432.0,255.0
1771,70.84,1316.305604580252,627.0764726147306,1316.305737513684,627.076649737083,1326,480,55721.0,133.17862128752873,60.4522021477414,73.92058241530502,74.78249324765046,59.38265700349222,104.42220861470969,0.20592836070816722,132.2016896134671,11.17552143755645,113.0931957713598,149.88712605292145,2.5752368756016906,0.9187561908846238,873.0,16982.0,150.0569542518113,14208825.0,255.0
1772,70.88,1316.3283237628893,627.0672496560869,1316.3283378502074,627.0674300482797,1325,481,55717.0,133.1738410067918,60.47451273082034,73.89151975061925,74.76815009594421,59.38726388979934,104.5550543824858,0.20571441431154525,132.19614951199603,11.14649541552391,113.07132566278823,150.03919703514157,2.5781662553192604,0.9271671491513067,869.0,17016.0,150.0465508165622,14207805.0,255.0
1773,70.92,1316.3335441743193,627.0757092317658,1316.3335367823934,627.0758266614009,1326,481,55706.0,133.16069434992536,60.453643720843104,73.89808872347409,74.76160804432551,59.382426009179895,104.44486111549065,0.2057096207190653,132.1876548131352,11.156775972343889,113.10562915025052,150.0318760552645,2.6006920912311196,0.9291212404217174,868.0,16923.0,150.0535300256688,14205018.0,255.0
1774,70.96,1316.3665740276097,626.9917769362494,1316.3666057151052,626.9920045892941,1324,482,55782.0,133.25149932028611,60.5443592788351,73.89219612066026,74.76310933202043,59.465566263402756,104.54252639773006,0.20461352136495292,132.27778826870497,11.090555117735576,113.28890930891424,150.51193230619683,2.667364672088767,0.8990472939982267,883.0,17046.0,150.08819871360083,14224382.0,255.0
1775,71.0,1316.3594536666894,627.0923970701093,1316.3594439461883,627.0925739910314,1324,482,55750.0,133.2132731928254,60.5342134144437,73.87383455339706,74.77057551085228,59.423021322582,104.73821579826068,0.20526195075284281,132.23553576714505,11.134636747189042,113.0783569864758,149.88450780062317,2.6207224963015774,0.910868218140941,877.0,17010.0,150.16533267396431,14216230.0,255.0
1776,71.04,1316.341963924699,627.0498875239878,1316.3419523741213,627.05017214173,1325,481,55768.0,133.23477673902426,60.505995255681945,73.91627829143944,74.7839346597686,59.43025134678119,104.49060449504552,0.20530724122553035,132.251036044313,11.138751020869618,113.30856872907945,150.15846628583358,2.5962221931490976,0.9301553393860327,868.0,17018.0,150.12948313984674,14220810.0,255.0
1777,71.08,1316.360912365665,627.0780931243535,1316.3609313663983,627.0781874563086,1343,481,55789.0,133.25985982398262,60.499473536927475,73.95960353658457,74.83937223047887,59.40772355243034,104.55901333187147,0.20619692840988157,132.27545510733952,11.183164670351502,113.07815805457938,149.79949711067906,2.590199945611605,0.9305055987126556,868.0,16979.0,150.1049555156986,14226182.0,255.0
1778,71.12,1316.3592428258728,626.9791855943088,1316.3592920671354,626.9792891981065,1325,481,55768.0,133.23477673902426,60.50305397567708,73.9227119346091,74.79359464785576,59.4231022398119,104.51066030053282,0.20550546447742513,132.2649126501243,11.14250163693087,113.29727193847572,150.0859831026639,2.5964673155403792,0.9366184722798386,865.0,16927.0,150.12891205735554,14220824.0,255.0
1779,71.16,1316.489113988336,627.005252437727,1316.4891872005169,627.0054198596579,1325,481,55721.0,133.17862128752873,60.480586067766474,73.90664000569498,74.80285104701075,59.36856241539477,104.6959004157152,0.20633289260480348,132.19143940116658,11.2024896000748,113.16567692777166,150.23370092741914,2.617360599627224,0.9229803517114253,871.0,16972.0,150.1576923582244,14208831.0,255.0
1780,71.2,1316.4807728024332,626.9930257580174,1316.4808496134044,626.9930753637228,1325,481,55743.0,133.20490976515484,60.49820662472736,73.90433095852507,74.79362259763354,59.39526208342019,104.6536786022935,0.2058779877136283,132.23748530898106,11.16041629849713,112.9256400030269,150.05974033816034,2.5700800802100954,0.9254686182536971,870.0,16935.0,150.14818535672953,14214448.0,255.0
1781,71.24,1316.4298125534017,626.912493837926,1316.4298753698556,626.9126333721869,1323,482,55765.0,133.23119305567704,60.520697864125374,73.9065271891338,74.79274637876415,59.42200535357912,104.63983092081303,0.20551111931823962,132.25764341765537,11.152009853164644,112.98322157015866,149.84911866369984,2.597755853284452,0.9194816852655381,873.0,16892.0,150.10669170724415,14220050.0,255.0
1782,71.28,1316.3517842740928,627.0371396871604,1316.3518561713886,627.0373207973732,1322,482,55733.0,133.19296110035697,60.48436438220984,73.90649542550523,74.78532054173533,59.394311447057454,104.56903257060053,0.20580254230626238,132.20702077149613,11.169751030366013,113.29984738455653,150.14322483211978,2.603665283069206,0.9231791235249344,871.0,16884.0,150.1769755155912,14211886.0,255.0
1783,71.32,1316.3362920971408,626.9639392705518,1316.336399827846,626.9640987016713,1322,482,55764.0,133.22999847314006,60.484963369310805,73.94172540120194,74.82295507064957,59.39137095226189,104.57149684699739,0.20624130794910234,132.2568912450325,11.181802088187526,113.32142259512423,149.94573830673508,2.514550867013454,0.913178273674346,876.0,16960.0,150.19339943054888,14219790.0,255.0
1784,71.36,1316.3333645819023,626.9887986529852,1316.3335065586696,626.9889972045014,1322,482,55804.0,133.277773423029,60.54227395117635,73.94026028683899,74.83989096500108,59.426591243411686,104.73303531480346,0.2059503230542844,132.3055026495103,11.185145532401648,113.03671802862337,150.10346463239927,2.6026783717595805,0.9201247371031667,873.0,17018.0,150.2135130068244,14229985.0,255.0
1785,71.4,1316.4240067920384,627.0199054068567,1316.4243467656606,627.0200857229963,1325,481,55761.0,133.22641466126134,60.484011405288314,73.93948765911615,74.81022681478875,59.40364832977431,104.49388234842279,0.20594214375471998,132.25152199669049,11.180004512921277,113.2293231815008,150.10321437882916,2.5866985228401593,0.9027938685753107,881.0,17024.0,150.16145160518028,14219001.0,255.0
1786,71.44,1316.3457165479977,627.0780166225778,1316.345905520284,627.0782309265038,1325,481,55758.0,133.22283075297491,60.47550817872005,73.94198956948071,74.8138905624917,59.39349029877892,104.49778213828773,0.2061168072903813,132.24148807459676,11.17489194165974,113.09330159383603,149.80495818644363,2.5213395600881974,0.9089249390510619,878.0,16990.0,150.19285525248776,14218252.0,255.0
1787,71.48,1316.3438759618716,627.0662007631206,1316.3439766479828,627.0663670063216,1323,482,55841.0,133.3219500097004,60.56345681418144,73.94405393689469,74.81506027391507,59.48413376788863,104.5284127300362,0.20491765227343806,132.34442017268768,11.124275216894658,114.00245782462852,149.81605212348725,2.566618232294721,0.9061450174024155,880.0,17117.0,150.19529583422846,14239428.0,255.0
1788,71.52,1316.4159395618183,626.9949555190221,1316.416066243682,626.9952145391978,1325,481,55794.0,133.2658312912144,60.4850211139263,73.9892414451095,74.87538901996176,59.38452448141864,104.5868693133315,0.20688860173285062,132.2835973139513,11.226220044857282,113.89356709669985,150.6636570146985,2.5693397649760206,0.9074435372411711,879.0,16982.0,150.27003338529974,14227430.0,255.0
1789,71.56,1316.375428684649,626.94992341753,1316.3755266696548,626.9503182429404,1325,480,55775.0,133.2431382919996,60.496748110033984,73.94413629515348,74.8266559438792,59.40171196675615,104.58512870486094,0.20614236708228584,132.25561640750016,11.173093882444062,113.98912055457278,150.21853742944316,2.5548680914157136,0.9112766792253093,877.0,17219.0,150.03660861127253,14222576.0,255.0
1790,71.6,1316.4261909222075,626.976279786669,1316.4263138091057,626.9763666660695,1325,480,55811.0,133.2861322786566,60.5121650692986,73.97007328724595,74.83722133528092,59.4363875610619,104.4656385452379,0.2057910956530733,132.30556064255794,11.175104653381364,113.97786017183498,150.47770738415701,2.5960347615908077,0.8954536823492608,885.0,17285.0,150.14590467628267,14231786.0,255.0
1791,71.64,1316.3677098430876,627.0601590151357,1316.3678830807853,627.0604501031113,1325,480,55765.0,133.23119305567704,60.50604733511378,73.92285144521348,74.79966722093802,59.4186798367909,104.55623421322092,0.20562908841179517,132.25756250646685,11.175610643633988,113.82570503041389,149.92981331020619,2.6180377356118893,0.906971876084416,879.0,17271.0,150.1173099359247,14220030.0,255.0
1792,71.68,1316.4657830417007,627.082834572082,1316.4659119406729,627.0829900046574,1325,481,55826.0,133.3040423471708,60.57959957077202,73.91700730878304,74.8066382601487,59.47754808208743,104.6863243184929,0.20491617501581338,132.3394293562172,11.15333155889296,113.72559615236764,150.1495691483492,2.619206615310938,0.9183823106331593,874.0,17157.0,150.16931071185815,14235602.0,255.0
1793,71.72,1316.4638827285457,626.9613773766916,1316.4640707837798,626.9615811720877,1323,482,55832.0,133.31120570084647,60.59109901459735,73.91122832773505,74.80263877729902,59.48710939913154,104.70718391292301,0.20474584357598113,132.34056264971818,11.130351596027223,114.14748264424371,149.97242119450533,2.6178572509671145,0.9018947919602703,882.0,17210.0,150.14811569233936,14237122.0,255.0
1794,71.76,1316.4587407655604,626.9005674302882,1316.4588378591388,626.9007666403954,1326,480,55828.0,133.30643017449933,60.56510781169409,73.92810196946044,74.80946713968221,59.47302053306084,104.61362069945508,0.20500676175096366,132.3367517130445,11.120541678212751,113.91442052543783,149.5998373089682,2.5688394361090503,0.9079965192870219,879.0,17132.0,150.14477424358788,14236110.0,255.0
1795,71.8,1316.3463748989427,627.0373102181347,1316.3463910502348,627.03750582667,1326,480,55778.0,133.24672165407853,60.487086323100506,73.9653008873013,74.84726741328652,59.392254612627774,104.56742304447202,0.20648733527331475,132.26300558515666,11.21285714321805,113.46063479447243,149.9943719424892,2.5960278045236245,0.8829119479213206,891.0,17250.0,150.15933029787126,14223369.0,255.0
1796,71.84,1316.417495311303,627.0087547419498,1316.417564490974,627.0089991574494,1326,480,55783.0,133.2526937100725,60.52949575761531,73.92170619857883,74.82013958091817,59.41536179366495,104.72696899099122,0.20589079188488968,132.2781387400395,11.168772566302248,113.39341404277751,150.7315812373905,2.5628376927315273,0.911407386772307,877.0,17137.0,150.1370812056513,14224634.0,255.0
1797,71.88,1316.3834616303252,626.9882370303768,1316.383523083819,626.9884356790676,1323,482,55775.0,133.2431382919996,60.478447129123595,73.96120169845693,74.82510457596874,59.40627617537873,104.43062504459061,0.20606490947079825,132.26003378692351,11.187564585962749,113.42964646903407,150.638433648784,2.574216007329701,0.9196465703521095,873.0,17150.0,150.1368448996108,14222599.0,255.0
1798,71.92,1316.4080589134323,627.0217446707302,1316.4082646109716,627.022015059161,1322,482,55780.0,133.24911050859532,60.504711502329435,73.94727729241178,74.82985270955882,59.40970523750044,104.58761443608726,0.206069461768279,132.26643546163137,11.197997981465427,113.2450602376298,150.79770114903255,2.6142701218845477,0.9176255738744963,874.0,17080.0,150.07457930309673,14223853.0,255.0
1799,71.96,1316.3961698056573,627.013436820562,1316.396250089625,627.0135871513587,1322,482,55788.0,133.2586654984257,60.5428313222828,73.9106544128485,74.79520192287163,59.44658972195773,104.6353074628858,0.20520851346509228,132.27917415204996,11.154822917893593,113.25760275906333,150.27177906620503,2.6013829893977625,0.9011840280462738,882.0,17198.0,150.15948049683894,14225910.0,255.0
1800,72.0,1316.4198583448167,627.2037784699505,1316.4198580034424,627.2040841939186,1324,482,55776.0,133.24433275673343,60.50081706836536,73.93952110422413,74.81929513630082,59.409382443928216,104.56856159757935,0.2059617464224951,132.2587353287904,11.169457887790424,113.0554734924421,150.443946818964,2.550389653733089,0.8928731960245622,886.0,17115.0,150.095553649292,14222847.0,255.0
1801,72.04,1316.4071752405935,627.0070061858601,1316.4072720104655,627.00741895597,1324,482,55803.0,133.27657925800045,60.52476713730504,73.93327646982945,74.79819275594492,59.452562325216455,104.47062371088765,0.2051604439267526,132.2965651040191,11.125147910161152,113.9942458254016,150.78406806086952,2.531496855788212,0.8933054173436361,886.0,17152.0,150.16274828581504,14229711.0,255.0
1802,72.08,1316.4251645339145,627.0510290951995,1316.4252863262416,627.0514042980302,1323,482,55793.0,133.26463701917413,60.52365470729922,73.93024184171476,74.79602460141298,59.45038386526733,104.47800423960217,0.20516652880848107,132.280501975572,11.14001521198031,113.2255672862718,150.8197590136051,2.642365421418848,0.8931453353736087,886.0,17147.0,150.16895933669568,14227158.0,255.0
1803,72.12,1316.3009663865043,627.0961429846661,1316.3010652415624,627.096553208278,1325,481,55762.0,133.2276092759325,60.5184133642369,73.8963811726793,74.76197512965994,59.4457784981799,104.4893541356441,0.20486613154504163,132.25876934778535,11.120676420606411,113.13629000008324,149.93968677293947,2.6545449419164013,0.9236594887409145,871.0,17121.0,150.05033429140101,14219259.0,255.0
1804,72.16,1316.325733063683,627.0430042700896,1316.325827387142,627.0432607838216,1325,480,55778.0,133.24672165407853,60.54276877771883,73.89383643709458,74.77526349647324,59.450701288524826,104.61964241957466,0.20494160089012858,132.27559059004554,11.128396290406092,113.44857817789534,149.86610689055175,2.62390028109886,0.8989828253671989,883.0,17188.0,150.04132808997926,14223355.0,255.0
1805,72.2,1316.3548449145144,627.0764373638151,1316.3549336203803,627.0765877287406,1324,481,55740.0,133.20132527825874,60.47849934173694,73.90063976058676,74.74857558704574,59.427299176053786,104.33646410614901,0.20497081436889875,132.2283973674334,11.1135207730671,113.08434722961748,149.8387855997845,2.5766200896520015,0.9065652716389374,879.0,17109.0,150.05938417194153,14213677.0,255.0
1806,72.24,1316.337889007984,626.9968880486747,1316.3380029057776,626.9970045380352,1324,481,55751.0,133.21446792534402,60.490396294322736,73.91648769214582,74.78667284848058,59.41118380272941,104.50269682227946,0.20559129668600507,132.25741697980496,11.15982649104809,113.44052773997662,150.27519374016182,2.586592016659864,0.9234772812451979,871.0,17141.0,150.02444010045846,14216482.0,255.0
1807,72.28,1316.3567130580425,626.9606715219666,1316.3567561753846,626.9607607643495,1325,480,55786.0,133.25627681519902,60.53981337722767,73.897136112971,74.7586404780899,59.47269460278569,104.4675185447536,0.20447062409841688,132.27846233135804,11.103167420575009,113.95644187399384,150.149213183571,2.60334807056537,0.8970787236807202,884.0,17219.0,150.01538074067292,14225417.0,255.0
1808,72.32,1316.3160779262594,626.9794596750899,1316.3161821409997,626.9796086730394,1325,480,55759.0,133.22402539978285,60.51434334055271,73.89109711607054,74.75395549899658,59.445152201074414,104.46932385911528,0.20478920741695938,132.2614802317483,11.109431988780296,113.34025891586586,150.285770699019,2.5876880914454463,0.9300052282460515,868.0,17183.0,150.09111590201547,14218519.0,255.0
1809,72.36,1316.2405447003582,627.0507285335273,1316.2406510192363,627.0509797588286,1325,480,55728.0,133.18698636597455,60.48997683310805,73.88250193030836,74.74969462195813,59.41501950412853,104.49516160645054,0.20514699351460564,132.20906443816196,11.12103525363588,113.1601730113683,149.7468535130099,2.5767482543844142,0.8981769674793513,883.0,17087.0,150.06197685694295,14210602.0,255.0
1810,72.4,1316.3777142019553,627.1014480270819,1316.3777207558005,627.1018320802455,1324,481,55729.0,133.18818133429284,60.4785982234441,73.90162389157754,74.77360447576746,59.39712897595683,104.51760889157134,0.20564042094284507,132.21313777562733,11.148832920887603,113.0192610777303,150.48169417735608,2.5674080823041185,0.8901103983095704,887.0,17093.0,150.05511391030956,14210853.0,255.0
1811,72.44,1316.3154420779297,627.0649146489534,1316.3154557179707,627.0651691028947,1323,482,55824.0,133.30165447706915,60.55778789160423,73.93480507777454,74.81170375317146,59.47108589693614,104.5741280122253,0.20505638939662552,132.32773846192464,11.144576172444532,113.12460844344416,150.03905795834913,2.620141629785649,0.8936415894806934,886.0,17192.0,150.14967362229874,14235092.0,255.0
1812,72.48,1316.315939415732,627.0534656061502,1316.3159092946132,627.053724119387,1325,481,55785.0,133.25508245752866,60.46919815395899,73.98625769671345,74.85068950351605,59.39582926599713,104.41961186663362,0.20647585666920198,132.2675127437516,11.209747121222223,113.45741591001479,150.17028544663708,2.5828600350163065,0.9031824385946039,881.0,17218.0,150.13550977524403,14225145.0,255.0
1813,72.52,1316.2964377654241,627.0577645252645,1316.2964902526946,627.0578381965242,1324,481,55759.0,133.22402539978285,60.5264142053327,73.89095563705308,74.7757060668276,59.42990765363724,104.63843975686486,0.2052243866407053,132.23693277543015,11.143918454982469,113.47646507610186,150.18067479661886,2.613724315734168,0.8926010566755157,886.0,17063.0,150.10588147353263,14218519.0,255.0
1814,72.56,1316.3771422098478,627.0384528113524,1316.3771785125152,627.038729111382,1325,481,55772.0,133.23955483354922,60.50358135775623,73.93548328730165,74.81483938065287,59.412783594851035,104.56845426656504,0.2058689948853223,132.25188834473585,11.176970471837103,113.429950746628,150.8236230021512,2.644553917116089,0.8988861224206571,883.0,17074.0,150.20217752826295,14221821.0,255.0
1815,72.6,1316.3998625549868,627.0618844941637,1316.3998745069916,627.0621548942273,1323,482,55780.0,133.24911050859532,60.48900192233866,73.97506363316377,74.87232955622366,59.374772925170454,104.67674279035249,0.2069864357488126,132.25687052877998,11.230107162207611,113.00048777816804,150.44995379797155,2.6469728301196946,0.901054798243729,882.0,17062.0,150.27211100018926,14223870.0,255.0
1816,72.64,1316.3601105747034,627.0867476264461,1316.3601442514712,627.086945600689,1326,480,55736.0,133.19654581234363,60.42749566494034,73.96684724526531,74.82379234106496,59.363093108782536,104.35389331440783,0.20662811585128982,132.19864036150457,11.214684410335613,113.41050142791255,150.8748294438638,2.5475757804577004,0.8902222031649987,887.0,17040.0,150.1545395340414,14212654.0,255.0
1817,72.68,1316.3599030471205,627.1149767424727,1316.3598766649338,627.1152143126042,1323,482,55783.0,133.2526937100725,60.49533521482025,73.95479982785014,74.83188978170683,59.40695474462003,104.53941867454303,0.2061278297539071,132.25905769265177,11.189655335038411,113.07593331082906,150.9015633496704,2.561192331409594,0.9011032594196833,882.0,17031.0,150.18326096340022,14224642.0,255.0
1818,72.72,1316.2626774175753,627.0939813394643,1316.2626608365292,627.0941364108813,1326,481,55802.0,133.27538508227198,60.508127734393504,73.95709183399408,74.82923076649797,59.42618259115848,104.50701185659986,0.2058426635896361,132.2950485892927,11.16224575293991,113.50692735195791,150.8071127726451,2.492263607968509,0.8993696371533656,883.0,17097.0,150.09968194249547,14229495.0,255.0
1819,72.76,1316.2381343249315,627.0838604204757,1316.2381251232764,627.0839534508418,1324,481,55769.0,133.23597127871972,60.45994677328953,73.9792238970775,74.85682100770558,59.36991730551134,104.51707658293985,0.20688700767295543,132.2467273011116,11.218629585607408,113.15981336720687,150.2242730077706,2.5290148593855077,0.9153487971163387,875.0,17087.0,150.13523321859927,14221083.0,255.0
1820,72.8,1316.3361185464832,626.9662116943496,1316.3361438002296,626.9662743972445,1325,480,55744.0,133.20610457268552,60.458474002585305,73.94503455728893,74.8117440301475,59.38264198878011,104.45020789400796,0.2062390369505327,132.22607992155312,11.185183968934211,113.07203190182236,150.90404012042654,2.5684600452472264,0.9149384666472982,875.0,17152.0,150.0430591927435,14214711.0,255.0
1821,72.84,1316.3593339263127,626.9707864380972,1316.359396310387,626.9709281458618,1325,480,55724.0,133.18220638548362,60.45704842300269,73.91776010998286,74.78308748578462,59.38332922455383,104.45124234676983,0.20592568158085345,132.20499852301108,11.158467214652752,113.01385561086887,150.65918717491644,2.5723641789765312,0.9063050447938312,879.0,17068.0,150.04897262188268,14209599.0,255.0
1822,72.88,1316.373668824749,627.0140043114754,1316.3737152696813,627.0142239601083,1325,480,55751.0,133.21446792534402,60.48351106749903,73.92302796062276,74.79935945487507,59.396338263058645,104.54273106021745,0.20592450662774398,132.2488391135026,11.164510819468182,113.27997596395933,150.1142485947562,2.5073389676788804,0.9046845662721309,880.0,17067.0,150.0764626664232,14216479.0,255.0
1823,72.92,1316.321517473961,627.0612073294745,1316.321563840672,627.0614442908686,1325,480,55709.0,133.16427993051587,60.50530340547184,73.85789627164115,74.74797345939197,59.40219731268145,104.6834700969031,0.20530023004633502,132.1814005688558,11.14826324584855,113.11888233277686,149.8430681795567,2.6597672348859462,0.8818197444646428,891.0,17162.0,150.11645254900955,14205766.0,255.0
1824,72.96,1316.338826913253,626.9532468452717,1316.3389201591797,626.9535367296454,1325,480,55786.0,133.25627681519902,60.52973644432122,73.9196661387294,74.78942222628122,59.45173133845001,104.51519207610937,0.20507834438706896,132.27302834209283,11.1484380513828,113.03683463363012,149.6388810956316,2.63074388018782,0.8950525724953121,885.0,17284.0,150.10310846924423,14225393.0,255.0
1825,73.0,1316.2753700091241,626.9791489244956,1316.2754637104008,626.9794604097156,1325,480,55746.0,133.20849415559653,60.51214447035288,73.8843899958508,74.75470140793735,59.43363804168449,104.52740321375008,0.2049511679893633,132.22713605228498,11.122365743432045,113.09550455979922,149.6938001366275,2.594279043733681,0.8903819243870392,887.0,17195.0,150.11748233230048,14215190.0,255.0
1826,73.04,1316.327477283865,626.9593582369898,1316.3275373241459,626.9596612115993,1325,480,55728.0,133.18698636597455,60.49974820655868,73.87481965586926,74.74368010273118,59.422982060350975,104.51536968524027,0.2049765013085083,132.2049990015943,11.115445358578596,113.33059133903426,149.59014706542615,2.613880754069605,0.9002148045271876,882.0,17173.0,150.05991399593444,14210604.0,255.0
1827,73.08,1316.3059408638185,626.990065599186,1316.306025824964,626.990243902439,1325,480,55760.0,133.22522003587824,60.47761604837906,73.94863937380327,74.82860844290686,59.385374181107025,104.55587314087379,0.20638141725678083,132.2447989079488,11.19473688024229,113.06361329853807,149.74956652193836,2.532819905293821,0.9027776781578403,881.0,17145.0,150.16284037693268,14218774.0,255.0
1828,73.12,1316.4168277726524,627.0023466908974,1316.4169190787704,627.0025808764226,1325,481,55795.0,133.26702555255218,60.535547761536705,73.90769430590878,74.77137343790419,59.465465058422176,104.47736594728651,0.2047027849795109,132.2951832225367,11.090718295294694,113.23794835774648,150.31548378815552,2.5225701784910024,0.928465119925645,869.0,17052.0,150.1218363683164,14227694.0,255.0
1829,73.16,1316.3743992994694,627.0610080979517,1316.374480212217,627.0612274161169,1325,480,55792.0,133.2634427364311,60.51450269874209,73.93720935083627,74.80583912394108,59.43738214649514,104.49231638348067,0.205444617123844,132.2899454704614,11.149366799723454,113.06622397638195,150.24986481645368,2.5668959869414842,0.8971752079660621,884.0,17043.0,150.24039225178385,14226931.0,255.0
1830,73.2,1316.3276917057567,627.0095139607178,1316.327771604717,627.0097494533854,1325,481,55798.0,133.2706082723537,60.52325895851025,73.93587656540805,74.80582702832928,59.44465460461376,104.50661681061204,0.20534727084693782,132.29420872562972,11.139615809486843,113.03911534650457,149.97423533199984,2.561060245033322,0.9054472463068352,880.0,17093.0,150.26397426142145,14228459.0,255.0
1831,73.24,1316.4003974662442,627.036983567538,1316.400620282892,627.0372886825263,1323,482,55781.0,133.25030491979382,60.50733548607533,73.93873072545706,74.81041180476262,59.42622177555924,104.51138536399567,0.205642365254618,132.26791527083827,11.177978712078236,113.25141972540862,149.76301261461447,2.6224359797476713,0.9051713833155592,880.0,17103.0,150.10619013371587,14224101.0,255.0
1832,73.28,1316.350111678989,627.0177867906943,1316.3502357856232,627.0180559789137,1325,480,55771.0,133.23836032598192,60.50294720127623,73.93219158304758,74.80698330111726,59.417933502430344,104.53562830234053,0.20571675423325186,132.2532884389879,11.164526812154165,113.30313244992873,150.81297137797583,2.6168530394131766,0.8828011446720925,891.0,17063.0,150.11577199166643,14221565.0,255.0
1833,73.32,1316.3567476504172,626.9524526657883,1316.3568958411724,626.9527674747801,1326,480,55809.0,133.28374408768374,60.552632077540295,73.91427585302336,74.7876223023559,59.4706059894714,104.55450432648122,0.204806836229663,132.3069335998497,11.09634041477757,113.30200829233543,151.01975642274647,2.5706819439142947,0.8834026480250454,891.0,17057.0,150.18821859992426,14231250.0,255.0
1834,73.36,1316.4030249146622,626.9934836389587,1316.40312858783,626.9937571756602,1325,481,55744.0,133.20610457268552,60.50287981655768,73.89106633571802,74.7711059376525,59.41186638363293,104.59305071645673,0.2054167764594359,132.2303183242545,11.123370627354733,113.25244567986749,150.08532800677355,2.5323479339794543,0.919135426583738,873.0,17017.0,150.06633430744427,14214682.0,255.0
1835,73.4,1316.4366332941354,626.9796698070269,1316.4366809091234,626.9797673333094,1324,482,55702.0,133.15591342561362,60.46692393982015,73.88029211944213,74.74395743515777,59.39602075332506,104.45958760533898,0.20534016673050015,132.1843587190233,11.15474572896249,113.22011874654588,150.74858666797098,2.6121965860761436,0.9142491114593105,875.0,17032.0,150.120175404814,14203997.0,255.0
1836,73.44,1316.3499672211756,626.9024488545556,1316.350034969424,626.9025698043506,1306,482,55763.0,133.22880387989198,60.50105073426543,73.92329547114471,74.80304447592414,59.40989219311241,104.57570150686331,0.20578243025611231,132.25955347612086,11.1683790594794,113.47314799218121,150.65308975817348,2.575703098009067,0.902826249410252,881.0,17082.0,150.19878658156665,14219546.0,255.0
1837,73.48,1316.3814972888522,626.9503699175696,1316.3815359770322,626.9504396195945,1325,481,55730.0,133.18937629188994,60.46442741183135,73.91253280043955,74.7693713113749,59.4016043631687,104.3927444815451,0.20553559136143562,132.21443740828676,11.149873595426385,113.43611319123171,150.53071765264286,2.5704693613746494,0.906402629860746,879.0,16966.0,150.15344573631134,14211139.0,255.0
1838,73.52,1316.3676629048487,627.0536443847936,1316.3676578791524,627.0537659494285,1324,482,55723.0,133.181011363555,60.47948322193531,73.88720599046438,74.75372326571379,59.40511726932919,104.48343008302608,0.20532229467457608,132.213359802403,11.13238620076782,113.28264723793373,150.31909217524486,2.5566314819297355,0.9104270801698234,877.0,17024.0,150.09218404423797,14209353.0,255.0
1839,73.56,1316.3625874851382,626.9430775426822,1316.3626426879173,626.9432479000645,1325,480,55716.0,133.17264590979667,60.49491333669114,73.87455128770853,74.7595535503671,59.39775265549905,104.63382626469944,0.2054827799970539,132.19955481621642,11.145368469744634,113.29698017356986,150.73831115985877,2.636105790597049,0.9020652997891361,881.0,16899.0,150.1586362535776,14207556.0,255.0
1840,73.6,1316.3791334411146,626.9941587935293,1316.3791841567108,626.9942596778244,1324,482,55746.0,133.20849415559653,60.46798131851104,73.94882825740001,74.83326638551296,59.36992679339515,104.58474815140002,0.20663723954606594,132.22447864725538,11.218524160941579,113.27619491894451,150.09370377588317,2.6001140674330365,0.9149712930848215,875.0,16906.0,150.30055622739977,14215214.0,255.0
1841,73.64,1316.4282021914464,626.9649175865613,1316.4282637567753,626.965127965828,1324,482,55718.0,133.17503609306232,60.486805930148265,73.8733167639697,74.73951845119011,59.41317196569662,104.49041645425021,0.20506348987922118,132.21485122881464,11.115887944676635,112.98039005239445,150.73741443456206,2.5830675889802643,0.9082728891647309,878.0,16881.0,150.1933381291833,14208059.0,255.0
1842,73.68,1316.4433537972122,626.9549660320993,1316.4433224522008,626.9552139756788,1325,481,55754.0,133.21805205861205,60.52461110041213,73.88183103194875,74.76413168648699,59.4312890542952,104.62354651533039,0.2050828691020975,132.25438188011123,11.118951116639735,112.96613357519675,150.0427941844721,2.582610355502122,0.9088597340624287,878.0,16940.0,150.1506516921908,14217246.0,255.0
1843,73.72,1316.4153781119421,627.0069350895681,1316.415391514934,627.0070858372949,1325,480,55745.0,133.2072993694993,60.495213103370546,73.91403649487187,74.80837150766794,59.38571504796588,104.68520792571788,0.2061621734155945,132.2260472695718,11.184562775948034,112.98963016451664,150.78131139830526,2.5487397357391193,0.9149548798660598,875.0,16992.0,150.15391021513614,14214957.0,255.0
1844,73.76,1316.3649125377738,627.0461058383621,1316.3649497487436,627.0461414213927,1325,481,55720.0,133.17742623343048,60.49905545569497,73.86241985794182,74.73620193555433,59.41626796215139,104.55749086970117,0.20498678788378166,132.20616222114955,11.120502740565719,113.03663246946596,150.728603591818,2.566242510663856,0.9250867626266258,870.0,16989.0,150.090960296632,14208591.0,255.0
1845,73.8,1316.321836121293,627.0673916698145,1316.32180588689,627.067532420943,1325,481,55751.0,133.21446792534402,60.51771065173708,73.88798564844407,74.76981580961329,59.42476225874656,104.61425430917838,0.20523059184658032,132.2285007847404,11.130735690369299,113.11802175489015,150.81921706939895,2.5865075806772873,0.8965158986828922,884.0,17006.0,150.08143544652015,14216490.0,255.0
1846,73.84,1316.3657978482079,627.009999032422,1316.3657766859724,627.0101848697304,1325,480,55769.0,133.23597127871972,60.5164506032615,73.91106809716243,74.78843398900167,59.42875501264611,104.57013240425272,0.20537505810877588,132.25602551184315,11.148934203173804,113.03877557614786,150.80046760835694,2.5824877066127105,0.8907492831977324,887.0,17013.0,150.16508324694104,14221076.0,255.0
1847,73.88,1316.327452992472,626.8850967794187,1316.3274291860882,626.8851738974543,1325,480,55780.0,133.24911050859532,60.523531705674145,73.91012820284546,74.77184260829297,59.45566830882871,104.45623539929991,0.20483879713518705,132.27908486468888,11.123989858241256,113.08753317019728,150.64403390278125,2.6016855130785914,0.8829436059925287,891.0,17073.0,150.20057542606136,14223892.0,255.0
1848,73.92,1316.2982464046067,627.0379275119456,1316.2982449850313,627.0379685567287,1324,481,55783.0,133.2526937100725,60.52112644763832,73.92526367078122,74.80543809868824,59.42977188370214,104.58675648206611,0.2055420916685431,132.27061304303626,11.156855272081922,113.10374579172894,150.79802233442692,2.579418647060677,0.903150057759663,881.0,17221.0,150.16159094550898,14224661.0,255.0
1849,73.96,1316.276859094111,627.0620569653522,1316.276856912463,627.06216288863,1324,481,55805.0,133.27896757735797,60.497241351620005,73.98121597606408,74.84004248078084,59.431511590469576,104.39168508502668,0.2058861857844111,132.30283886340473,11.216169598774243,113.12304161761831,150.51160562102123,2.6570663423240872,0.8994179886266366,883.0,17228.0,150.17158747009765,14230264.0,255.0
1850,74.0,1316.271840271089,626.9706719790734,1316.2718615494978,626.9707317073171,1325,480,55760.0,133.22522003587824,60.53075973248222,73.8719756233522,74.73987258103558,59.45580798256128,104.52296254931115,0.20449679763506134,132.2688357529475,11.090198109601605,113.13570259426268,150.42689232076089,2.526096906624142,0.9152010781474841,875.0,17167.0,150.04188781865375,14218791.0,255.0
1851,74.04,1316.250205869337,627.1507648605026,1316.2502331587632,627.1509433962265,1325,481,55756.0,133.2204414272203,60.4992104833794,73.9068383683612,74.77504686165724,59.42278682085076,104.49599128386838,0.2053126100905025,132.23760903313078,11.12958777824355,113.2292465899826,149.93168562978107,2.539210776582702,0.9256844496950852,870.0,17190.0,150.08507470841414,14217756.0,255.0
1852,74.08,1316.32928732281,626.9519696014962,1316.3293452914797,626.9521255605381,1325,481,55750.0,133.2132731928254,60.53441953069596,73.85845492112735,74.74098998484746,59.44133012760934,104.64012635437552,0.20470239771161558,132.23394891159194,11.078625586183819,113.08004001215981,150.86436023863732,2.531634452750894,0.8964998179686685,884.0,17073.0,150.10947268471006,14216226.0,255.0
1853,74.12,1316.3181545864063,627.0158418024006,1316.318202198827,627.0159621213479,1325,480,55757.0,133.22163609545416,60.48302977041368,73.93936329445914,74.81932889428332,59.39102927553807,104.56231553659732,0.20620740451367603,132.24187068764027,11.19089933050556,113.33513857144206,150.82162613150308,2.5939281264508605,0.8905576177312837,887.0,17146.0,150.22899535394745,14218016.0,255.0
1854,74.16,1316.4057137877096,627.0268198026354,1316.4059047209068,627.0268869278232,1325,481,55752.0,133.21566264714784,60.526390508415034,73.87229557397713,74.75086133528424,59.43794016433696,104.60079597956232,0.2048527722277791,132.24001095729332,11.104431860058963,112.99759124208715,149.89713692827846,2.5734953954869746,0.8985637792655182,883.0,17116.0,150.1119891289132,14216734.0,255.0
1855,74.2,1316.3231396111055,626.8848354669778,1316.3232397524441,626.8849044757378,1325,481,55745.0,133.2072993694993,60.531998109352244,73.8635831077101,74.75183166235422,59.431602432908356,104.67916083304901,0.20494787737972298,132.24311788695357,11.110531209990697,113.3412127245642,150.64519466946228,2.5882192419175016,0.9087130228380041,878.0,16975.0,150.13609975275997,14214958.0,255.0
1856,74.24,1316.3003271582581,626.9981140313479,1316.300532821442,626.9982956889901,1325,481,55741.0,133.20252011794176,60.492712849196884,73.89704476368516,74.76786833017272,59.413023808113266,104.51712587638562,0.20536688907931555,132.22843227105062,11.129568325596225,113.10500985765151,149.74354516968327,2.5519834365708927,0.8983864905301917,883.0,17127.0,150.10684986748916,14213916.0,255.0
1857,74.28,1316.398058562496,626.9600471205757,1316.3982994600606,626.960195167453,1325,480,55747.0,133.20968893097748,60.46215772968534,73.93942548645366,74.80689203328294,59.385520650381864,104.45994613553447,0.2061490721475212,132.24338562407675,11.164327796333735,113.9154658751309,149.8653451615706,2.510858249374407,0.9128998856345271,876.0,17073.0,150.03669998308163,14215446.0,255.0
1858,74.32,1316.357227073333,627.0223827282018,1316.357251744113,627.0227048548217,1325,481,55759.0,133.22402539978285,60.47250149623534,73.94437489098405,74.79987106035422,59.41105372390699,104.37206373029329,0.20573320673280793,132.2462562804728,11.173913524650871,113.29565773269894,149.93755164240744,2.6119296814499746,0.9007155700120489,882.0,17054.0,150.04633701550978,14218508.0,255.0
1859,74.36,1316.3946880659805,626.9311600948022,1316.3947755570707,626.931303598981,1325,480,55738.0,133.19893556673838,60.49087013580537,73.89832535201775,74.76530603406344,59.4159648011574,104.4869254707371,0.20530031972199525,132.22297246572052,11.153085415963352,113.2660021603152,150.5808386218198,2.6004422380754417,0.8902541474094068,887.0,17010.0,150.1666708906,14213166.0,255.0
1860,74.4,1316.4540233318232,626.9802791880063,1316.4540681003584,626.980358422939,1325,480,55800.0,133.27299669871434,60.53322016301546,73.92124816884531,74.78788074006253,59.459184055571264,104.49255250630254,0.20496230850247854,132.3020546758632,11.106599518491695,113.90679476658892,150.05633004793123,2.5389340803712517,0.8734298771838651,896.0,17255.0,150.13034069132289,14228978.0,255.0
1861,74.44,1316.3204334844006,626.9859332131934,1316.3205734767025,626.9860215053764,1325,480,55800.0,133.27299669871434,60.500763061980685,73.94062544003326,74.77048237753752,59.47212276836578,104.18982451798078,0.20460426524903175,132.29906809082692,11.08959779960961,113.29742718812753,150.05713277485992,2.5039616738862023,0.8973038536798512,884.0,17222.0,150.0553077586572,14228978.0,255.0
1862,74.48,1316.4069638885155,626.9178795732124,1316.4071838050877,626.9180759584378,1325,480,55820.0,133.29687860853755,60.537849893729984,73.9370793420545,74.78833095360353,59.48301038585148,104.37125640841651,0.20464851097221337,132.33668641508424,11.11058751470487,113.25489401054969,151.12331169527297,2.5848345992382247,0.8996597459929909,883.0,17226.0,150.08129580428132,14234059.0,255.0
1863,74.52,1316.3317166008032,626.9684877079694,1316.3317913685833,626.9685510910297,1306,482,55773.0,133.24074933040777,60.51249702309035,73.90858837537533,74.76899077144506,59.44610795190672,104.4422197372168,0.20493633338421746,132.2704628716579,11.102219473143336,113.32559887597729,150.90763435460653,2.5449388284378065,0.9029881535849573,881.0,17230.0,150.06553278731192,14222101.0,255.0
1864,74.56,1316.3586210004487,626.9930710874398,1316.3587845105772,626.9931337396916,1323,482,55780.0,133.24911050859532,60.54468432193745,73.893236437712,74.77282386529114,59.4549745781866,104.60705472256456,0.20485851002097766,132.27718680194965,11.12003697049843,113.42021393173572,150.42072752027002,2.6227727595287047,0.9072158387517032,879.0,17130.0,150.08264631890162,14223877.0,255.0
1865,74.6,1316.3044423619622,626.982664179688,1316.3045863664074,626.9827876788468,1323,482,55774.0,133.24194381655778,60.48780765987374,73.94448701058084,74.79745238609681,59.429817022311454,104.35942496425433,0.20545666828943843,132.26336651040467,11.161898602876915,113.06624000754668,150.58549498088848,2.6332325866945085,0.9071182536847882,879.0,17052.0,150.1275040324057,14222344.0,255.0
1866,74.64,1316.323542711116,627.0237734998678,1316.3236513033962,627.0238073880048,1306,482,55739.0,133.20013042785772,60.51946514652416,73.85754488710748,74.72019100435939,59.45111987712677,104.4849078600818,0.20435000127799163,132.23348105362044,11.084867219238234,113.3291059582623,149.6884671736994,2.5877593543476816,0.9169510911113399,874.0,16924.0,150.07538656949555,14213431.0,255.0
1867,74.68,1316.3070508533851,626.9863337097208,1316.3072176782896,626.9864040751902,1323,482,55752.0,133.21566264714784,60.52271063163823,73.87796021053529,74.74708852748445,59.445977691807315,104.52601599628271,0.20470510807990772,132.2421039669335,11.10937618229613,113.34867629983722,149.91974125463673,2.629620317777264,0.9088271315681122,878.0,16940.0,150.04793326015044,14216733.0,255.0
1868,74.72,1316.3235797670845,627.0343900474484,1316.3238201158806,627.0344771915977,1323,482,55747.0,133.20968893097748,60.498529678090144,73.90339870878339,74.77623775693641,59.4163167895678,104.5319203591064,0.20541179160814071,132.22909919077242,11.149932376452545,113.2868373898888,150.14976402512272,2.5950881331547198,0.8984831934767334,883.0,16988.0,150.16799895290015,14215450.0,255.0
1869,74.76,1316.3704901612416,627.0337631861698,1316.3706477042144,627.0338127816983,1323,482,55689.0,133.14037423595113,60.46579749866344,73.86042558391198,74.72688110150615,59.39165240526092,104.48890969625862,0.20521703127706403,132.16850151255343,11.126157040583571,113.28149002730503,150.13397106154986,2.58563670930107,0.9161285511562713,874.0,16724.0,150.08217925602304,14200674.0,255.0
1870,74.8,1316.339371967927,626.9582477382128,1316.3395186906664,626.9583654864239,1322,482,55723.0,133.181011363555,60.48439235325443,73.87791826616814,74.72945137256404,59.42909744595343,104.37640708651664,0.20474329257859292,132.20278792991704,11.115094122238837,113.47699477928589,150.02478176875454,2.6270644810097665,0.9083543954005221,878.0,16842.0,150.17659761417997,14209338.0,255.0
1871,74.84,1316.28838461612,626.9931224645209,1316.288485326545,626.9932055717898,1306,482,55781.0,133.25030491979382,60.51889206133757,73.90947101800761,74.76137891268498,59.4632863670305,104.38024227001354,0.20462560707342448,132.27865014147926,11.104033368515836,113.36670604977311,150.57942332823782,2.5695706814554327,0.9176420246735976,874.0,16898.0,150.1073818466175,14224136.0,255.0
1872,74.88,1316.2898222292952,627.0756389492897,1316.2899159663866,627.0757200316024,1306,482,55692.0,133.14396036376442,60.452261333313075,73.86959983475226,74.71546515010232,59.403644227113354,104.3230283350333,0.20493509465848514,132.17231027234556,11.118332375404995,113.1491875761891,149.63361694993694,2.567172271913505,0.9203853740411305,872.0,16754.0,150.1771478195435,14201440.0,255.0
1873,74.92,1316.385577868501,627.0154909886908,1316.3856210322442,627.0155302894444,1323,482,55762.0,133.2276092759325,60.4980618469482,73.91279677478975,74.77030690594222,59.43499154117673,104.41223803778072,0.20509900252324298,132.2496593672538,11.128855493108079,113.26798485105408,150.06380812265948,2.5835071634700584,0.9236594887409145,871.0,16955.0,150.13495228073714,14219299.0,255.0
1874,74.96,1316.2530024400664,627.0559396824416,1316.2531000448632,627.0559892328399,1306,482,55725.0,133.18340139668956,60.46599957820117,73.89791109859883,74.74034207150487,59.421541857830306,104.29026111431021,0.20496026361531638,132.20884574670663,11.13937150115176,113.18759345121815,150.77429173453766,2.6230759769774,0.9063213089716503,879.0,16939.0,150.12260260851,14209859.0,255.0
1875,75.0,1316.2846811152597,627.0070897018029,1316.2846950847884,627.0071523321263,1322,482,55786.0,133.25627681519902,60.518110152632346,73.9212524062045,74.78035905854125,59.45326831069578,104.42925446607171,0.2049614489794943,132.2855761925678,11.130139882904366,113.36922561441315,150.13655531042653,2.597114101965021,0.9304555616659953,868.0,17023.0,150.1201383108738,14225422.0,255.0
1876,75.04,1316.2430530320426,627.0454109259799,1316.2430910492997,627.0454798156418,1322,482,55761.0,133.22641466126134,60.511749532495706,73.88428761904359,74.73366278074123,59.45956134913464,104.36901210380606,0.204380474116715,132.26202923292823,11.066967693581917,113.19842949508136,150.82310921280256,2.5322719977739063,0.9173130086915701,874.0,16963.0,150.0395108669389,14219045.0,255.0
1877,75.08,1316.3020769419322,627.0234732676013,1316.3021104158074,627.0236682146635,1322,482,55771.0,133.23836032598192,60.53038473701477,73.8765311389267,74.72668417272342,59.477659689011666,104.38646453891172,0.20406397865138948,132.2754148645276,11.055641728818756,113.35052054536963,150.09860770207635,2.5791544726673856,0.9174775166825838,874.0,16906.0,150.08706053765206,14221582.0,255.0
1878,75.12,1316.343165809579,626.9394270190132,1316.3432260378372,626.9395678292835,1323,482,55765.0,133.23119305567704,60.4969197258611,73.91211844560978,74.7606913672531,59.445080332399755,104.34420401715798,0.2048618164807654,132.2572996850136,11.110645821013486,113.31663963513802,150.74124044631088,2.5618444105744937,0.9215917974467365,872.0,16955.0,150.15184716580973,14220053.0,255.0
1879,75.16,1316.2935604028983,626.9940723082589,1316.2935552725512,626.9941705081524,1324,482,55751.0,133.21446792534402,60.505586938987825,73.88199751398898,74.73372545829669,59.45036489890053,104.38526476795184,0.20450419761188887,132.266110347936,11.093508688845747,113.36146909359027,150.7580982679625,2.5230055387527766,0.9385016505395049,864.0,16866.0,150.08330884449964,14216495.0,255.0
1880,75.2,1316.3666496646965,627.0351667734216,1316.366651114381,627.0352618167462,1324,482,55726.0,133.18459639717318,60.469394348954395,73.89419424742191,74.74297857416747,59.41705773821707,104.34184006309484,0.2050483019049406,132.21986578607917,11.12747703398856,113.24416519080134,149.94823044941262,2.5271367626169448,0.9316001283187318,867.0,16949.0,150.06092551736393,14210118.0,255.0
1881,75.24,1316.3305390236765,626.9319791262163,1316.330594672168,626.9320656561126,1323,482,55745.0,133.2072993694993,60.48662159440713,73.89263789564617,74.73393538281809,59.4440260184222,104.29276381885687,0.20459125143182488,132.23946611153644,11.090506361678553,114.03623595518987,149.8623522781986,2.545555536125519,0.9212612704862965,872.0,16874.0,150.0126020011535,14214960.0,255.0
1882,75.28,1316.3495064973426,627.0149496370244,1316.3496287794555,627.0151716222517,1323,482,55762.0,133.2276092759325,60.52402035467402,73.88233554040637,74.7465150204539,59.45346951268067,104.48740450796078,0.20459877632540313,132.25312139743048,11.093371037372314,113.30397301064907,150.12297086488024,2.55182399558015,0.9194322197395666,873.0,17087.0,150.00981359704704,14219275.0,255.0
1883,75.32,1316.3335284386253,626.8891516719641,1316.333608469406,626.8892696931634,1325,481,55730.0,133.18937629188994,60.50763863327456,73.86119748777735,74.72609439580422,59.43619809217901,104.4950829064176,0.20461254434948395,132.22627380829016,11.089826139179172,113.3304956928618,150.00915406142042,2.565098407083977,0.9043437943417313,880.0,17066.0,150.04761996474696,14211130.0,255.0
1884,75.36,1316.3169552247368,626.9497031168546,1316.3169454754093,626.9499040754487,1325,480,55773.0,133.24074933040777,60.49904309645899,73.93947071416568,74.81800199309859,59.409141744674784,104.55856680881497,0.20595123951378924,132.26776384621874,11.175557691016708,113.09251884008759,150.70852599351034,2.546978715143392,0.8888079654079596,888.0,17075.0,150.21207795392488,14222094.0,255.0
1885,75.4,1316.3443163251304,627.0145946862544,1316.344327271423,627.0148319523655,1325,480,55758.0,133.22283075297491,60.499767249285476,73.90348460996442,74.75904659361876,59.43931213537134,104.40234270498877,0.20492147982469155,132.24124514208958,11.121089668174012,113.05979462676696,150.8118585509694,2.581692099494747,0.9068580268396821,879.0,16995.0,150.0643185625525,14218257.0,255.0
1886,75.44,1316.3818493094095,626.9577033651889,1316.3818762102846,626.9579717420928,1325,480,55772.0,133.23955483354922,60.49761616429659,73.92106782900326,74.77064967326042,59.44439231736853,104.3482445397945,0.2049769183879766,132.26553490886351,11.113362911858445,113.02718417206428,150.22379005200946,2.5985307599142367,0.9366856519149183,865.0,17059.0,150.05629188515147,14221817.0,255.0
1887,75.48,1316.319792066431,626.9441687502728,1316.31991111589,626.9443219898571,1325,480,55803.0,133.27657925800045,60.500947913616926,73.9714975653713,74.83875360859881,59.42481054930978,104.46097123949835,0.2059620492866947,132.3075981541713,11.190695040763254,113.0901597281326,150.065649674321,2.572240350700426,0.9264647633677963,870.0,17036.0,150.2144171440003,14229737.0,255.0
1888,75.52,1316.3064218466757,626.8540597900676,1316.3065533806553,626.8542159604216,1324,481,55788.0,133.2586654984257,60.52336216503856,73.91345609704061,74.76576036257792,59.467280393298154,104.38342829933043,0.20461879736244915,132.29439326395791,11.11104594067618,112.34408885019675,150.6215645040003,2.5935235417252516,0.9135712920835021,876.0,17075.0,150.08120548035996,14225908.0,255.0
1889,75.56,1316.3927385902903,626.9369288399723,1316.392843704646,626.9369837487234,1325,480,55811.0,133.2861322786566,60.540086520855354,73.91737425889399,74.76050741598283,59.49577148156692,104.31898270472105,0.20418181285848935,132.31704955291247,11.078524515121357,113.97401937194176,150.20059839848597,2.5832822437081204,0.8954536823492608,885.0,17160.0,150.0956377711586,14231782.0,255.0
1890,75.6,1316.3274949757974,626.9385259730219,1316.3275052846548,626.9385188635306,1325,481,55822.0,133.29926656419218,60.5472242290267,73.93609968101137,74.79965940314337,59.477089295410515,104.468919210521,0.2048481267160548,132.3247893577446,11.125554881359,113.73973321311172,150.694522282107,2.601647624835381,0.8895888376993012,888.0,17077.0,150.20905415698036,14234597.0,255.0
1891,75.64,1316.3325085410675,626.9298070591149,1316.332508073197,626.9299425905992,1323,482,55740.0,133.20132527825874,60.47789830720029,73.91925770036117,74.78999267684394,59.397725865777836,104.5001593052146,0.2058065024497826,132.22380001373176,11.1644544398455,113.04671652057215,150.04794048081763,2.6181754731759317,0.8902860916538148,887.0,17011.0,150.09817813916877,14213680.0,255.0
1892,75.68,1316.313072582971,626.8598495575241,1316.3131119320014,626.8599146433311,1325,481,55766.0,133.23238762750321,60.50042552139092,73.92229245746415,74.79028332859151,59.424071974791815,104.48802593538959,0.20545732239424963,132.25907745337176,11.14809583377643,113.07680675608603,149.98807641741178,2.580232958284446,0.9279825410480065,869.0,17059.0,150.12954861208536,14220319.0,255.0
1893,75.72,1316.3188546599918,626.920927188439,1316.3189148509175,626.9210149082569,1325,480,55808.0,133.28254997615025,60.50652722402892,73.9618950700795,74.82188401873458,59.439779869685196,104.41295306476582,0.20558295678838923,132.30830109890135,11.144467642411376,114.04948313047916,150.18109569540937,2.5352715934851306,0.9223024304116824,872.0,16934.0,150.2533213249672,14231023.0,255.0
1894,75.76,1316.266809960456,626.9829822921447,1316.2668232594,626.9830377794912,1325,480,55771.0,133.23836032598192,60.49070379525025,73.93369445952229,74.79162345109194,59.426673166422276,104.40300011082816,0.2054367798917639,132.26935064103026,11.145380732079524,113.38905444949505,150.30621178525365,2.552541533514382,0.9112113254518103,877.0,16982.0,150.08731749143263,14221598.0,255.0
1895,75.8,1316.3425819252343,626.950588788143,1316.3426043890972,626.9506540580308,1323,482,55729.0,133.18818133429284,60.47697243090733,73.89371090874825,74.7553434452916,59.40861328671864,104.44268335239879,0.20529275167873717,132.21924724111983,11.126226021486385,113.31627999229748,150.15644553714708,2.5308400265419753,0.9316502808576717,867.0,16818.0,150.04086011791864,14210884.0,255.0
1896,75.84,1316.2887254307439,626.9887365319153,1316.2887306257176,626.9887700918484,1325,481,55744.0,133.20610457268552,60.47536904053862,73.92999167627266,74.80692460856417,59.387186837327775,104.54058269451019,0.20612714467172588,132.2337414605173,11.18011092195588,113.36673443631629,150.0701412089945,2.5933340926726567,0.9170333451068468,874.0,17029.0,150.13146465984545,14214716.0,255.0
1897,75.88,1316.3696673820973,626.9383840257271,1316.3697736518575,626.9384039140486,1325,480,55799.0,133.27180249088454,60.52251380141026,73.9569752249142,74.85562693850622,59.40744041703572,104.7096554365191,0.20637308313723912,132.30055109979833,11.21318126383523,113.2903220187852,150.62518678297067,2.601083070552735,0.9137514255210321,876.0,16987.0,150.15397304867264,14228729.0,255.0
1898,75.92,1316.3127508721227,626.9557920196327,1316.3128238225856,626.9557898133706,1325,481,55779.0,133.2479160866903,60.504649316846574,73.93788740271869,74.81864716887738,59.41206795214863,104.57828603201841,0.20591897608030374,132.27796363571736,11.16935714076832,113.3455650200121,150.71565318552766,2.545768480019057,0.8949402617362063,885.0,17066.0,150.18853401159768,14223631.0,255.0
1899,75.96,1316.4056010586403,626.9663963874741,1316.4057708840808,626.9665245737212,1325,480,55832.0,133.31120570084647,60.54835219173308,73.95272414564259,74.83363658702909,59.45616197549349,104.59188732765634,0.20548880574114692,132.34896264128463,11.135834134149256,113.25215634974192,150.5448044711017,2.5520577427541893,0.9205864153455666,873.0,17086.0,150.13057485570326,14237130.0,255.0
1900,76.0,1316.3597853300926,627.049305789983,1316.3598572478973,627.0493714244724,1306,482,55761.0,133.22641466126134,60.46132474252222,73.96679276330225,74.83467283146226,59.38375167937807,104.45063457584021,0.2064674109938549,132.24538710727523,11.21743880735952,113.04147392083989,150.15214241462047,2.598110802756971,0.9152174913662456,875.0,17056.0,150.23026033982742,14219040.0,255.0
1901,76.04,1316.3710454823122,627.0183333854991,1316.3711057304276,627.0184557438795,1325,481,55755.0,133.219246748273,60.49678836993748,73.91509297652212,74.79277921446317,59.40827004871863,104.5621398110672,0.205695112914985,132.24387906791,11.149821661210307,113.28222743677539,150.80661823740658,2.5895927254993207,0.9047494752112547,880.0,17071.0,150.09653114964811,14217505.0,255.0
1902,76.08,1316.4099021355773,626.986242175451,1316.4099284163692,626.986275318897,1325,481,55739.0,133.20013042785772,60.483762832548905,73.90170734615447,74.76259626653881,59.41634551659334,104.43647761218455,0.2052664235366306,132.2270849293999,11.133086262527545,112.99682670470679,150.76355922015023,2.6040137659397593,0.9169510911113399,874.0,16974.0,150.04297321736647,14213439.0,255.0
1903,76.12,1316.379601291278,626.9564149787732,1316.3796025873035,626.9564960312483,1325,480,55811.0,133.2861322786566,60.473440148471994,74.01030718713855,74.85941278983353,59.4191118251253,104.295214225371,0.20625730805632414,132.3030044692056,11.212125352090824,113.02953282290733,150.15771771964995,2.6175678593192573,0.9181355486466387,874.0,17181.0,150.1607266863908,14231793.0,255.0
1904,76.16,1316.3645218680233,626.9804178781042,1316.364514798946,626.9804055144225,1342,481,55781.0,133.25030491979382,60.550182124273704,73.89075109245854,74.78187872357445,59.44609547197345,104.69623900809226,0.20507352199974227,132.28043536685888,11.132252083735555,113.04253400556561,150.13129873350607,2.5731933173477977,0.913456661714165,876.0,17048.0,150.14448737355096,14224148.0,255.0
1905,76.2,1316.4102302788012,626.976480965995,1316.410223791009,626.9765100069878,1325,481,55811.0,133.2861322786566,60.55523334593748,73.92194193311427,74.80092335124473,59.46605460718632,104.59429746140944,0.20500908353831482,132.30942129498143,11.131714569382464,112.9973219276466,150.27266400230977,2.633080730264921,0.8954536823492608,885.0,17157.0,150.16063908693152,14231792.0,255.0
1906,76.24,1316.3246255304857,627.0085392496037,1316.3246175642475,627.0085902333171,1325,481,55761.0,133.22641466126134,60.47302726357059,73.94757598212361,74.81448116723016,59.39717525043308,104.45683442426416,0.20607381988435258,132.2487814445806,11.18195129074033,113.07992312411656,150.12497138422822,2.5724136259490478,0.9194157312309095,873.0,17060.0,150.1147067174114,14219048.0,255.0
1907,76.28,1316.364603052405,626.968086395267,1316.3646165990885,626.9681007571137,1306,482,55738.0,133.19893556673838,60.4850121263993,73.89657746420704,74.7534787458611,59.422708355024625,104.40915215283344,0.20508437397216517,132.22396221181165,11.12434236092579,113.99702214693387,150.6549212871226,2.5782693634224882,0.9127525037310934,876.0,16969.0,150.02287461837562,14213186.0,255.0
1908,76.32,1316.452559235596,626.9578272648275,1316.452597577389,626.9578645132347,1325,480,55725.0,133.18340139668956,60.49690661070784,73.87569017133207,74.74183564487372,59.42349124874808,104.4933391834931,0.2049500693147115,132.20940125276513,11.14089675478511,112.95671978260295,150.85795299537344,2.63412097572357,0.9063213089716503,879.0,17007.0,149.98251951131334,14209868.0,255.0
1909,76.36,1316.3607655902877,627.0361713029897,1316.3607812892349,627.0362126484199,1325,481,55754.0,133.21805205861205,60.49838390754919,73.90415980014335,74.76492947658875,59.43134367950165,104.44083049876919,0.2050906207553974,132.2360630513779,11.143224676215992,113.29097883539701,150.82684043477911,2.558226728272072,0.9130145160038642,876.0,17046.0,150.142891941495,14217265.0,255.0
1910,76.4,1316.3334023340294,627.050329018632,1316.3334170628868,627.0503812685027,1324,482,55735.0,133.19535091906764,60.509141806843985,73.86573875554348,74.71694798966048,59.45486764944753,104.39006596470814,0.2042653072810865,132.2163011870751,11.100830519764749,113.06767779295684,150.5781323650908,2.6571038196727184,0.8942343083932568,885.0,16993.0,150.04862045059042,14212417.0,255.0
1911,76.44,1316.3619998523109,626.980179125891,1316.362009289647,626.9802191495849,1324,481,55761.0,133.22641466126134,60.487431683362004,73.92423948731813,74.77696718529224,59.43002401141598,104.36636383864303,0.2052362345192147,132.25097881239725,11.136498646284762,113.04506704542379,150.77354750487618,2.589137414834855,0.8987088336853307,883.0,16858.0,150.11754230780616,14219050.0,255.0
1912,76.48,1316.370322456411,626.974216338729,1316.3703584055709,626.9742098745492,1325,480,55719.0,133.17623116860844,60.537031464926734,73.8157685373625,74.69533464519338,59.4483544397116,104.63842473180989,0.2041222557995852,132.2095212068518,11.068318831187861,113.28664992806743,149.6040230101831,2.579152240242919,0.9021138710415477,881.0,16947.0,150.03459320049075,14208339.0,255.0
1913,76.52,1316.377646485424,627.0526156927344,1316.3776632980919,627.0527005438782,1325,480,55711.0,133.1666702639409,60.444630561618176,73.92042378653038,74.78561496130803,59.37081952752322,104.4436838216164,0.20611979244618084,132.19144420488357,11.182658509263103,113.42777027282621,150.83683611645895,2.625694844007456,0.8979029757974831,883.0,17015.0,150.14468581640054,14206294.0,255.0
1914,76.56,1316.3008845903337,626.9807484425883,1316.3009255937432,626.9807885484681,1325,480,55748.0,133.2108836956424,60.4849459273001,73.90844903168747,74.7654859115046,59.422299168868996,104.40490474725605,0.20521750852788423,132.2409088869319,11.133818947891767,113.35528950077902,150.10638309647126,2.5534624261452645,0.9087619265794791,878.0,17151.0,150.00278859811976,14215733.0,255.0
1915,76.6,1316.341480847927,627.0320393662352,1316.3415360332892,627.0321053197977,1306,482,55754.0,133.21805205861205,60.5129443813843,73.88744305897804,74.75194523648096,59.441713996657114,104.48272897443871,0.2048138171038798,132.25013206772434,11.120238728134975,113.06115792556932,150.14173842961492,2.5710235944264435,0.9171978530978605,874.0,17073.0,150.09358261383485,14217260.0,255.0
1916,76.64,1316.3504156578651,627.0945362538796,1316.350444065668,627.0946622409617,1323,482,55735.0,133.19535091906764,60.46168359967345,73.92214960770951,74.77831115603553,59.399524972702764,104.3822099582228,0.20565837801876474,132.21441543219984,11.163729473040844,113.08717262433923,150.19796753035962,2.554816064975664,0.8962586072553138,884.0,17065.0,150.0207413788343,14212410.0,255.0
1917,76.68,1316.3744899408416,627.0947751014916,1316.374569707401,627.094861589214,1306,482,55776.0,133.24433275673343,60.518850886756944,73.91857833590545,74.79258126342818,59.43532050732463,104.54272464029216,0.20533133763646272,132.26185831690026,11.161955639124889,113.06317058235386,150.6132174446291,2.6191318198513147,0.8888557739155928,888.0,17135.0,150.1171983803016,14222860.0,255.0
1918,76.72,1316.4105172255427,627.068992406977,1316.410548198061,627.0690310209495,1325,480,55801.0,133.2741908958434,60.53793721414237,73.92036254805349,74.78469672982578,59.46688974889385,104.47770628620815,0.2048254208514141,132.29758645192823,11.1235652732525,113.02954507232808,150.0033044596087,2.6137305405486218,0.8952932384076813,885.0,17005.0,150.13338553346293,14229247.0,255.0
1919,76.76,1316.4069055097611,627.0526459098055,1316.4068966753937,627.052684431374,1325,480,55766.0,133.23238762750321,60.487592726274634,73.92676294023941,74.7790512542493,59.43070457395222,104.36198791616428,0.20524928336029014,132.26015808641137,11.133527080391197,113.2436267367558,150.59693538500917,2.553697771420556,0.9152995574600536,875.0,16980.0,150.06308423773967,14220326.0,255.0
1920,76.8,1316.40268218616,627.1324240111894,1316.402825142693,627.1329468356248,1325,481,55714.0,133.17025568363124,60.47006301109179,73.8655632109731,74.69780870253418,59.43893777717837,104.22793317244086,0.20427467941021593,132.19135588201138,11.078466372904401,113.03179471513454,150.16877160180846,2.541083925769638,0.897951327270754,883.0,16883.0,150.11842233942735,14206993.0,255.0
1921,76.84,1316.3567760491233,627.1087400437751,1316.3569568886574,627.1090621801663,1323,482,55693.0,133.14515571823804,60.429055641879685,73.89385079214405,74.72695745482956,59.395738737767466,104.20467480915586,0.20516315984535305,132.17735631941963,11.140638245601863,113.07959359330941,150.89669756459548,2.532992267422089,0.8955832172579203,884.0,16958.0,150.16627507970264,14201668.0,255.0
1922,76.88,1316.2801822028407,627.0582317812118,1316.280198179762,627.0583948157323,1324,482,55707.0,133.16188955418298,60.45976347132722,73.87742665661818,74.7209594772914,59.414100878544055,104.30499912339337,0.20485361411076752,132.17849765158095,11.121918420276923,113.1603181169548,150.13860990731962,2.499364822249216,0.910165665075828,877.0,16909.0,150.07746927256184,14205267.0,255.0
1923,76.92,1316.3033591508138,626.974113518686,1316.3033693738998,626.9742627249542,1323,482,55678.0,133.12722427415474,60.44305137141385,73.84981855972678,74.68058916915508,59.41353180665005,104.21185902060188,0.20443139954244904,132.1682277100124,11.076478114443331,113.10400738467203,150.09930451954966,2.5135749990357796,0.930797687695696,867.0,16928.0,149.96750966408143,14197874.0,255.0
1924,76.96,1316.2625356251742,626.9970220742223,1316.262572438416,626.9972011410732,1323,482,55737.0,133.19774069490046,60.49769067735165,73.86347090480422,74.70353429927266,59.45725249786414,104.300915655402,0.20409050180048793,132.23118204277776,11.052963006725886,113.14275772799948,150.08653169247518,2.5027652226551265,0.9169181895131372,874.0,16949.0,150.00349856840737,14212913.0,255.0
1925,77.0,1316.3156547273177,627.0100914122165,1316.3156657635514,627.0103529327329,1323,482,55733.0,133.19296110035697,60.512515435372606,73.8567273608388,74.7251696275976,59.43677081484365,104.52589027752147,0.20459503657128686,132.22947138993862,11.085243331291398,113.33811099666492,150.12934824963816,2.5315883386561393,0.9338701649831187,866.0,16974.0,150.06638538068844,14211886.0,255.0
1926,77.04,1316.3946722350456,627.0491512087056,1316.3947113313227,627.0493680884676,1323,482,55704.0,133.1583039092263,60.485569349030975,73.8629598051024,74.7440846980036,59.393288621731266,104.60611923569168,0.20537807290430776,132.1806839170826,11.134400415687388,113.25610837091148,149.40685730254637,2.583837133225402,0.9184758862374524,873.0,17004.0,150.11750993574924,14204493.0,255.0
1927,77.08,1316.3215610013522,626.9418614385219,1316.3215815604108,626.9419640456688,1322,482,55793.0,133.26463701917413,60.48671553591356,73.97181963860584,74.83202547985441,59.41919571612679,104.40168808287088,0.2059656900223411,132.2993952712644,11.165999962060628,113.33796090685104,150.69961108695725,2.611234498763385,0.9501742363429081,859.0,17013.0,150.1401359113894,14227201.0,255.0
1928,77.12,1316.3535795079501,626.9547929092997,1316.3535764904286,626.9548251672976,1325,481,55739.0,133.20013042785772,60.5116647721578,73.8682207312176,74.72952136114147,59.444715868011286,104.46658043344583,0.2045350380241845,132.2392900270618,11.095435735189819,113.30496777493565,150.06474359960052,2.625207113587083,0.9448497097394596,861.0,16975.0,150.07764005208153,14213434.0,255.0
1929,77.16,1316.355667114733,627.0134458606612,1316.3556981998136,627.0135193286953,1323,482,55772.0,133.23955483354922,60.51571603018879,73.90295458993384,74.75935085365919,59.454503981681306,104.41581166131827,0.20472150570083192,132.27401243479432,11.100912320278667,113.04858079406867,150.11955206945692,2.6013053896048834,0.9259500883921783,870.0,16997.0,150.04184492147078,14221849.0,255.0
1930,77.2,1316.3824363112767,626.9966137196202,1316.3824653993215,626.9968047103596,1323,482,55707.0,133.16188955418298,60.435559629278565,73.92322226460583,74.78250744159446,59.36898380833438,104.39409601148814,0.20611135091048038,132.18975753870865,11.178189984042866,113.27269782939297,151.05306152724648,2.617037465165655,0.9270007426417763,869.0,16954.0,150.03202031942703,14205262.0,255.0
1931,77.24,1316.370540435973,627.0316268372733,1316.370551178276,627.0318215266436,1323,482,55717.0,133.1738410067918,60.4548391936438,73.90484151143653,74.75118510998534,59.4051639625091,104.31230965550452,0.20529468696578967,132.19526428758613,11.14622405238454,113.28161851917109,150.27798742287771,2.6095414685575538,0.9207985327416804,872.0,16983.0,150.04995170505563,14207807.0,255.0
1932,77.28,1316.2732153351694,626.9983802334161,1316.273206788905,626.9986903010513,1323,482,55738.0,133.19893556673838,60.47500615778231,73.90287018287617,74.74367139757946,59.43268610000323,104.27947812901756,0.20484657779430504,132.22391683612852,11.114649129432628,113.88795283576404,150.13203802569697,2.5931759141373467,0.9148399873347286,875.0,17052.0,150.09875031907018,14213159.0,255.0
1933,77.32,1316.3593628141332,627.0303450432152,1316.3593710736977,627.0307283627096,1323,482,55714.0,133.17025568363124,60.45865265313289,73.9038410463411,74.76652571383998,59.388492443542695,104.43820315631645,0.20568072574556806,132.18981640495318,11.16656150980312,113.99264281287402,150.08129886173194,2.574702385439319,0.8999886523727343,882.0,17015.0,150.0503777880055,14207032.0,255.0
1934,77.36,1316.408114065211,627.0043795451961,1316.408125179443,627.0047014068332,1323,482,55728.0,133.18698636597455,60.45820247878241,73.92487134615364,74.78742783525325,59.387890081207686,104.4277679997379,0.2059107820631123,132.20097109720805,11.173923918963867,113.24646038930264,150.78127896212666,2.6354687884612615,0.9167701323212248,874.0,17022.0,150.04420227848985,14210608.0,255.0
1935,77.4,1316.3275267749814,627.0254731374878,1316.3275379481106,627.0256934725661,1324,481,55734.0,133.19415601507217,60.45267025766139,73.93198266852279,74.78404275910631,59.39537314626832,104.34295286410254,0.2057747755414593,132.21842488114694,11.164447410896365,113.32499390914307,150.14004952247996,2.626002071530426,0.9189705414971666,873.0,16949.0,150.11959699995643,14212148.0,255.0
1936,77.44,1316.3859033323931,626.9947072974464,1316.3859127161932,626.9949278609195,1306,482,55795.0,133.26702555255218,60.486313780176985,73.96800927631138,74.811732274514,59.43959341298486,104.27816534835912,0.20547764894846499,132.30013013190162,11.160943990139643,113.26940322273653,150.77942682581616,2.596949835721566,0.9178723358610167,874.0,17024.0,150.15110772618672,14227703.0,255.0
1937,77.48,1316.323857537889,626.9715510147682,1316.3238607822032,626.9716720487979,1306,482,55740.0,133.20132527825874,60.451311227741265,73.94318872473093,74.79425732114447,59.395077739765945,104.32994262182287,0.20588719151604107,132.23283774723626,11.179516373654243,113.08379869275998,150.72692555623294,2.61294272439558,0.9127852552651897,876.0,17017.0,150.12492842171463,14213688.0,255.0
1938,77.52,1316.3126274116198,627.0256985738629,1316.3126750448832,627.0258886894076,1306,482,55700.0,133.15352289908495,60.44090344059049,73.90455538574825,74.76230557841394,59.37662654681358,104.39301083925233,0.20579460347786083,132.18646162133433,11.167130705464103,113.0904396337987,149.8468513453766,2.586002810730551,0.9226325010377845,871.0,16969.0,150.07432049669964,14203473.0,255.0
1939,77.56,1316.3385559775088,627.1292134799851,1316.3385462436559,627.1293423483205,1306,482,55759.0,133.22402539978285,60.47028861835731,73.93868691834295,74.78382813475937,59.421917490997764,104.29494367883005,0.20541754851168714,132.2397200312595,11.15992632518296,113.09595474631182,150.52079420860377,2.596206856608273,0.9151846649287224,875.0,16994.0,150.11759025835286,14218532.0,255.0
1940,77.6,1316.3044400490078,627.0306045838345,1316.3045513234345,627.0307187432752,1325,481,55764.0,133.22999847314006,60.49820210417276,73.92231420344633,74.79106202784995,59.42085522589421,104.49272923235108,0.20550860470777021,132.24965055806518,11.154465541731645,113.09818699113276,149.87425902033334,2.5807003367391705,0.9300886233238189,868.0,17072.0,150.10314792531972,14219798.0,255.0
1941,77.64,1316.4146881579852,626.9968226269104,1316.4147731345424,626.9970073829834,1325,480,55804.0,133.277773423029,60.53775099878395,73.92134454809562,74.78920635660218,59.46224927076513,104.503721698294,0.2049354155833214,132.31887605053157,11.117110463005718,113.89458817266349,150.0847112845279,2.5518972582102077,0.9180203930529292,874.0,17042.0,150.18490326894033,14229994.0,255.0
1942,77.68,1316.412955855861,627.0565558792325,1316.4130239896726,627.0567648008032,1325,480,55774.0,133.24194381655778,60.48416475166754,73.94478236937682,74.8111443429503,59.409239243232356,104.4588020701377,0.20587714885247999,132.26543440625255,11.154637428674503,113.8892401387616,150.09370071683497,2.4787700861271635,0.9154308632101466,875.0,17033.0,150.13099541848584,14222341.0,255.0
1943,77.72,1316.3149106166638,626.9976422478137,1316.3149051393323,626.9977046946168,1323,482,55766.0,133.23238762750321,60.49227235111253,73.92362215859744,74.77818577938126,59.43264977091796,104.38264664157401,0.20521407210569897,132.26250315608596,11.130894145753402,113.09051829548596,150.07000290877332,2.5576330113611765,0.904927974793845,880.0,17097.0,150.08684753328345,14220324.0,255.0
1944,77.76,1316.3916729743055,627.0749263108607,1316.391765148934,627.0751573624088,1325,480,55763.0,133.22880387989198,60.48914919706742,73.92979725473417,74.79503639389631,59.415945869327956,104.45914564040076,0.20561645887270896,132.2545318375511,11.163662607346852,113.0477948793979,150.16605664906595,2.57226776156116,0.9131618979072978,876.0,17047.0,150.13138770315345,14219531.0,255.0
1945,77.8,1316.3919174038765,627.0275137925373,1316.3920509599857,627.0276152879957,1325,480,55730.0,133.18937629188994,60.48962341189224,73.88152130274109,74.74395357337174,59.420662523583296,104.45960950585398,0.2050104432159382,132.2238192669421,11.10956518037707,113.26066149990886,150.1211200046555,2.553716398726741,0.9105414492734466,877.0,16925.0,150.0359713053218,14211127.0,255.0
1946,77.84,1316.3734593737659,626.9823034628307,1316.3735062977717,626.9823626511645,1323,482,55734.0,133.19415601507217,60.483821514292124,73.899941150267,74.75982711220962,59.417692795481386,104.42971388306607,0.2052189646412731,132.2121129714807,11.14440353539431,113.28284436653894,150.2497797585695,2.618565778760982,0.9189705414971666,873.0,16913.0,150.07793444826328,14212159.0,255.0
1947,77.88,1316.3641412674124,627.0212546367137,1316.3642014007057,627.021350910817,1325,480,55829.0,133.30762407212444,60.54174980356267,73.96745638437018,74.85659950926186,59.43885583657262,104.64341093452121,0.20596371961541782,132.3221295643573,11.186102607002656,113.2888625443411,150.28963455970936,2.5766959758750074,0.9142426985324772,876.0,17115.0,150.1031111707728,14236376.0,255.0
1948,77.92,1316.3016881043359,627.0266221767756,1316.3016881043359,627.0266221767756,1325,481,55743.0,133.20490976515484,60.480472143820556,73.91076841687679,74.76774289822464,59.417790438702994,104.40147546790325,0.20530180348517824,132.23424341254244,11.143756303995598,113.10126260606624,150.14951412707916,2.606072010602515,0.9297383639971959,868.0,17035.0,150.12421719512486,14214465.0,255.0
1949,77.96,1316.3717753400756,627.0980499756304,1316.3718341668011,627.0980982595759,1325,481,55791.0,133.26224844298503,60.515766818672816,73.94033585837327,74.80668317572103,59.44149605072469,104.47434514049809,0.20539858837082103,132.2729456909086,11.169276968240336,113.06558784038553,150.19437531080465,2.62903668426704,0.9053336556633684,880.0,17061.0,150.05804908793826,14226694.0,255.0
1950,78.0,1316.4724470110482,627.0512358169234,1316.4724618447246,627.0513280367295,1324,481,55759.0,133.22402539978285,60.46663609975885,73.95787496533343,74.82593212626124,59.389066603582,104.45817407937608,0.20630368488602424,132.24482122057282,11.204268289830699,113.13716096265476,150.1175139149377,2.5838423128986374,0.9048143841503785,880.0,16968.0,150.17465260240564,14218530.0,255.0
1951,78.04,1316.3033205838326,627.097820922955,1316.3033262129998,627.0978656949505,1325,481,55709.0,133.16427993051587,60.472203440610045,73.87333079814469,74.73098301167232,59.409061348280744,104.41957063192507,0.20502770130828374,132.19554881436602,11.108376244913439,113.8850034929388,150.38187544324947,2.5837894062505185,0.9122776064866964,876.0,16944.0,150.07750094483535,14205785.0,255.0
1952,78.08,1316.3271747696272,627.1440170450473,1316.327270444313,627.1440563956304,1324,481,55749.0,133.2120784495916,60.448779868013816,73.96536815516372,74.82671015750289,59.37923981380658,104.3967831476315,0.206443264860648,132.22957882613917,11.210308197280069,113.10600136927286,150.15943811953701,2.611813752931392,0.9192178691270237,873.0,17006.0,150.19561486808556,14215977.0,255.0
1953,78.12,1316.3475218818708,627.0974510594202,1316.3475385745776,627.0975251339582,1324,481,55801.0,133.2741908958434,60.51522031920217,73.9473619229919,74.79968054367417,59.45848985818445,104.36505764289656,0.20509700808858777,132.30476043320886,11.154247314598296,113.99408049160982,149.9953984446039,2.6511511602757056,0.9350095827646637,866.0,17054.0,150.11175118231515,14229245.0,255.0
1954,78.16,1316.3760997324775,627.025761086234,1316.3761120677286,627.0258286698236,1323,482,55752.0,133.21566264714784,60.507678463148416,73.88795738912866,74.75209047575981,59.43680988782345,104.47742534746985,0.20488096708014758,132.2397187217071,11.094993884274894,113.97680702242212,150.1245838170571,2.5563367603491374,0.9088271315681122,878.0,16881.0,150.08950167748748,14216753.0,255.0
1955,78.2,1316.3900602958263,627.0278977025869,1316.3900794433584,627.0279576062981,1323,482,55763.0,133.22880387989198,60.5187172538614,73.88942233822301,74.74440348757409,59.45953261518153,104.41238491195716,0.20449518839137704,132.25728865108223,11.08706162898863,113.96268459768321,150.12913887859892,2.6351421877602155,0.9048792930895023,880.0,16891.0,150.17746437417009,14219558.0,255.0
1956,78.24,1316.3454997373174,626.9846708091603,1316.3455269245253,626.9846862840031,1323,482,55767.0,133.23358218861884,60.49943904579917,73.92147885271524,74.77728941647534,59.438406339281016,104.39613421516398,0.20512756208323835,132.26377040176465,11.13484026068439,114.01334864233596,150.91839881375083,2.6308809506647624,0.9132274009754904,876.0,16889.0,150.20074530948384,14220581.0,255.0
1957,78.28,1316.4090475820765,627.043861566423,1316.4090884636767,627.04391801015,1322,482,55763.0,133.22880387989198,60.49550998772209,73.91986862717394,74.77717879021498,59.43254359952518,104.40649711696078,0.20520478893351524,132.25008512782972,11.137340375381887,113.9893170636578,150.95348695235415,2.612103204839322,0.9110806179048125,877.0,16965.0,150.0594823374358,14219556.0,255.0
1958,78.32,1316.3379788283562,627.0556966937502,1316.3379857199238,627.0557568799111,1322,482,55742.0,133.203714946907,60.48098775939392,73.91559777018243,74.7765369771715,59.41325602739726,104.42951457471952,0.20545590329309438,132.23049337461967,11.15920453225744,113.10296942019409,150.33073538543022,2.6584858996801977,0.9107375105939433,877.0,16913.0,150.1782824538639,14214201.0,255.0
1959,78.36,1316.362267537718,627.1074483103151,1316.3622780269059,627.107605381166,1322,482,55750.0,133.2132731928254,60.466184293396374,73.93947940668305,74.79387877994336,59.406075068004775,104.3631956819786,0.20573613727417706,132.23257380273515,11.175184212352958,113.07423629200673,150.3717021496028,2.6367163791333095,0.9234607169274055,871.0,17016.0,150.16439000485386,14216231.0,255.0
1960,78.4,1316.3933627861295,627.072626897424,1316.3933667981355,627.0727142344927,1325,481,55780.0,133.24911050859532,60.518799471915855,73.91260799456771,74.76908934270789,59.45739641914002,104.41351770101198,0.20478640382238644,132.27372611611082,11.099537028596986,113.95257269914526,150.32863512424078,2.6182385857074513,0.9134402859471168,876.0,17040.0,150.1224550189033,14223890.0,255.0
1961,78.44,1316.2922501080811,627.0927651027174,1316.2922484093556,627.0927860919437,1325,480,55795.0,133.26702555255218,60.53007793917207,73.93970521927972,74.83067354661328,59.425084264108676,104.66419241539056,0.20587265291562828,132.29689536776652,11.18735469548117,113.10514704601437,150.39934922970411,2.628642640394723,0.9306056728059765,868.0,17079.0,150.15502757386747,14227721.0,255.0
1962,78.48,1316.3274705676558,627.0347350262584,1316.3274683884854,627.0347592144202,1306,482,55755.0,133.219246748273,60.49888877889332,73.91743200447804,74.787858520574,59.419512918940576,104.5077772054958,0.205492521187856,132.2541749172181,11.17019709588737,113.07489266940962,150.14882916713387,2.659988468578711,0.9235435385163676,871.0,17161.0,150.05657735220478,14217522.0,255.0
1963,78.52,1316.346245594465,626.9815037676143,1316.3462552222481,626.9815495508419,1306,482,55771.0,133.23836032598192,60.50536805979746,73.91895198913687,74.78328290725032,59.43375829306139,104.46414752114056,0.2052534205168035,132.27339584305565,11.133787805282305,113.31002770838958,150.12678001053487,2.560274907620695,0.9280657443027718,869.0,17128.0,150.10349684669762,14221599.0,255.0
1964,78.56,1316.333921777212,627.0483861672442,1316.3339187784509,627.0484067529302,1306,482,55798.0,133.2706082723537,60.510713626253654,73.95546099210814,74.82500645057762,59.43210482377959,104.48944645427626,0.20571868091939471,132.29351068959053,11.176682630154712,113.2744622427636,150.15965201489027,2.603698111423186,0.9158247804604254,875.0,17087.0,150.2304192946,14228488.0,255.0
1965,78.6,1316.3977929840596,627.006030846801,1316.397790649714,627.0060613668561,1306,482,55763.0,133.22880387989198,60.47354965328792,73.95299566132469,74.82216293867002,59.39477845847817,104.47162264104114,0.20618736313246266,132.25020295669614,11.183475778345533,113.25660611206193,150.09889278728437,2.588356086278285,0.9048792930895023,880.0,17133.0,150.14331106832887,14219562.0,255.0
1966,78.64,1316.351226368668,627.0070478477472,1316.3512520389324,627.007098173475,1306,482,55789.0,133.25985982398262,60.50754215332756,73.939717405463,74.79865647400881,59.442455005826105,104.41524799923495,0.20530049859276156,132.29340195979634,11.14257482504805,113.30292120724711,150.2804320592637,2.59844370724008,0.9053012011938066,880.0,17212.0,150.17370050666116,14226187.0,255.0
1967,78.68,1316.4167914348182,626.9787760416484,1316.4168517987673,626.9788591084994,1325,481,55816.0,133.29210256888612,60.53757578430831,73.9533900493677,74.82917904964029,59.451626928046835,104.5487237734794,0.20550208243487844,132.31574521193338,11.172482764066556,113.23996446419315,150.8061617872439,2.6589300401800156,0.9161202183981343,875.0,17195.0,150.14993127388314,14233066.0,255.0
1968,78.72,1316.4333562129746,626.9630315714464,1316.4334258844603,626.9630810568742,1325,481,55825.0,133.30284841746675,60.52538094965337,73.96229592206556,74.81909297835973,59.462982460177855,104.39680017042262,0.20524320607072044,132.336193448497,11.148409721590179,113.2247846421455,151.14044953082467,2.553900907509235,0.926830016576299,870.0,17251.0,150.12913993927484,14235363.0,255.0
1969,78.76,1316.383907056605,626.9764967394328,1316.383958677093,626.9765227060765,1325,480,55756.0,133.2204414272203,60.48614017119227,73.91135643347909,74.7538306543014,59.44179140263134,104.29334469346064,0.20483283756360904,132.26469666858057,11.113299085763972,113.27292236013672,150.65660231165148,2.5878866903543907,0.9342555562915824,866.0,17154.0,150.06380509700983,14217772.0,255.0
1970,78.8,1316.4541429707294,627.0366358571996,1316.4541556787399,627.036650341747,1325,480,55743.0,133.20490976515484,60.445502850341406,73.94355872585571,74.78275046876404,59.40411538101781,104.23677005840558,0.20564414910320417,132.23407849655996,11.164147516158836,112.948512171336,150.10961650886378,2.5630335285673773,0.9212282177902525,872.0,17234.0,150.01997940099864,14214462.0,255.0
1971,78.84,1316.3664030260259,627.0502921442651,1316.3665039833488,627.0503301514391,1325,480,55732.0,133.19176617492172,60.47359183521754,73.90957196086742,74.77792238159185,59.396485259514776,104.48471587711761,0.20569489806878527,132.22887735412422,11.165454488747878,113.03479725688729,150.8383292784853,2.5545810455007065,0.9274167589156026,869.0,17088.0,150.03240258305414,14211643.0,255.0
1972,78.88,1316.3338409937944,626.9571623240865,1316.3339431441127,626.9571697605595,1324,481,55755.0,133.219246748273,60.47642132454713,73.93730754801842,74.81160237713968,59.39147357524604,104.5181280919912,0.20611948296679705,132.25263905013853,11.173522606502129,113.0750645124746,150.23898097881235,2.5159653836159888,0.9407453768935007,863.0,17143.0,150.09271194468346,14217508.0,255.0
1973,78.92,1316.326561338486,627.0311873859364,1316.3265723355034,627.0312225390505,1325,480,55761.0,133.22641466126134,60.455647665480285,73.96472783824201,74.81939198922407,59.39465364155883,104.34962145260052,0.20615963238363122,132.25018265456947,11.194441941337672,113.07609565351865,150.14576793873715,2.5462904671477338,0.9278993377932412,869.0,17181.0,150.04101125606448,14219050.0,255.0
1974,78.96,1316.4216433365655,626.9590077435138,1316.4217122366651,626.9590497534738,1325,480,55775.0,133.2431382919996,60.50138851346783,73.93106119202982,74.7965762929159,59.428040485071065,104.46596334078177,0.2054711133790279,132.28119178406553,11.145396644098765,113.23679433325051,150.2120176753383,2.5789695828067694,0.9259998956478833,870.0,17108.0,150.04256106655617,14222613.0,255.0
1975,79.0,1316.3906410271202,626.947998788253,1316.3906928348463,626.9481539951921,1325,480,55742.0,133.203714946907,60.47442481541251,73.9151508760078,74.77180834004034,59.41197070741091,104.3945337171483,0.20542284550317913,132.2295562610576,11.14148768057152,113.42731859555428,149.99835983919638,2.560441811309497,0.9045385211591025,880.0,17124.0,149.98226586682253,14214188.0,255.0
1976,79.04,1316.4721476245736,627.0250951225516,1316.4724259760756,627.0252515289012,1323,482,55759.0,133.22402539978285,60.51869980703494,73.90015280524523,74.7858420780487,59.42073237220967,104.63788480992513,0.20545479303159486,132.23716520443838,11.149599124257985,113.3372089592402,150.0446748527816,2.6041454770080597,0.9193827542135953,873.0,17044.0,150.03321275174278,14218500.0,255.0
1977,79.08,1316.347042660384,626.9976568836996,1316.347278008894,626.9977585712236,1323,482,55768.0,133.23477673902426,60.526349896218,73.89570789562784,74.77332219096778,59.43874969816484,104.5831856733867,0.20508079677988778,132.2689990586954,11.117574819169656,113.30787735816075,150.11050549983594,2.5874695726426777,0.911162310121686,877.0,17105.0,149.9780760154741,14220805.0,255.0
1978,79.12,1316.3546913429784,626.9709077401412,1316.355020353998,626.9709843444577,1323,482,55763.0,133.22880387989198,60.49169533912556,73.93593597036359,74.8156476400838,59.400224755552166,104.56572059183931,0.20604543796360253,132.25206755562587,11.174946092524912,113.30250315595303,151.17363071914875,2.5751830323047336,0.9069393477287778,879.0,17023.0,150.02187280985584,14219521.0,255.0
1979,79.16,1316.35891838151,626.9267862943182,1316.3591145366554,626.9268506900878,1324,482,55790.0,133.26105413883562,60.56680596392871,73.88805355317541,74.78490279104322,59.45587235154592,104.74702775387857,0.20497493300657488,132.2862159521093,11.127836552168862,113.30201169233645,150.72412863779118,2.6202244956754686,0.9012163354969099,882.0,17133.0,150.09795731525384,14226421.0,255.0
1980,79.2,1316.4278931450883,627.0927292277177,1316.427936564824,627.0929307409731,1325,480,55805.0,133.27896757735797,60.548754021998526,73.90947143810384,74.76891430590652,59.48420828583311,104.45034479846655,0.20442594575518613,132.30721375153868,11.11130658464902,113.01015350288792,149.8450707671753,2.613247732831767,0.8994179886266366,883.0,17131.0,150.12759722703294,14230249.0,255.0
1981,79.24,1316.3985367707096,627.0323754330726,1316.3985229268992,627.0327860036568,1325,480,55786.0,133.25627681519902,60.536401911931115,73.89794636813191,74.76365310912587,59.463926944395894,104.49735428514695,0.20464123311896387,132.28380541169466,11.10091673565639,113.25365904784579,149.93360943961645,2.575524799753058,0.9326031790975269,867.0,17088.0,150.05758556980243,14225385.0,255.0
1982,79.28,1316.3577602529779,626.9602190446926,1316.3578392716324,626.9602480464549,1324,480,55796.0,133.26821980318783,60.54636827009919,73.91289682353248,74.79910586542108,59.4480680029062,104.64817968602237,0.2052302321652688,132.30305046412525,11.140273146238862,113.30034499020155,150.06852148444267,2.584422856879128,0.9074760655968093,879.0,17058.0,150.18154231217676,14227964.0,255.0
1983,79.32,1316.282859723333,627.0845955016582,1316.2828869527805,627.084668889606,1325,480,55782.0,133.25149932028611,60.54228829763551,73.89576520955715,74.77044763680155,59.45866588153765,104.5682506884828,0.20478387169274537,132.28465501046423,11.124178390196091,113.15533793024524,150.0135846494336,2.6132844343572077,0.9072483671073414,879.0,17033.0,150.12075053104525,14224397.0,255.0
1984,79.36,1316.282226246046,627.0334414645124,1316.2823345828924,627.0335946047746,1324,481,55753.0,133.21685735823706,60.49361501964613,73.899981508611,74.74765704828316,59.44301885764593,104.34128715432458,0.20475074129415471,132.254286434932,11.106059071846351,113.36946769916526,150.0636992222008,2.5639820126294817,0.9088434328152705,878.0,16960.0,150.08010975897727,14216991.0,255.0
1985,79.4,1316.3209639054026,627.0763873762071,1316.32104564851,627.0764872521247,1324,481,55774.0,133.24194381655778,60.50685429826465,73.9214112229162,74.77830742658567,59.44458926322859,104.40759027030906,0.20505569985535044,132.2725886057101,11.135991207638178,113.07789770753732,150.19034020172407,2.598554705186434,0.9302554134793535,868.0,17079.0,150.05227486796446,14222350.0,255.0
1986,79.44,1316.339831727756,627.052830354843,1316.3399042169647,627.0529317859769,1322,482,55751.0,133.21446792534402,60.50559502619592,73.89327216205423,74.75881537171969,59.43283793078177,104.48477074195965,0.2050056219421521,132.24011730697586,11.115925320131277,113.06106218872462,150.11402749872744,2.5963391746639473,0.9320180661432297,867.0,17059.0,150.09423966048996,14216486.0,255.0
1987,79.48,1316.292996534391,626.9935317820944,1316.2930462685765,626.9938511732965,1325,481,55783.0,133.2526937100725,60.52331844506723,73.91577997674939,74.78317075514218,59.44822938474693,104.49636987572049,0.2050587213078392,132.28661643346223,11.12478613172526,113.32335869716427,150.1210335154861,2.6011274652510754,0.9368703959113872,865.0,17106.0,150.13388761275937,14224629.0,255.0
1988,79.52,1316.3093471493528,627.0573584005283,1316.309449115322,627.0574368535217,1306,482,55783.0,133.2526937100725,60.504395024614404,73.94113464613021,74.80547932300725,59.432427792467614,104.4540072988163,0.2055070252829927,132.28102509776653,11.163920807315048,113.0910605975867,150.02544711521895,2.608738020973843,0.9093324702300186,878.0,17096.0,150.19916886035278,14224647.0,255.0
1989,79.56,1316.296948684959,627.0066437657091,1316.2970052153341,627.0066849472194,1324,482,55797.0,133.26941404312157,60.55232950817045,73.89779771484262,74.77151234146139,59.47007699793684,104.56450447492703,0.2046425819722223,132.30091982570718,11.103742603061253,113.35703913180193,150.13215376976262,2.521080226655384,0.9221206405834403,872.0,17062.0,150.13892215640243,14228226.0,255.0
1990,79.6,1316.2730615471194,627.0116006962189,1316.273098702602,627.0116837502687,1306,482,55804.0,133.277773423029,60.53090802550354,73.93417752369584,74.8057053468743,59.450482588907214,104.52251928627207,0.20526806995221647,132.30035314076738,11.144736869736294,113.38042607308294,150.1445923310457,2.5568593031842917,0.913833304356273,876.0,17048.0,150.1582579895258,14230008.0,255.0
1991,79.64,1316.2314054559386,626.9699396908629,1316.2314351777168,626.969959312434,1325,480,55791.0,133.26224844298503,60.53445999811843,73.91817353874202,74.79788351932793,59.44403963053347,104.59230414132314,0.20527110081700362,132.28609163203203,11.130711361201827,113.17605348752987,150.70001561913134,2.5940794264746776,0.9094628802072848,878.0,17038.0,150.18582836099654,14226700.0,255.0
1992,79.68,1316.3277006246612,627.0910506676437,1316.3277479772519,627.0911178486213,1325,480,55741.0,133.20252011794176,60.42687043621347,73.97443161209281,74.82582372887607,59.36934652109867,104.30833327696071,0.20656608156807488,132.22198876009992,11.213806137746694,113.11010507271003,150.88952782736308,2.570116116296467,0.9045222939243216,880.0,17055.0,150.1871916649907,14213943.0,255.0
1993,79.72,1316.3316259998664,626.9463980611429,1316.3316833458875,626.9465009505362,1325,480,55758.0,133.22283075297491,60.47555561882716,73.9362483568638,74.79715918111111,59.407462720850376,104.4178445244735,0.20575241932647048,132.24399477656254,11.16057114444771,113.07818033828796,150.0639202917194,2.5053986337145653,0.9214761130105825,872.0,17060.0,150.12516314211308,14218273.0,255.0
1994,79.76,1316.4034269670988,626.9135401850344,1316.4034920862794,626.913613035208,1325,480,55726.0,133.18459639717318,60.50594263278423,73.86918596296778,74.75523811769543,59.407744467198455,104.64886936014892,0.20530325415235406,132.2104765613974,11.131086807462566,113.00942198278817,150.57740938121063,2.543834306082275,0.9230631733003875,871.0,16979.0,150.09721935287993,14210116.0,255.0
1995,79.8,1316.4090976550017,626.9746966161738,1316.409130060293,626.9747703129486,1324,480,55728.0,133.18698636597455,60.465433513576635,73.90371471993043,74.75215437658919,59.41332439317125,104.33332499160831,0.20519582494095634,132.20316745079433,11.133945727950929,112.9986008517171,150.06558754999998,2.5547002675935864,0.9209803225699225,872.0,16965.0,150.06792178766725,14210629.0,255.0
1996,79.84,1316.4388243731971,626.9329581459517,1316.4388901833563,626.9330202713602,1324,481,55793.0,133.26463701917413,60.47532423542249,73.9827196558585,74.8334590516339,59.41936599648522,104.32044176413191,0.20597862574431036,132.28129894968464,11.18288670269611,112.97250800616783,150.97445750944914,2.6046415304826214,0.9370383449990863,865.0,17080.0,150.0387868554025,14227202.0,255.0
1997,79.88,1316.397194778084,626.9310957344226,1316.397230791305,626.9311643589928,1325,480,55756.0,133.2204414272203,60.467042195854305,73.94857589799149,74.80940917076384,59.398715211504914,104.40816725213877,0.20599940742857192,132.24871915926698,11.177472191201474,113.0141437727891,150.85083769903062,2.6010147496033644,0.9299551911993911,868.0,17065.0,150.1315071440384,14217770.0,255.0
1998,79.92,1316.3435622286192,627.005314340777,1316.343673191123,627.0054001686431,1325,481,55739.0,133.20013042785772,60.446085760884245,73.95182494050069,74.81240050633782,59.377659319999616,104.39579301387376,0.20631260435267862,132.22393871746942,11.187751264288062,113.06132492125099,150.9385344804958,2.587613520102174,0.927533243472274,869.0,16984.0,150.04409795390555,14213428.0,255.0
1999,79.96,1316.3336924817331,626.9892229449747,1316.333841627498,626.9893796419217,1325,481,55742.0,133.203714946907,60.45510827753183,73.95424622227004,74.82726640380095,59.37112811532927,104.49191024811402,0.2065575696038866,132.22862876624055,11.21076006211979,113.07251154761747,150.843014348359,2.6129467409709806,0.9170004435086441,874.0,16932.0,150.1088598297619,14214180.0,255.0
2000,80.0,1316.3234193895878,627.0195242372836,1316.3235447032037,627.0198461786695,1324,481,55779.0,133.2479160866903,60.49680581497209,73.93976168900107,74.7932147264298,59.43842951598635,104.36907420699669,0.20529650004490985,132.27204905382067,11.155465013007284,113.32958432262419,150.95856469228826,2.6157520705596777,0.911342032998808,877.0,16983.0,150.18796208324062,14223603.0,255.0
2001,80.04,1316.32985585202,626.9676973489616,1316.3299890714297,626.9680563269255,1325,481,55817.0,133.29329659484247,60.54359386609634,73.95612236206921,74.84641220605664,59.439459729519974,104.657758565238,0.20584757535365095,132.30461089258446,11.186999890510755,113.07814675996012,151.1787312509443,2.6833618566841535,0.8996113945197199,883.0,17115.0,150.27379471119716,14233290.0,255.0
2002,80.08,1316.284940909452,627.0207295762909,1316.28501065678,627.0209553489872,1325,480,55833.0,133.31239955570368,60.526118770558945,73.97611807955617,74.83325396228403,59.46310789863363,104.3935903906395,0.2053919247103294,132.33576530440135,11.152855150092831,113.36782513467297,150.24805996297647,2.600856587279725,0.8958066590207356,885.0,17204.0,150.18821859599814,14237387.0,255.0
2003,80.12,1316.3925712955959,626.9019621228526,1316.3926496952313,626.9020616708498,1325,480,55780.0,133.24911050859532,60.50774523470705,73.9464231087845,74.83713478286747,59.40255871141007,104.64950946670955,0.20624221005038856,132.26880051097064,11.194008802549526,113.27058225293884,150.58329982499478,2.6098873068160366,0.9072158387517032,879.0,17215.0,150.0879958823966,14223880.0,255.0
2004,80.16,1316.4324586254531,627.0250598399327,1316.4325860832137,627.0252510760401,1325,481,55760.0,133.22522003587824,60.49135732918947,73.93097699955598,74.80603520379105,59.40581426700365,104.53311604832095,0.20586869621994008,132.25191724285025,11.162021104767794,113.22046988958505,150.68676884699371,2.6224731590608608,0.9257508593693585,870.0,17021.0,150.05907737960013,14218766.0,255.0
2005,80.2,1316.4417164718889,627.0123683807794,1316.4418125459138,627.012542330365,1325,481,55811.0,133.2861322786566,60.55744007687921,73.91739482672693,74.80766192770972,59.454171624407856,104.68107164738382,0.20523954241664022,132.3072688549822,11.125833109563105,112.96292979602373,150.5064813836314,2.548258138970198,0.8894135398379795,888.0,17120.0,150.14646391354435,14231774.0,255.0
2006,80.24,1316.4214012607024,627.0186239809045,1316.4215234578082,627.0186981230167,1325,481,55781.0,133.25030491979382,60.51173626182169,73.93591695319998,74.81495338760072,59.4214842522625,104.56943775578199,0.2057539093232854,132.26975904481685,11.180298675398358,112.98264717905302,150.51927386094863,2.5957131064174823,0.8990311768404697,883.0,17191.0,150.09568474524394,14224134.0,255.0
2007,80.28,1316.364754523431,627.0615767171021,1316.3648222477063,627.0617653383027,1325,481,55808.0,133.28254997615025,60.507707996937164,73.96575443059061,74.83092613976171,59.43440122180566,104.45078005434435,0.20575082672637202,132.30098460392875,11.154027211020942,113.07578119770291,150.74328621363892,2.5579412313450898,0.8933854583286497,886.0,17164.0,150.14166937722356,14231012.0,255.0
2008,80.32,1316.3458616004177,627.0503771639213,1316.345988384599,627.0505485050548,1315,482,55788.0,133.2586654984257,60.50756623922724,73.94891962705913,74.83125064470633,59.412896017218856,104.5863140224541,0.20604165364939264,132.27519007762157,11.177115345195826,113.30464399064826,149.77817142836562,2.553570820894882,0.8910527535196093,887.0,17134.0,150.172018156145,14225910.0,255.0
2009,80.36,1316.3658915677568,627.029384606077,1316.3659521033276,627.0294734953807,1325,480,55745.0,133.2072993694993,60.47594804534277,73.93805187391463,74.82611380143739,59.37363472339409,104.61980133723202,0.2065118485111873,132.21713841873066,11.20388779849841,113.03705651233012,149.91470986053147,2.595229714704264,0.8863643125988706,889.0,17044.0,150.1755439627774,14214960.0,255.0
2010,80.4,1316.409686409616,627.0972589612397,1316.4098269523895,627.097408768941,1325,481,55765.0,133.23119305567704,60.47520533785863,73.96155024898616,74.83823623331516,59.38686532707365,104.5246955723665,0.206463589789455,132.24492475366995,11.209797632285273,112.98774968053722,150.90949786085534,2.6189060595976708,0.906971876084416,879.0,16997.0,150.16773698563324,14220047.0,255.0
2011,80.44,1316.275028871606,627.0747842492109,1316.275041713763,627.0748694762904,1324,482,55737.0,133.19774069490046,60.478903451037624,73.92642913936285,74.81902137889861,59.37111021230007,104.65968718948994,0.206470371863957,132.21761176587896,11.203850790386825,113.12380435531382,151.1561934309759,2.5822470161082935,0.8983220218991639,883.0,17085.0,150.18617232282776,14212926.0,255.0
2012,80.48,1316.3128156346932,627.1061207198741,1316.3129013740895,627.1062856527823,1324,482,55746.0,133.20849415559653,60.45333202987692,73.94932326051105,74.80339658201922,59.393262446133235,104.35089816721599,0.20600848143291628,132.23175461519477,11.189080890348825,113.12361349568796,150.46755942528046,2.5775412835917866,0.9005055715829136,882.0,17021.0,150.11994703564844,14215207.0,255.0
2013,80.52,1316.1637063370258,627.1261954203148,1316.1637600028707,627.1262963361683,1325,481,55734.0,133.19415601507217,60.46935880480231,73.92126952586459,74.7909334407201,59.39035037483123,104.48754646409722,0.2059151070509836,132.2049323780141,11.185184097823715,113.1831533205132,150.85489359451623,2.584755291766902,0.9210794806580545,872.0,17083.0,150.03171125216076,14212156.0,255.0
2014,80.56,1316.2826005891443,627.1418677792132,1316.2826454000071,627.1419333979954,1323,482,55674.0,133.12244214780753,60.41627489574142,73.91260015697424,74.7849015680299,59.33310401203211,104.48814643090596,0.206616539328352,132.12978552034693,11.213043666507108,113.15059214585814,150.9024119731648,2.6345661634191853,0.8932556003496218,885.0,17028.0,150.04376687585514,14196860.0,255.0
2015,80.6,1316.2047201611133,627.1528848613216,1316.2047414952567,627.1529508814087,1324,482,55763.0,133.22880387989198,60.52100488335759,73.89612338141986,74.77019839061903,59.43775328459927,104.55422429236182,0.2050609124496242,132.24505491561806,11.128227186574817,113.2743461560608,151.0397021194091,2.6083970233541174,0.9048792930895023,880.0,17008.0,150.15136074530264,14219557.0,255.0
2016,80.64,1316.277293937691,627.1332018237281,1316.2773361089676,627.1332663352655,1323,482,55723.0,133.181011363555,60.46141462933743,73.91539634708869,74.78029558262497,59.388347920304284,104.45095555755144,0.2058289224775005,132.19760304850928,11.18145072772002,113.0698422357479,151.08107597744592,2.613514614308915,0.918789167901938,873.0,16930.0,150.10186670057834,14209355.0,255.0
2017,80.68,1316.2278800434783,627.0601321614618,1316.2279923092128,627.0603223661749,1323,482,55651.0,133.09494158687676,60.402588846482786,73.89679189621778,74.76751064951154,59.32139532399202,104.47738373468619,0.206588599664986,132.11858292563554,11.205776410144152,113.12990792526227,150.99967089558393,2.6277729811038872,0.9155034207904194,874.0,16920.0,150.04135590050402,14190975.0,255.0
2018,80.72,1316.124918084874,627.0862199216741,1316.1249618416564,627.086390490043,1323,482,55689.0,133.14037423595113,60.44188093011215,73.90055576706048,74.78328237507553,59.34621967960545,104.58215699961691,0.20642397879843655,132.16352143190272,11.195179666844668,113.312526722582,150.90028580329172,2.6020941323366493,0.924572087651008,870.0,16893.0,150.1148696932507,14200674.0,255.0
2019,80.76,1316.307486024402,627.1927868220477,1316.307543277424,627.1929141627052,1323,482,55745.0,133.2072993694993,60.46260298242733,73.95403450405855,74.83311573730279,59.371124024104176,104.540378345934,0.20661964373469388,132.22335836756918,11.225649804003574,113.16837438944307,150.76185461215394,2.6524836824510913,0.9233778953384434,871.0,16965.0,150.180812140139,14214955.0,255.0
2020,80.8,1316.2579337956754,627.1492503382456,1316.2579638398622,627.1493578705697,1323,482,55752.0,133.21566264714784,60.49809032962446,73.90975432510514,74.77677619890892,59.42309701813839,104.48529960156124,0.20532684024688608,132.24290302796143,11.154778194785901,113.17452174744375,150.8609163859237,2.636667429016087,0.925618040020812,870.0,16944.0,150.1035579378733,14216745.0,255.0
2021,80.84,1316.226736233264,627.2044329536548,1316.2268283495075,627.2047643819399,1323,482,55747.0,133.20968893097748,60.50580670658593,73.88758107205884,74.75136235394545,59.435352342893985,104.4741269870741,0.2048927207310366,132.22865399715604,11.126954522041382,113.10888509988567,151.1364488035646,2.59830584969172,0.9149877063035832,875.0,16963.0,150.0722111416135,14215443.0,255.0
2022,80.88,1316.3135515652157,627.1581810293831,1316.3137142344603,627.1583101623464,1322,482,55745.0,133.2072993694993,60.49786368003307,73.90575815959113,74.7900043168327,59.40124454319103,104.61553888379653,0.20575957862564498,132.23008141475975,11.160342474763905,113.16549130591311,150.27011924804438,2.5698309777882242,0.9191519150923951,873.0,17102.0,150.06257886073274,14214941.0,255.0
2023,80.92,1316.2528838707076,627.2185452867279,1316.2529290392033,627.2186597290752,1322,482,55735.0,133.19535091906764,60.46170077655656,73.92977329667526,74.8030057940731,59.377933314182684,104.50715417085749,0.20620926012457907,132.2121899838831,11.18322890678454,113.2204053166206,151.03450991433232,2.546129187889524,0.9147907476784438,875.0,17125.0,150.1229981637995,14212409.0,255.0
2024,80.96,1316.2744865727138,627.1917531663771,1316.2745351425085,627.191865891306,1323,482,55716.0,133.17264590979667,60.39851547269981,73.99316818429033,74.86911261032257,59.30923693824993,104.47227819776747,0.20782770263430805,132.1856732485635,11.294366769537152,113.20132926122977,151.27278412319993,2.5989835537778694,0.9357451370238038,865.0,17100.0,150.05640556566377,14207562.0,255.0
2025,81.0,1316.288487975894,627.2233582348975,1316.2885443583118,627.2234603789836,1323,482,55728.0,133.18698636597455,60.45731760198133,73.93508483183952,74.81935112149874,59.359487181713696,104.584942396114,0.2066292170147246,132.21206517436946,11.212892666964091,113.18451301038914,151.07913062077048,2.588585283412183,0.9167701323212248,874.0,17069.0,150.08429887202274,14210620.0,255.0
2026,81.04,1316.319200396746,627.1763463805482,1316.3192520278517,627.1764948675616,1323,482,55724.0,133.18220638548362,60.47697705671649,73.90112781172043,74.77834678775795,59.388890353774585,104.55623924133035,0.20580097173935907,132.21225338315,11.174560896601793,113.15820783585251,151.02469788306016,2.5915756881063494,0.914610202272066,875.0,17030.0,150.13047877804104,14209597.0,255.0
2027,81.08,1316.247055744588,627.1497604519784,1316.2470721165055,627.1498287210575,1324,482,55757.0,133.22163609545416,60.491594758442986,73.92846602110139,74.80937531844776,59.39872464217097,104.57790121962587,0.20599892206928472,132.24871504034863,11.181036523036447,113.23247517559096,150.28370995693123,2.5637466514859115,0.9214595866625604,872.0,16958.0,150.09877306200113,14218026.0,255.0
2028,81.12,1316.267504121906,627.1264015307654,1316.2675472443066,627.1264873207588,1322,482,55721.0,133.17862128752873,60.46714969115571,73.91598394889976,74.80395794217908,59.36511392300483,104.62514577603696,0.20639073711992562,132.19502903946756,11.204078847010013,113.16697911204746,150.83619810955975,2.6030094505741146,0.9124741156912745,876.0,16991.0,150.09695093106072,14208839.0,255.0
2029,81.16,1316.1880822616067,627.2460173772209,1316.1881088645293,627.2460754588349,1323,482,55739.0,133.20013042785772,60.44899917778234,73.96700891272904,74.85555725769856,59.345138442257245,104.59882215670602,0.20720464029203578,132.2097154311082,11.261847929544954,113.28244649221801,150.97514169127837,2.5998474656509982,0.9127688794981416,876.0,16929.0,150.1292797150207,14213435.0,255.0
2030,81.2,1316.1891920675728,627.143847410634,1316.1891872487076,627.1439187248708,1323,482,55712.0,133.1678654145637,60.455602781651194,73.90631791037798,74.76198841873249,59.39418172211786,104.38283965046925,0.20555642006926678,132.18197567917656,11.173568027931289,113.1552622649676,150.8781816043842,2.6525672246132785,0.916506919535603,874.0,16914.0,150.0330504786422,14206547.0,255.0
2031,81.24,1316.248999525905,627.1157019755365,1316.2490935200144,627.1159037874709,1323,482,55710.0,133.16547510259173,60.46836013273394,73.88493741470717,74.7534210140135,59.391351227420714,104.49436726615008,0.20550323420934757,132.19180176151437,11.14387386720951,113.18634649900885,150.83210097127701,2.581324349717412,0.9227981442157087,871.0,16921.0,149.99762829225486,14206015.0,255.0
2032,81.28,1316.2813073985092,627.0569427675189,1316.2814814814815,627.0571249215317,1325,480,55755.0,133.219246748273,60.527424332793835,73.87593850227043,74.76098695942713,59.43078507647104,104.64784686437685,0.20505617309835422,132.25770110384562,11.11232057463308,113.11903580760885,150.76602973338396,2.5310940973460676,0.9130308917709123,876.0,16987.0,149.98768357980447,14217486.0,255.0
2033,81.32,1316.2952270834023,627.124008092291,1316.2953978201144,627.12409545528,1322,482,55691.0,133.14276499855893,60.438086761565636,73.9011683828446,74.76774233617742,59.36269641533367,104.45973261144127,0.20603866640212565,132.17138024326516,11.179154174979354,113.13957149083951,151.14136967396493,2.606761572910486,0.9310150153644349,867.0,17088.0,149.99926297042387,14201170.0,255.0
2034,81.36,1316.225086659963,627.1575638443524,1316.2252284601159,627.1577227598341,1325,480,55699.0,133.1523276197264,60.43660345063625,73.91390841804296,74.78135923503424,59.359895596615225,104.46004900640101,0.2062206918431383,132.17176536662316,11.189857564205434,113.2536384473199,151.1958747915721,2.5907711419739683,0.9205010584772846,872.0,17058.0,150.09408367847763,14203214.0,255.0
2035,81.4,1316.2144992088433,627.0294198523573,1316.2146442914516,627.0296005450373,1325,480,55776.0,133.24433275673343,60.4882723395809,73.95185110724283,74.82291739909752,59.40739351884535,104.49270594772278,0.20602676848361035,132.27723936832547,11.173496318872312,113.43729056052808,150.76175608406936,2.556968424170442,0.913374782878924,876.0,17191.0,150.13378507894228,14222845.0,255.0
2036,81.44,1316.279540113955,627.0633678027352,1316.2796291971326,627.0635071771194,1325,481,55663.0,133.1092904144874,60.4443097455965,73.86445344257399,74.75222083704593,59.34288114779489,104.63664082976636,0.20613888813875114,132.13251685621202,11.172600481720734,113.1605066198759,150.19145519410853,2.573530370191449,0.9094467735673399,877.0,17142.0,149.99375793558144,14194038.0,255.0
2037,81.48,1316.2046992339397,627.1621838600947,1316.2048452220727,627.1622969941677,1326,480,55725.0,133.18340139668956,60.4652920682209,73.91043997369067,74.77742466414001,59.38974189705369,104.4704876875106,0.2057797903070281,132.2120383831937,11.165563001897302,113.27351803263696,150.30920500979056,2.593204931634464,0.910459757056573,877.0,17130.0,150.06325525305826,14209848.0,255.0
2038,81.52,1316.2462232010132,627.1427696089642,1316.24633962535,627.1428622694323,1325,480,55732.0,133.19176617492172,60.4515963205361,73.93641163282288,74.81286650076167,59.36348598910356,104.52387118922759,0.2065069985187752,132.2129658976532,11.196556229183795,113.1867517853023,150.27736751623675,2.502023462032274,0.9317004333966113,867.0,17134.0,149.96074897285587,14211638.0,255.0
2039,81.56,1316.1869966709155,627.120870869973,1316.1871031390135,627.1210582959641,1325,481,55750.0,133.2132731928254,60.50071905758572,73.90255936400871,74.7698890657067,59.42549096252935,104.49195035783235,0.2052216245725993,132.2326868946354,11.150071912579438,113.24766002775333,150.27588029451414,2.6089649453310746,0.8765560632285381,894.0,17277.0,150.06474596044382,14216221.0,255.0
2040,81.6,1316.2010810588515,627.1958207535313,1316.201109520401,627.196116678597,1324,481,55880.0,133.3684986792242,60.523778113087886,74.03764911228389,74.88940678145619,59.4666121035792,104.32489087455328,0.2059409379871856,132.37659247087868,11.194914106391746,113.27405643840832,151.4530755541576,2.5726895877956366,0.9006267754584079,883.0,17342.0,150.1235638951725,14249363.0,255.0
2041,81.64,1316.1373530349267,627.1605363171933,1316.1375073981742,627.1606793765804,1324,481,55757.0,133.22163609545416,60.454103868342045,73.96778519929697,74.8302030015705,59.38326902888874,104.40610060251244,0.20642646088181216,132.23626720179976,11.22672247281973,113.20392856986979,151.4404728856699,2.5952686470695325,0.9068417626618628,879.0,17133.0,150.15985451629754,14218004.0,255.0
2042,81.68,1316.1025904350033,627.0945722478298,1316.1026243143442,627.0947011795074,1324,481,55786.0,133.25627681519902,60.48876785514742,73.97008462296793,74.84164750230781,59.40700509959458,104.48857662341203,0.2062306605722073,132.2820222994109,11.210621749336962,113.33403793846766,150.552128871676,2.6214256168075543,0.9219388507551984,872.0,17139.0,150.1302790463124,14225410.0,255.0
2043,81.72,1316.1422403905776,627.1417032814568,1316.1422884501587,627.1417684293579,1324,481,55767.0,133.23358218861884,60.468630640311495,73.97878566431604,74.8638694236878,59.369327727322734,104.57653139326949,0.20696955441448783,132.2408323749045,11.257907789993197,113.20198514989511,150.26259801338253,2.605819302067691,0.9049442020286259,880.0,17140.0,150.13452365720607,14220574.0,255.0
2044,81.76,1316.0883761134244,627.1164338094485,1316.0884540257694,627.1164811927674,1324,481,55803.0,133.27657925800045,60.50358972986504,73.97133944679321,74.83931074367334,59.42660176355735,104.46754555113748,0.2059440263006287,132.29777844811446,11.20433904631008,113.25908559847117,150.76146768388026,2.592206560550483,0.9180039422538278,874.0,17219.0,150.068827908796,14229750.0,255.0
2045,81.8,1316.150802064184,627.0645910406419,1316.1508286698236,627.0646254842875,1324,481,55752.0,133.21566264714784,60.46434837897037,73.94390919053642,74.80343856636162,59.39768269823627,104.39923021957094,0.2059498355073368,132.24385216436357,11.181966888546246,113.24844246767165,150.23441917307764,2.529334616518075,0.9150697723973912,875.0,17172.0,149.9976583641735,14216755.0,255.0
2046,81.84,1316.196866666901,627.1488668215675,1316.1968950000896,627.148885821337,1324,481,55781.0,133.25030491979382,60.50899231077945,73.9228950073487,74.78295350882051,59.442765928505175,104.43176545522573,0.20512946949208133,132.26881851670868,11.131266841921555,113.2221430185693,149.7023737704697,2.5327158265326912,0.9092998677357021,878.0,17091.0,150.11508111403995,14224150.0,255.0
2047,81.88,1316.1455901237523,627.0718642719769,1316.1455390634815,627.0719529048586,1323,482,55717.0,133.1738410067918,60.48811182101212,73.87309508595887,74.74614939603322,59.40588354461424,104.54248982708532,0.20523151995617162,132.20757391149752,11.126607620757442,113.25303038004115,149.9771493682871,2.561641907129328,0.910329049509575,877.0,17052.0,150.02726511350977,14207825.0,255.0
2048,81.92,1316.1371930267783,627.1336901931361,1316.137247508753,627.133746296795,1323,482,55695.0,133.14754639499077,60.45598320098467,73.8785216124729,74.73872596958512,59.38926418878775,104.42953589485587,0.20537494560776726,132.16557598025764,11.151347132678179,113.29615560043129,150.3041862674166,2.5788169872730333,0.9463007184515064,860.0,16985.0,150.0387835413381,14202216.0,255.0
2049,81.96,1316.129950785672,627.1878148706089,1316.1300026908243,627.1878733518702,1323,482,55745.0,133.2072993694993,60.51299321404938,73.87090202532256,74.73024382232596,59.44849175558708,104.4511588197343,0.20449220135119373,132.2301506672878,11.100732897177997,113.34561661831282,150.3577238191054,2.5683445816042756,0.9170497959059482,874.0,17033.0,150.06488304362367,14214966.0,255.0
2050,82.0,1316.0423282433162,627.250787082498,1316.042369993004,627.250865517427,1323,482,55747.0,133.20968893097748,60.4880415494688,73.90114142425602,74.7577951293961,59.42603757351985,104.40657188345229,0.20508573760554272,132.23827971762216,11.12960167885737,113.42716495444006,149.81513052243147,2.5253635717531013,0.9149877063035832,875.0,17024.0,150.0353060747435,14215473.0,255.0
2051,82.04,1316.1290126950528,627.1784514881649,1316.1290536781464,627.1785323307191,1323,482,55721.0,133.17862128752873,60.45008444893194,73.91260476497573,74.75135859479008,59.409765537827376,104.24885709914511,0.20523497292037118,132.20169892151551,11.156987305094983,113.34740294865432,150.3491740574719,2.6132962147498415,0.9293714256550195,868.0,16934.0,149.98450252114884,14208842.0,255.0
2052,82.08,1316.0541413154922,627.1874430661215,1316.0543427525045,627.1875516139456,1325,481,55702.0,133.15591342561362,60.43130669943967,73.91210001308946,74.76271767517945,59.375730762392244,104.33155443384734,0.2058109628871282,132.1804627573599,11.16653798975145,113.3570141755324,150.3346700636644,2.5743605777019645,0.9100839728589543,877.0,16960.0,150.03381330732697,14203977.0,255.0
2053,82.12,1316.1515691733664,627.1619314025204,1316.1517703246193,627.1620762711864,1324,481,55696.0,133.1487417172705,60.424588035290824,73.91390077054511,74.76588582932344,59.367144806779905,104.33826359918893,0.20595945399076776,132.1615342375448,11.175504482097615,113.26481491288013,150.13798030899974,2.5668345794829612,0.9120647215150702,876.0,17005.0,149.97894765334334,14202446.0,255.0
2054,82.16,1316.2006646014042,627.272999853701,1316.2007967269597,627.2730404823428,1324,481,55728.0,133.18698636597455,60.445516338532414,73.92619281937127,74.76990944717726,59.39867903800185,104.27893597530992,0.2055804336640895,132.20230801866535,11.16619564873074,113.1988879961744,150.41532867088918,2.5594055755713243,0.9209803225699225,872.0,16969.0,150.07159710065633,14210623.0,255.0
2055,82.2,1316.262193786022,627.2361578146258,1316.2622268470343,627.2361943377947,1324,481,55738.0,133.19893556673838,60.41910302052842,73.98251977511778,74.8481630357925,59.343354575287904,104.40887271578048,0.20715015347925336,132.20257214205316,11.236278113182392,113.20953631748304,150.36052739419674,2.513722409275581,0.9169346403122386,874.0,16985.0,150.0945026056728,14213182.0,255.0
2056,82.24,1316.1486297538559,627.2903601148573,1316.148721629138,627.2904099757782,1324,481,55735.0,133.19535091906764,60.44769110593202,73.93109183095697,74.7777422450847,59.39712925792999,104.30009460666804,0.20568437245329785,132.22240915608037,11.153413304638095,113.31773183199876,150.4486360099437,2.518857037627741,0.9210960070060765,872.0,16997.0,150.01420998387584,14212410.0,255.0
2057,82.28,1316.1369242542364,627.2635829023502,1316.1370032666835,627.2636859676204,1323,482,55714.0,133.17025568363124,60.44707177468011,73.91531754182664,74.77980466768267,59.37426603593191,104.44169773902911,0.20601202022674603,132.1955879594242,11.176060212732162,113.33180438680989,150.42711241936473,2.5611135522225696,0.924987148115216,870.0,16958.0,150.09021721803578,14207052.0,255.0
2058,82.32,1316.222233504387,627.1646168090458,1316.2224174720723,627.16469723323,1323,482,55769.0,133.23597127871972,60.48959619490208,73.94169101048706,74.8190741175783,59.40093488743237,104.54492468609757,0.2060723072557179,132.25702704951803,11.179783109941173,113.25583575749559,150.3058153654015,2.538032357328841,0.9216579028388245,872.0,17012.0,150.11200793946418,14221069.0,255.0
2059,82.36,1316.1455015921886,627.2687390029491,1316.1454923916165,627.2688594602355,1323,482,55728.0,133.18698636597455,60.442159037890136,73.93702573099719,74.79305210591002,59.37960693529702,104.36626863253251,0.20608124333242794,132.21807764893464,11.180625073632696,113.32279693378088,150.1677476175866,2.5682748706952636,0.9402898101250292,863.0,16969.0,149.98603064717634,14210628.0,255.0
2060,82.4,1316.2049905654055,627.1756809603635,1316.2051691644979,627.1758592838553,1322,482,55715.0,133.17145080207658,60.44709674286787,73.9236418730109,74.79416715798628,59.36656375059957,104.48331223662855,0.2062674670178395,132.18342501812657,11.200856246049264,113.13477288996367,150.13196731647844,2.583690080644414,0.918657259832681,873.0,16857.0,150.04872555513214,14207288.0,255.0
2061,82.44,1316.29837774705,627.1963124955015,1316.2984932564696,627.1964333818221,1322,482,55683.0,133.13320169053256,60.37898487950534,73.95185753967489,74.80196759596653,59.32254792589303,104.28806754734514,0.20693866976445918,132.152978225231,11.225915011021444,113.11442812532728,150.31110845547863,2.515760879026963,0.924472473139598,870.0,16692.0,150.13564661565144,14199142.0,255.0
2062,82.48,1316.2496206161131,627.2524778372544,1316.2496407787917,627.2526582369424,1324,482,55676.0,133.12483323245416,60.40925715343532,73.90981022825177,74.76690354462433,59.34516435359252,104.37214348345582,0.20626424875048355,132.1552688930484,11.180328382477473,113.22057897399017,150.38004103234036,2.574317465176193,0.9243562562096198,870.0,16706.0,150.08853094513447,14197361.0,255.0
2063,82.52,1316.31164469513,627.178656206132,1316.3116892437426,627.1788463263658,1323,482,55735.0,133.19535091906764,60.45833420762292,73.92904300236751,74.78604006400964,59.39496431475379,104.38405627976698,0.2058014535344106,132.21520594294452,11.182158893463805,113.16552099631645,150.29010714720636,2.5881817298248793,0.9382323096055551,864.0,16886.0,150.0829195408166,14212403.0,255.0
2064,82.56,1316.1793396442622,627.2467637978241,1316.1794301299074,627.2468599727266,1323,482,55732.0,133.19176617492172,60.47666647426919,73.89766348867184,74.75566810837438,59.41280958341858,104.4134076947938,0.2052400695919544,132.2174033345308,11.136430528042016,113.29108525650865,150.20916793613708,2.542097322600328,0.9317004333966113,867.0,16882.0,150.09113964194577,14211643.0,255.0
2065,82.6,1316.1680429970058,627.1653382525785,1316.1681214080459,627.1654454022989,1323,482,55680.0,133.12961527291162,60.428989179150165,73.88806240411934,74.74123032915706,59.37050604410217,104.36045128438872,0.20565254568814162,132.14889830931412,11.16193916586837,113.17286672153136,150.13584287419093,2.5775204411249204,0.9014824447601963,881.0,16906.0,150.05882630705878,14198384.0,255.0
2066,82.64,1316.1860210022166,627.1696165996927,1316.1862875413135,627.1697801408249,1323,482,55672.0,133.12005102021257,60.39736634388006,73.91046338578022,74.76391389813253,59.33764098622593,104.33921952191345,0.20633313730639136,132.13520549394656,11.17211635403554,113.29143951248207,150.106253547182,2.4830887915676074,0.9371717796781279,864.0,16914.0,149.99830140417495,14196311.0,255.0
2067,82.68,1316.2104516096078,627.2301720419229,1316.2108653138848,627.2303496779518,1323,482,55737.0,133.19774069490046,60.430375948671575,73.96419345457106,74.81685384579076,59.37146310560807,104.32389105047716,0.20644266560604185,132.216210165902,11.195385229045701,113.2616055720361,150.61835986787935,2.590242248776783,0.9127361279640452,876.0,17010.0,150.15559052365177,14212873.0,255.0
2068,82.72,1316.1666738427234,627.2334398513844,1316.1669182389937,627.2336208445643,1322,482,55650.0,133.09374578141512,60.38985890948577,73.89620805575791,74.75220945036716,59.32699053901097,104.36153560327283,0.2063513443251198,132.1123662922707,11.187456145448609,113.30490487069899,150.3889432926587,2.541990906263572,0.9218042851481636,871.0,17007.0,150.01349238994615,14190709.0,255.0
2069,82.76,1316.1552859518927,627.1999088729108,1316.1554422745548,627.200028719127,1306,482,55712.0,133.1678654145637,60.44710204523726,73.89350404921805,74.73392532657398,59.404902925778735,104.26870449377125,0.2051146428320223,132.19515566766793,11.106835750554845,113.31928794371443,150.60793911675398,2.473879612032901,0.9144132436469268,875.0,17155.0,150.01621629050985,14206533.0,255.0
2070,82.8,1316.2420261351117,627.1714497299929,1316.2420912779633,627.1716040073252,1323,482,55698.0,133.15113232963802,60.421511432495,73.92076238434848,74.77326587323861,59.36326192116133,104.33787456084866,0.20608975376575778,132.17245535461683,11.17489206173379,113.2355032774579,151.25833177221523,2.5706725821885845,0.9247215094181228,870.0,17026.0,150.11091336451054,14202962.0,255.0
2071,82.84,1316.1958796292972,627.2113994313925,1316.1960228292473,627.2113320650418,1306,482,55718.0,133.17503609306232,60.4505100199104,73.90686796216683,74.74769562968696,59.40767031029012,104.26743089198969,0.20522405661030652,132.20406434334046,11.140144024989233,113.27782017668635,150.14246617678913,2.590957305445272,0.9166056243302112,874.0,17028.0,150.05216875282,14208042.0,255.0
2072,82.88,1316.2241680906186,627.2434709569366,1316.2243386243385,627.2433145009416,1306,482,55755.0,133.219246748273,60.48004326136559,73.94567894507338,74.83112203655531,59.38099226431542,104.59883008240821,0.20646663248871833,132.2358338206597,11.210474136582919,113.24674114129681,151.27742122253713,2.5975988529563234,0.9299385121838376,868.0,17111.0,150.11274594751782,14217474.0,255.0
2073,82.92,1316.151486807893,627.1586000168259,1316.1515515695069,627.1585829596413,1306,482,55750.0,133.2132731928254,60.498567645089025,73.89923825040485,74.76529070557088,59.424956094295865,104.48289112438417,0.20517989653361945,132.22729347103999,11.139856294387815,113.32683290342422,150.1348571300844,2.5615408484016107,0.9129490129356714,876.0,17153.0,150.07591076824946,14216228.0,255.0
2074,82.96,1316.1769147086707,627.1925075288651,1316.1769812880843,627.1925116387756,1323,482,55633.0,133.07341544449375,60.39750935417501,73.86723408583516,74.71857895743167,59.34105969951391,104.34223644958526,0.20580583132715324,132.08466385276077,11.167524463936774,113.29842281020679,150.1586492173601,2.6175368688180294,0.9173052021227953,873.0,17000.0,149.98517140481337,14186401.0,255.0
2075,83.0,1316.187598107887,627.2061529411649,1316.187672658128,627.2061672586374,1323,482,55746.0,133.20849415559653,60.462869267801985,73.94300237640556,74.80277358072026,59.39588559120853,104.40081611520266,0.20596680112250154,132.23286351489446,11.202487540997868,113.28654363482767,151.15083670203873,2.6147704023644,0.9046034300982263,880.0,17185.0,150.0263904601465,14215218.0,255.0
2076,83.04,1316.2678945494863,627.1884453414978,1316.2679977755054,627.1885438530398,1323,482,55743.0,133.20490976515484,60.50076635721472,73.89131705586576,74.76215264963295,59.42129245694462,104.52327649769269,0.20519553877189822,132.23332851818017,11.142841329629675,113.2081947990943,150.31354517114806,2.5679530281606415,0.9086804203436877,878.0,17174.0,149.96219987688673,14214440.0,255.0
2077,83.08,1316.20165864176,627.0864238653887,1316.2016797674169,627.086518789706,1306,482,55722.0,133.17981633090346,60.4516422085197,73.9203272032565,74.78517376469597,59.37839341484085,104.4441629029659,0.20601383368220827,132.21618563524513,11.171055098472726,113.19594765385666,150.69597360825477,2.532933787631034,0.9124904914583226,876.0,17146.0,150.0686482612235,14209096.0,255.0
2078,83.12,1316.1957969156795,627.1520349440427,1316.1958868432869,627.1521688370004,1306,482,55675.0,133.12363769549924,60.42107622207415,73.90701052097722,74.78538084871559,59.33042615129352,104.53791377356517,0.2066574311988344,132.14158830596676,11.202135690068644,113.28330929878985,150.0864354364503,2.576598187557145,0.9075719355369251,878.0,17088.0,150.02162289605923,14197098.0,255.0
2079,83.16,1316.1939496844993,627.1090794579735,1316.1939751898462,627.1091862197727,1322,482,55703.0,133.15710867278432,60.446330713207736,73.89461047146327,74.75086872298061,59.38417279527845,104.38844516378666,0.20557213836068755,132.17625420800104,11.139474304768406,113.20174802225013,150.26247036998532,2.5553036861809795,0.9101003113023289,877.0,17039.0,149.9628356358381,14204251.0,255.0
2080,83.2,1316.1338672727798,627.3438621382139,1316.1339293729018,627.3439974147682,1323,482,55701.0,133.15471816771392,60.446220635520156,73.89029518182844,74.7420043721268,59.389848405368895,104.35581490238856,0.2054019837402583,132.19548156669433,11.131734073079327,113.32762679688135,150.01694509762055,2.5280799865957198,0.9311821904942341,867.0,17087.0,150.03729904200827,14203733.0,255.0
2081,83.24,1316.1871581032274,627.1481458857262,1316.1874056773268,627.148418972332,1325,480,55660.0,133.10570335259789,60.43534186130484,73.84374312644609,74.69110582207686,59.384911011911555,104.33854026195532,0.2049266059418975,132.1413388435705,11.095444009753123,113.29226683953078,150.09573971127784,2.521118985356961,0.9052641374134061,879.0,16993.0,149.96249157874254,14193246.0,255.0
2082,83.28,1316.1493503668198,627.2142424358485,1316.1496741530673,627.2143947146371,1325,480,55701.0,133.15471816771392,60.4476628251893,73.88842142980253,74.73883426602262,59.392974458027254,104.34741040508113,0.20532645389375337,132.1781930854501,11.14062193653518,113.32389692868624,149.175347867465,2.5206110768937564,0.8977418042199137,883.0,17140.0,150.0548315034953,14203708.0,255.0
2083,83.32,1316.118218103427,627.2037290237402,1316.118311981914,627.2038970825708,1306,482,55734.0,133.19415601507217,60.44627745539291,73.94417628513975,74.79798999199184,59.386482955804446,104.34816280439793,0.20604172702819168,132.2115898969677,11.205195250048737,113.29117615087934,149.74285732282112,2.6208091973358107,0.914774334459682,875.0,17223.0,150.02704619227163,14212138.0,255.0
2084,83.36,1316.1383523668344,627.2176563958161,1316.1385098743267,627.2178456014362,1306,482,55700.0,133.15352289908495,60.39831054666863,73.96990739418736,74.84488910504045,59.310586674308595,104.47521159052833,0.20755328274894447,132.16458657499643,11.272728182452841,113.33453925896312,150.24779717902626,2.5745120596486,0.9163095099463864,874.0,17197.0,150.00208110499082,14203465.0,255.0
2085,83.4,1316.235375963151,627.1691994392861,1316.2355104310545,627.1694440956464,1324,481,55747.0,133.20968893097748,60.47664312257074,73.93027412798628,74.80448539393866,59.391908211152796,104.52071682065387,0.20603814198599824,132.23409287594805,11.18479375876453,113.24233065787013,150.09985445384697,2.581698098026271,0.9066791208836715,879.0,17110.0,149.98530243928687,14215449.0,255.0
2086,83.44,1316.1968441821814,627.1429541017319,1316.1969416874563,627.1433135308793,1342,481,55717.0,133.1738410067918,60.4365953764578,73.94002710807872,74.8097590997348,59.35663074064045,104.46562276390353,0.2065656746533907,132.18021701585195,11.212710100937482,113.23592595626435,150.24591431594425,2.5789151540537447,0.9061911955490971,879.0,17017.0,150.01266932908106,14207791.0,255.0
2087,83.48,1316.1717028974572,627.0979024634714,1316.1717530545238,627.0980856522597,1306,482,55737.0,133.19774069490046,60.446369055104384,73.94882255500515,74.81173701075099,59.375044375998165,104.41483275728574,0.20634051890192662,132.2221011201806,11.197258366728768,113.22484456631746,150.04325116045925,2.55611003898618,0.9211290597021206,872.0,17015.0,149.97963134924024,14212911.0,255.0
2088,83.52,1316.150637304116,627.2195103936804,1316.1506723880998,627.2196527640626,1306,482,55697.0,133.14993702881947,60.428815020677554,73.91835760683267,74.7877074062318,59.34950797618058,104.4689527192828,0.2064269646105612,132.17596532475892,11.200764794716399,113.32213738472066,150.83842411138136,2.539579535503234,0.9204680057812406,872.0,16985.0,149.92135944110788,14202717.0,255.0
2089,83.56,1316.1557794084079,627.1580034449091,1316.155831568367,627.1581469648563,1322,482,55714.0,133.17025568363124,60.45750355319556,73.90170228221506,74.76623827590217,59.38502294488758,104.45258248069712,0.20572407661135594,132.18679097246286,11.15019336732992,113.32261285520832,150.11345997874267,2.559058380966789,0.9228644014868784,871.0,17034.0,149.96271379226593,14207051.0,255.0
2090,83.6,1316.1878687720687,627.1499308085861,1316.1879836957498,627.1499883284553,1325,480,55691.0,133.14276499855893,60.43637950360484,73.90966038451923,74.78737720868757,59.3467949926885,104.53851138465213,0.20645973682047292,132.15874440536706,11.207275374629063,113.15563700730833,149.94181271012272,2.5974869337421933,0.9246052924881447,870.0,17045.0,149.98132254910462,14201184.0,255.0
2091,83.64,1316.1192093837285,627.1347062403743,1316.1192826883034,627.134774179651,1324,481,55708.0,133.16308474771307,60.44617617689105,73.9045271177673,74.76091011635178,59.38371545704533,104.38495837800208,0.20568495802652276,132.18116607106379,11.155462249913953,113.31398201682077,149.99802792820535,2.5361283563150065,0.9101820035192026,877.0,17142.0,149.98381018567724,14205526.0,255.0
2092,83.68,1316.1810777853564,627.111611163715,1316.1811651461821,627.1116478701242,1325,480,55684.0,133.1343971416035,60.399043861722426,73.9265041299574,74.77576463383504,59.344397677558256,104.3011706079741,0.20636856114867852,132.15802924041884,11.182082179464292,113.25436425941824,150.221454396751,2.5356309022073042,0.9056544776810656,879.0,17018.0,150.09484911487294,14199395.0,255.0
2093,83.72,1316.1727461607281,627.1737265187116,1316.1727958340816,627.1738014006105,1322,482,55690.0,133.14156962262126,60.43662908282611,73.89593485948953,74.7554303159593,59.37020264348754,104.40814091854156,0.20580749261217512,132.1581446754332,11.175172290987343,113.24204550545615,150.11450228166296,2.5516245944072873,0.9224668578598604,871.0,17002.0,149.91778799820494,14200935.0,255.0
2094,83.76,1316.2514501144162,627.125673930138,1316.2515174370578,627.1257766763639,1322,482,55686.0,133.1367880115431,60.435980309879106,73.89855617629611,74.77254302638529,59.35125213779948,104.51545774198839,0.2062426963751125,132.15904260801398,11.191978220423891,113.18303497008502,150.840732550813,2.530219059663812,0.9224006005886907,871.0,17123.0,149.94085790621344,14199914.0,255.0
2095,83.8,1316.1895557970818,627.0742716870991,1316.1897012649142,627.0743697855926,1324,482,55735.0,133.19535091906764,60.479846015552155,73.9195440335374,74.81349160693004,59.37046603969672,104.67315400203468,0.206420329215096,132.2157865851435,11.20114379796685,113.24918518573814,150.81228537783247,2.5575162495544883,0.9317505859355512,867.0,16996.0,150.07861827676925,14212401.0,255.0
2096,83.84,1316.177001437271,627.1763245730522,1316.1770369305934,627.1764082483115,1323,482,55672.0,133.12005102021257,60.438038934959444,73.86139454942978,74.72469705821868,59.36734628268011,104.45269905962301,0.20551907709406325,132.15373768303263,11.126024572002365,113.29980971888395,150.1433181792886,2.469531236093886,0.9547708654175635,856.0,16877.0,149.9492423752044,14196348.0,255.0
2097,83.88,1316.2104311894373,627.1479138867658,1316.2105093024927,627.1478880827526,1323,482,55684.0,133.1343971416035,60.45705523835693,73.85806717061008,74.71027209947279,59.40071428101542,104.37845731944337,0.2049190477860059,132.1688609359639,11.123662548234181,113.26911344155752,150.07773015025492,2.585158952517633,0.9439173870563173,861.0,16928.0,149.93132969442374,14199397.0,255.0
2098,83.92,1316.3101278662848,627.1353239610182,1316.3102513951444,627.135494984658,1323,482,55729.0,133.18818133429284,60.48577830044506,73.89670257648983,74.77004390007905,59.402799289840225,104.53309960491266,0.20552675655474073,132.21422265552889,11.168299636493273,113.12374069075334,149.88798171039798,2.62059375697216,0.9316502808576717,867.0,17063.0,149.97435793367666,14210861.0,255.0
2099,83.96,1316.1791066576875,627.1616669830823,1316.1793035361695,627.1619637408005,1323,482,55710.0,133.16547510259173,60.5052151439332,73.85063687848941,74.72523429398456,59.42168784779896,104.5715674491012,0.2047975706035029,132.19353839702325,11.128873571248409,113.29904976577262,150.68250708264816,2.669226410471525,0.9185748172893952,873.0,17151.0,149.9984629724379,14205999.0,255.0
2100,84.0,1316.2178414770415,627.2616142979582,1316.2180161108022,627.2619530310913,1324,481,55739.0,133.20013042785772,60.459173113576796,73.91780605593516,74.75927224495108,59.4155272559756,104.27124327850414,0.2052420325695684,132.21687815201435,11.122752894996573,113.25139993935022,151.13825514333442,2.5396932326002823,0.8963229301122083,884.0,16972.0,150.09401700248867,14213386.0,255.0
2101,84.04,1316.1904639689294,627.205008830663,1316.190554038517,627.2052493532624,1324,481,55664.0,133.11048608030296,60.4053973426415,73.8953759320611,74.74346862444567,59.35278013917749,104.30858677460066,0.2059134900816536,132.11555273702135,11.174630271808542,113.28379372493393,150.30664104396305,2.586150895976503,0.8971454693829065,883.0,17144.0,149.91217661446478,14194291.0,255.0
2102,84.08,1316.176238892637,627.286787773765,1316.1763438543574,627.286940285109,1323,481,55698.0,133.15113232963802,60.426092491276556,73.91675902233797,74.7712159510169,59.36552184001322,104.35638518722213,0.2060377635305014,132.1819549303983,11.176092725781434,113.29055828682368,150.43629531486675,2.575371665571252,0.941965362049323,862.0,17080.0,149.97746054998632,14202966.0,255.0
2103,84.12,1316.2365683685514,627.2409987553813,1316.2366286165554,627.2411156579798,1322,482,55716.0,133.17264590979667,60.468146715747984,73.89057572067304,74.75381128725029,59.39765690328123,104.45232657793198,0.205423029535728,132.1970578641877,11.14534572182415,113.23461635451187,151.2710581312974,2.571754237569539,0.9400873360057086,863.0,16928.0,150.0039716683907,14207563.0,255.0
2104,84.16,1316.3091158651325,627.1881753079128,1316.3092229432173,627.1882336023583,1322,482,55633.0,133.07341544449375,60.37443267359353,73.89363187448588,74.7391907662661,59.32448327515374,104.27684552420175,0.20624664694750572,132.08571178618564,11.198039663879491,113.16717146942749,150.11162054517686,2.6192865424469187,0.9300453996115998,867.0,16838.0,149.96266117942272,14186399.0,255.0
2105,84.2,1316.2116948626422,627.2267491360199,1316.211791529775,627.2268002369797,1306,482,55701.0,133.15471816771392,60.43411885468257,73.90984443667305,74.75775257418165,59.38203647949898,104.31315019102715,0.20567386746177863,132.16931334097276,11.176082913894588,113.26067789136005,150.36800300300155,2.6035835826543443,0.9205341111733286,872.0,16911.0,149.99885446960883,14203741.0,255.0
2106,84.24,1316.1888751317088,627.2114313724496,1316.1889016469913,627.2114715275037,1323,482,55738.0,133.19893556673838,60.44232850348552,73.95639336485418,74.8116505229806,59.38046935220133,104.3520498317615,0.20626708624800527,132.2127962438334,11.219457644030344,113.28479248999761,150.17265627531694,2.616203206198499,0.9065327432832991,879.0,17065.0,150.05365665871213,14213184.0,255.0
2107,84.28,1316.2181018913057,627.1826730077735,1316.2181191796308,627.1827169797779,1306,482,55731.0,133.19057123876615,60.45804213374971,73.92507332178099,74.78754912377937,59.38782552287326,104.42700249557413,0.20591293311963388,132.20796334274152,11.182328100289118,113.19584812098317,150.27649919750385,2.5677740301738035,0.9189210759711952,873.0,16986.0,149.98393512041594,14211399.0,255.0
2108,84.32,1316.347514227229,627.1362003037366,1316.3475202756047,627.1362233546257,1323,482,55732.0,133.19176617492172,60.460635648593566,73.94202337562201,74.83804163303782,59.347946960654966,104.66993923314202,0.20698156090638042,132.20106197902422,11.23561590611711,113.08642131478975,150.80619201261828,2.588364335741323,0.9338534088392725,866.0,16835.0,150.01964982261163,14211657.0,255.0
2109,84.36,1316.2496952380725,627.1815034330705,1316.2497084312704,627.1815082626092,1323,482,55733.0,133.19296110035697,60.44735283113669,73.94124204885193,74.81325680897018,59.36468938395883,104.48679042999218,0.2064950529350441,132.1993850769836,11.198129396095327,113.2269499530789,150.31287950679015,2.5016184761783036,0.9317171509095913,867.0,16817.0,150.03703681403837,14211913.0,255.0
2110,84.4,1316.1188313983762,627.20860096504,1316.118873714624,627.208621215656,1324,482,55723.0,133.181011363555,60.41946329065734,73.9635176872585,74.83020147279225,59.34268649585904,104.42513178030867,0.2069687729300631,132.199684563869,11.228010110959673,113.3548005031146,150.38099449641595,2.53297395503604,0.9251365698823307,870.0,16944.0,150.07029748571225,14209359.0,255.0
2111,84.44,1316.1582623892155,627.2361309841276,1316.158397186283,627.2362230157732,1323,482,55727.0,133.18579138693477,60.43846799896118,73.93926160143,74.79590821459132,59.37503629119384,104.36839365790581,0.2061726676164506,132.19488675273683,11.18797576601338,113.31303755441675,150.0425523438316,2.5556754606354923,0.9084196003891553,878.0,16880.0,150.06053941907925,14210363.0,255.0
2112,84.48,1316.2170419440647,627.1836422439114,1316.2171830430025,627.1837606070935,1323,482,55741.0,133.20252011794176,60.426484925583964,73.97421481726259,74.8284483827306,59.365375859379185,104.32976927370133,0.20664697528219877,132.21081140176435,11.217934179303787,113.25927103685879,151.11995550563964,2.553409091117683,0.9107211721505686,877.0,16893.0,150.18258379067137,14213930.0,255.0
2113,84.52,1316.1101393406434,627.1608401944206,1316.1102520405418,627.1609830478069,1323,482,55745.0,133.2072993694993,60.462315101089345,73.93953998518055,74.80201342559852,59.39196838024573,104.42245678473766,0.20601109969693954,132.22457960053217,11.184098195168188,113.36780164514782,150.3386558383464,2.5610503385028665,0.9255018230908337,870.0,16995.0,150.13054056234685,14214948.0,255.0
2114,84.56,1316.119000247662,627.2473399554772,1316.119059152807,627.2474298939662,1323,482,55737.0,133.19774069490046,60.462082543201625,73.92194353170686,74.77639223709664,59.402090240745366,104.36950646580384,0.20560368769334758,132.22601526772553,11.157613864297144,113.35112217336854,150.87508273352606,2.5350673534127277,0.9148235741159669,875.0,17058.0,150.01933484142464,14212920.0,255.0
2115,84.6,1316.056317367924,627.1300287661652,1316.056378970034,627.1300735689933,1323,482,55730.0,133.18937629188994,60.460597885466555,73.92948029942683,74.8037914407096,59.37545570440908,104.51485700919926,0.20625071856857968,132.21131527907,11.19998152268384,113.28867807273167,150.7358130703274,2.6018188599583634,0.9189045874625381,873.0,17019.0,149.97408939941565,14211140.0,255.0
2116,84.64,1316.1811440276572,627.1856652419519,1316.1811422413793,627.1856860632183,1323,482,55680.0,133.12961527291162,60.429569229257574,73.90155437396913,74.78104251047321,59.337747321322794,104.55232155958845,0.20651350490316522,132.1329279364539,11.198231527012291,113.15680914753702,150.12301236171203,2.5751490316157666,0.913888020646555,875.0,16945.0,149.97264365328832,14198398.0,255.0
2117,84.68,1316.1091152861616,627.2112990697872,1316.109272652226,627.2114746155089,1323,482,55723.0,133.181011363555,60.42927180723109,73.95257119464965,74.81361509751827,59.35994165674631,104.39178155970104,0.20656231383322887,132.19164449941854,11.205461168839209,113.22407032311258,150.6339024268225,2.609241740255243,0.9145937890533044,875.0,17010.0,150.08544080978848,14209329.0,255.0
2118,84.72,1316.1170428931885,627.183946068027,1316.1171866585287,627.1840376261084,1325,480,55706.0,133.16069434992536,60.4036901351109,73.96051482278556,74.81465266999774,59.34249135870161,104.3252980453888,0.2068065647453149,132.15673343630277,11.232517207050293,113.22041582329113,150.36625071571467,2.6128611460976505,0.9143147643343569,875.0,17094.0,150.00690623876355,14205006.0,255.0
2119,84.76,1316.1915453230217,627.1581635907942,1316.1915557628151,627.1581769917854,1323,482,55754.0,133.21805205861205,60.522740485526235,73.87829015788938,74.74654180085628,59.447105575835195,104.51929611322623,0.20468420152175948,132.23859093001977,11.114658018544887,113.1507421473093,150.76706492125757,2.5907821615663145,0.9130145160038642,876.0,17122.0,150.03833080907475,14217267.0,255.0
2120,84.8,1316.1314982956087,627.0987465719762,1316.1315142708502,627.0987926735195,1323,482,55743.0,133.20490976515484,60.49874139693651,73.90088075062044,74.7802626234813,59.408334501936565,104.58195867241669,0.2055613016357326,132.2319097142902,11.156192713400802,113.21919338110033,150.4351646769279,2.6022158427972424,0.9318843260393904,867.0,16948.0,150.11283879589374,14214458.0,255.0
2121,84.84,1316.1099273472787,627.14966863144,1316.1099565701159,627.1497074764006,1322,482,55722.0,133.17981633090346,60.43801635074536,73.93787462518031,74.79516287610258,59.373788281017845,104.37365396639458,0.2061814427843427,132.19301048667276,11.192919792492686,113.36903203875266,150.5541765387323,2.5669619866118483,0.8980802645328095,883.0,17034.0,150.06765585774173,14209103.0,255.0
2122,84.88,1316.14008316231,627.2015794687918,1316.1402498115644,627.2016977136499,1323,482,55722.0,133.17981633090346,60.455096498483464,73.91172495992052,74.76675296471828,59.39439729725924,104.37537901238785,0.20560416305243467,132.20038158744777,11.163634970061795,113.1949519132646,150.36744825888766,2.5528523504911544,0.929388104670573,868.0,17146.0,149.88529155307418,14209081.0,255.0
2123,84.92,1316.156483292175,627.1132125364986,1316.1566148383279,627.1133408654795,1323,482,55761.0,133.22641466126134,60.49981270666593,73.9202253307578,74.80225846335185,59.405800889084645,104.59350676606512,0.2058287796458772,132.25471308397653,11.156349687291991,113.27872445222756,150.39347052280218,2.5547019587514197,0.9257674617879268,870.0,17175.0,150.04866386432568,14219026.0,255.0
2124,84.96,1316.1684829392157,627.213491373154,1316.1685484015725,627.2135484913213,1322,482,55711.0,133.1666702639409,60.4747892988816,73.87848710977951,74.75140184612059,59.39241467067813,104.53322824018261,0.20546754704426395,132.18872841883405,11.13350042978339,113.30491243018174,150.47325869983723,2.5612774125287947,0.9206993746535485,872.0,17063.0,149.97826801760047,14206293.0,255.0
2125,85.0,1316.1553258884105,627.1355571197793,1316.1553525272832,627.1356260769672,1325,480,55712.0,133.1678654145637,60.467272301288986,73.88419243503773,74.74265142797363,59.4028700388487,104.41873135925748,0.20523464308604622,132.19238742270696,11.133851671569799,113.27792951731925,150.41321975216906,2.542490337328683,0.9081750816817813,878.0,17118.0,149.96750614708105,14206550.0,255.0
2126,85.04,1316.202493620347,627.2039041264508,1316.2025225484208,627.2039958316864,1322,482,55658.0,133.1033119242997,60.43337255299508,73.85747523680521,74.7224025201632,59.360607544895494,104.4646396841057,0.20558486420618582,132.12056725785038,11.14990822313863,113.13292240470878,149.98548037599951,2.542362303660717,0.9135269298337996,875.0,17149.0,149.94010418210902,14192778.0,255.0
2127,85.08,1316.1208339845916,627.2112970401702,1316.12088267534,627.2114144009776,1323,482,55649.0,133.09254996520943,60.43730612964793,73.85260317472289,74.73511844502444,59.342539875708354,104.59995267032046,0.20596178730403636,132.11169140625438,11.183468174228878,112.22436911439276,150.9642201295724,2.581602572063379,0.9030293883244751,880.0,16942.0,150.0367202410035,14190478.0,255.0
2128,85.12,1316.1081442383916,627.113652684817,1316.1082157855067,627.1137970639963,1324,482,55722.0,133.17981633090346,60.47919832226898,73.89338931618913,74.77067652666264,59.39118070962571,104.5611622857871,0.20568886803575626,132.1970744129197,11.160178405522869,112.25198770083244,150.7384424659451,2.564713695309081,0.9166714275266166,874.0,17026.0,150.04387046074882,14209088.0,255.0
2129,85.16,1316.0566089959063,627.170821674555,1316.0567006607298,627.1709278942833,1322,482,55696.0,133.1487417172705,60.47417340322496,73.8640130392972,74.75239811222951,59.372527717316665,104.65450098720375,0.20574417387683375,132.16867921652505,11.1301620239352,113.28214308960797,150.94690930709507,2.5111596231857436,0.909985942198706,877.0,17055.0,150.01001715021667,14202460.0,255.0
2130,85.2,1316.0058422223935,627.1642272318063,1316.0058895353013,627.1643144437262,1322,482,55692.0,133.14396036376442,60.46337351342038,73.87974814507203,74.765737340779,59.36430950067815,104.62498792088358,0.2059957995184587,132.16017533286788,11.164576283947062,113.33331871082191,150.40975683605296,2.595828619629215,0.9267511328774805,869.0,16891.0,150.05607343457024,14201445.0,255.0
2131,85.24,1316.07052791242,627.1541415039284,1316.0706046962168,627.1541966383841,1322,482,55747.0,133.20968893097748,60.47011241787273,73.92701574357805,74.7855605723003,59.40503415088831,104.40171318552784,0.2056617120164872,132.23502297937318,11.145072682010422,113.40785701427055,150.54075143728588,2.596087655869592,0.9298050800594099,868.0,17010.0,150.05739060969296,14215464.0,255.0
2132,85.28,1316.1209545060487,627.19128070131,1316.121047909564,627.1914408756504,1322,482,55730.0,133.18937629188994,60.47874365976757,73.90574410387535,74.7784525000423,59.39630028806759,104.521285609555,0.20570300263924302,132.2091056170746,11.172960773149315,113.21542894431362,151.47488138811426,2.639628648887815,0.8982092017948653,883.0,17203.0,150.02227954987367,14211120.0,255.0
2133,85.32,1316.066481297224,627.2370708260783,1316.0664980447027,627.2372008753991,1323,482,55746.0,133.20849415559653,60.458073455116136,73.9584524993548,74.82898120974244,59.37722554242116,104.47272536608033,0.2064942675620649,132.22669569377726,11.236877360550752,113.33703961857803,150.9912771773526,2.658407240342119,0.9087293240851626,878.0,17203.0,150.06977330225263,14215216.0,255.0
2134,85.36,1316.1231625508806,627.2484831254633,1316.1232665363018,627.2486320661632,1323,482,55741.0,133.20252011794176,60.450890591919006,73.9614231868291,74.83842122023678,59.361713270758905,104.5165622579186,0.20680163607316826,132.217175799313,11.235851744043327,113.20451645544928,150.99861546316865,2.632433612569915,0.9004248029563231,882.0,17118.0,150.13605046340908,14213931.0,255.0
2135,85.4,1316.1721027432727,627.210668025765,1316.172220128833,627.2107803556369,1324,481,55731.0,133.19057123876615,60.483211089875134,73.9141994141265,74.80597313665274,59.37671329614028,104.66100767026656,0.20625705667015204,132.19889302427197,11.201544868712354,113.1619211989747,151.10495006133826,2.6195430896684164,0.9147250948033973,875.0,17135.0,150.08501316256778,14211383.0,255.0
2136,85.44,1316.16692485254,627.1606301165702,1316.166989559789,627.1606213898756,1325,480,55746.0,133.20849415559653,60.43212985142363,73.98729346679193,74.85437722893136,59.35473125698878,104.42314766114353,0.20706398938487103,132.2261814961926,11.25957913368111,113.1746927844769,151.272574109886,2.625913233382598,0.9149712930848215,875.0,17218.0,150.06576964582183,14215211.0,255.0
2137,85.48,1316.1630115211383,627.1777281913066,1316.163108224487,627.1777666140376,1324,481,55736.0,133.19654581234363,60.468895120975816,73.929905798502,74.80779800454972,59.37938704834734,104.54495172996145,0.2062406776799398,132.2055667568247,11.188019566683188,113.3136129198674,150.7948958818724,2.5950849721660965,0.8842308200504013,890.0,17102.0,150.11080771456517,14212658.0,255.0
2138,85.52,1316.111250013453,627.1495374685667,1316.1113183856503,627.1497219730942,1324,482,55750.0,133.2132731928254,60.48798968956742,73.928640753419,74.81289604901639,59.390836036314305,104.60107978621694,0.20614173260446644,132.22830586199188,11.193283215959408,113.36772693347707,151.05637527898438,2.6271416927415263,0.9129490129356714,876.0,17048.0,150.1317193930026,14216223.0,255.0
2139,85.56,1316.0740362673646,627.1938649377441,1316.074201712347,627.1942275590975,1324,482,55713.0,133.16906055446037,60.436637776877284,73.9357599341061,74.80909414113897,59.35219639229409,104.49443247809558,0.20661789754709559,132.18782121657128,11.211112137741347,113.40074674296788,150.8393128303515,2.5796940213154738,0.9186242828153667,873.0,16969.0,150.11341059922168,14206767.0,255.0
2140,85.6,1316.1053602603292,627.092354286546,1316.1054700118445,627.0925128315566,1324,482,55722.0,133.17981633090346,60.48104271377624,73.89729792119509,74.7767904141535,59.39022464309469,104.57664897484902,0.20576659797565322,132.2016154838457,11.175011207471453,113.24600204630069,150.73314916868054,2.62871742779275,0.9124904914583226,876.0,16856.0,150.06523092791085,14209086.0,255.0
2141,85.64,1316.047397136872,627.2050335013141,1316.0474994618642,627.2052450312119,1324,482,55748.0,133.2108836956424,60.512221001720974,73.8978768464342,74.78662471991481,59.410317756888865,104.65870637989603,0.20560236567183132,132.22010526067768,11.176656885546082,113.28601856994996,150.42337161715085,2.609506691258133,0.8924249665084856,886.0,17022.0,150.19099068238057,14215711.0,255.0
2142,85.68,1316.123573057432,627.1934257998313,1316.123725405716,627.1935229067931,1324,482,55704.0,133.1583039092263,60.41762525972337,73.95058279115302,74.82736136033455,59.32827427985289,104.50536036688942,0.20713127923681685,132.16018796993112,11.241592332010217,113.2125133912484,150.37425454319015,2.579631839566061,0.9121957276514555,876.0,16967.0,150.0796978182068,14204496.0,255.0
2143,85.72,1316.0837264695733,627.0837370874337,1316.083808499193,627.0839519454904,1324,482,55770.0,133.2371658077055,60.48154085871087,73.95254213895707,74.81181948177002,59.415376286658244,104.40093310662753,0.2058022823367308,132.25219556860745,11.19553706719807,113.26870231930924,151.22019821125497,2.6230673322202307,0.9091205540169611,878.0,17218.0,150.11758087846678,14221321.0,255.0
2144,85.76,1316.120309683572,627.2482608869943,1316.120424669572,627.24841735263,1324,482,55761.0,133.22641466126134,60.46621762318074,73.97095148459343,74.85955547128755,59.36254788864061,104.60495320712889,0.2070144216738079,132.22969639191564,11.250461949142872,113.207369734758,150.41801966862067,2.564608488228625,0.9069068193731394,879.0,17125.0,150.10259827690209,14219030.0,255.0
2145,85.8,1316.060140254724,627.2367363953446,1316.0601912484974,627.2368897899137,1324,482,55739.0,133.20013042785772,60.464117819001395,73.92893935865958,74.79858811849536,59.38492092952664,104.48177251826604,0.20606895900963396,132.2169400678648,11.18076422445053,113.26858972040799,150.5489643895741,2.518313029716814,0.910688495263819,877.0,17098.0,150.07852284098365,14213425.0,255.0
2146,85.84,1316.1607833193257,627.1715607599451,1316.1607732032708,627.1717831014201,1324,481,55768.0,133.23477673902426,60.48463732511121,73.95383702795243,74.834188694029,59.39196550050896,104.55945843479776,0.20635251698468893,132.24050997100073,11.220894423777706,113.17908762429103,150.44127359917684,2.59293722930814,0.9049604292634069,880.0,17170.0,150.02298043484865,14220816.0,255.0
2147,85.88,1316.108859493141,627.2497925112198,1316.1088855016587,627.2500493140859,1324,481,55765.0,133.23119305567704,60.43525931320329,73.99949955744124,74.8640677765869,59.360911877669764,104.40030448520433,0.20708407062761303,132.24846827219352,11.230918094153832,113.21845232871284,150.42318902131757,2.544981174973596,0.9258338714622001,870.0,17231.0,150.12916898523133,14220046.0,255.0
2148,85.92,1316.19240812627,627.1127249136848,1316.1924333836098,627.1128169216404,1325,480,55692.0,133.14396036376442,60.430860528972495,73.91294357291304,74.7899413196737,59.34203239934167,104.52931476147474,0.20655062228626753,132.16588736372836,11.198226935608053,113.24298023921152,150.72385246345576,2.5306863439784526,0.9161779035535755,874.0,17114.0,150.05386795765168,14201448.0,255.0
2149,85.96,1316.0791881151279,627.1935676904227,1316.0793172690762,627.1936854561102,1324,482,55776.0,133.24433275673343,60.49244673338118,73.95386189822254,74.83268781346176,59.401840342411134,104.5514993746617,0.20620464027051488,132.2492890754552,11.21049420197097,112.26824745971679,150.3796690209237,2.5907168807083667,0.9030367248373691,881.0,17251.0,150.07434247870268,14222854.0,255.0
2150,86.0,1316.1033072044866,627.1805950833959,1316.1035089293728,627.1807592210356,1323,482,55715.0,133.17145080207658,60.43018510836326,73.95562346481533,74.83545759133322,59.33713678124654,104.53125322483228,0.20709863090195846,132.18649653484258,11.255561979375228,113.23450174598656,150.8171755969917,2.638667030116872,0.9250037505337843,870.0,17196.0,150.08703951604423,14207286.0,255.0
2151,86.04,1316.1128249056019,627.2248557007085,1316.1130548677647,627.2250152510137,1324,481,55734.0,133.19415601507217,60.481470267551266,73.91129560873141,74.7964295900032,59.38334770685853,104.61247792890924,0.20606708057632583,132.2075632384121,11.190460966771921,113.21833527540504,150.3395998119944,2.571673599010365,0.916868837115833,874.0,17032.0,149.96985739541117,14212128.0,255.0
2152,86.08,1316.0956197023138,627.1724704488931,1316.0957412456946,627.1725746268658,1324,481,55744.0,133.20610457268552,60.507221722207916,73.89236423998508,74.76961569313535,59.41977736928928,104.57359679653423,0.20529513468203298,132.22945728301406,11.152669679259732,113.38120023859138,150.19862649638392,2.6242263735226765,0.9254852206722655,870.0,16992.0,150.0286118332989,14214696.0,255.0
2153,86.12,1316.1646147491597,627.1249564098755,1316.164836150892,627.1251570295394,1324,482,55722.0,133.17981633090346,60.46505060595158,73.91647554993672,74.79248694133366,59.37803970859186,104.53523040314113,0.20609619847021154,132.19201431079242,11.205648558809687,113.26959983172169,150.23945126997708,2.634338877163483,0.9145773758345427,875.0,17025.0,150.05940355050353,14209067.0,255.0
2154,86.16,1316.1533692592384,627.2103944351808,1316.1534208211406,627.2106170224224,1324,481,55703.0,133.15710867278432,60.43627550129883,73.91998847460893,74.79922442787401,59.34462163957021,104.54518946449966,0.20661447904725372,132.16338240938634,11.191917825224685,113.18047570920324,150.82891666525535,2.5336879941770905,0.8977740385354276,883.0,16931.0,150.05593680454166,14204235.0,255.0
2155,86.2,1316.1371226964736,627.1466873461021,1316.1372115988868,627.1469431726366,1324,481,55695.0,133.14754639499077,60.43051904466467,73.91294585710682,74.77448414450824,59.36116338319079,104.41342312895986,0.20613075352723065,132.16720839423635,11.18922791341407,113.2062780496712,150.32719935218762,2.5960644649420286,0.9120483457480221,876.0,16933.0,150.06248951348357,14202193.0,255.0
2156,86.24,1316.0604314058621,627.1743434454428,1316.0605489097245,627.1745338937385,1324,481,55674.0,133.12244214780753,60.41366859998172,73.89659066699642,74.7500282054304,59.35445012129587,104.35217317884907,0.20596083310930546,132.14521604461476,11.167888662901941,113.41607010546761,150.82533842118082,2.542455528721177,0.9075556342897668,878.0,16943.0,150.04676271514307,14196840.0,255.0
2157,86.28,1316.1562165927044,627.203294376464,1316.1562224818044,627.2035043579837,1324,482,55645.0,133.0877665929406,60.40167281097335,73.8825912251285,74.74717320855359,59.3284034997892,104.43724873390548,0.20627896744327945,132.10212444349978,11.18578372947759,113.17874668216965,150.31622109501302,2.5839589834000503,0.9112295573956133,876.0,16886.0,150.01968233900166,14189453.0,255.0
2158,86.32,1316.1027352196938,627.0947933147193,1316.1028305781415,627.0949150108593,1324,481,55713.0,133.16906055446037,60.44985375311064,73.91125181295249,74.78470476933157,59.36586473634535,104.5118643284964,0.2061763843361366,132.18333305409269,11.158483420596236,113.29382893348257,151.00744212855747,2.502431912650121,0.9123431095548892,876.0,16894.0,150.02524976194258,14206793.0,255.0
2159,86.36,1316.2062608546626,627.1616793319347,1316.2063113327713,627.1617839651244,1324,482,55741.0,133.20252011794176,60.48673573891193,73.9114272680384,74.78574865369929,59.4023238556642,104.53429075192703,0.20569995052492052,132.22144619750915,11.160291952545483,113.27200904623245,150.09210058239887,2.6180304683075306,0.9190859610577667,873.0,17005.0,150.09905256812593,14213938.0,255.0
2160,86.4,1316.2519257895697,627.1757030056699,1316.252086661521,627.176087307713,1324,481,55711.0,133.1666702639409,60.39091693353476,73.97599003960732,74.8278427045184,59.332149013844344,104.29586643879571,0.20708459753228148,132.18335085384612,11.223248286518983,113.22525749571484,150.88788373689113,2.523931015900288,0.8938492429334659,885.0,16981.0,150.05912655994646,14206251.0,255.0
2161,86.44,1316.09878615869,627.2771930464937,1316.0988823402572,627.2774024293826,1323,482,55652.0,133.09613738159464,60.369748716904716,73.91927780726175,74.75567421281097,59.330897217869754,104.19373437861542,0.20633586891385236,132.12082560289417,11.20546789381881,112.31129586989738,150.2466073919308,2.587990123917994,0.9051340239908531,879.0,16948.0,149.93834638662807,14191229.0,255.0
2162,86.48,1316.0383351744626,627.2654832353802,1316.0384525667941,627.265543413899,1324,481,55731.0,133.19057123876615,60.464192657065354,73.91153284941373,74.76936925741904,59.4001237597061,104.40062811085377,0.20555537181006678,132.21779576203767,11.148701302161372,113.42981468188233,150.1432010815617,2.539563145615705,0.9189210759711952,873.0,16951.0,149.9949512701192,14211387.0,255.0
2163,86.52,1316.1777695111855,627.1600295201433,1316.1778764083306,627.1600510323265,1325,480,55651.0,133.09494158687676,60.40448175971995,73.8826442433193,74.74685612869031,59.331728745436834,104.43565489006487,0.20623111367672142,132.11499953039342,11.1658469605462,113.16406868860682,150.31591127740802,2.5203498449103745,0.9134120373024683,875.0,17003.0,149.96771009803422,14190988.0,255.0
2164,86.56,1316.1381782207327,627.1690121320721,1316.138199705576,627.1690424042224,1324,482,55702.0,133.15591342561362,60.45653930732901,73.90424926823607,74.78718108670904,59.36083515268276,104.58841828430435,0.20626992099275432,132.1785886716794,11.188950250821934,113.3391358777204,150.33726868618209,2.6283117328602925,0.926917539387011,869.0,16948.0,149.95670816074892,14204004.0,255.0
2165,86.6,1316.1105371966316,627.180483839725,1316.1106261450586,627.1805690268347,1323,482,55674.0,133.12244214780753,60.43112878261652,73.9001404593713,74.7845584514531,59.33314337768717,104.5901987070135,0.20661237284427258,132.1282713603634,11.230940205907174,113.30241487065099,150.35710190290206,2.6375654104710513,0.8993425033600102,882.0,16932.0,150.00645029134338,14196850.0,255.0
2166,86.64,1316.193269176011,627.1374179958758,1316.193391659794,627.1374735558823,1325,480,55778.0,133.24672165407853,60.497479798356785,73.94461091360117,74.81362120645487,59.419463369282774,104.48450394140295,0.20576677868179305,132.26716962613952,11.183499760105095,113.23996930652437,149.91009693448783,2.5904761565154066,0.9030691056723101,881.0,17051.0,150.02371345384122,14223370.0,255.0
2167,86.68,1316.0829406904127,627.223807801308,1316.0830732249847,627.2239084418613,1323,481,55746.0,133.20849415559653,60.46956703853968,73.94246113686829,74.82497522649916,59.37406150129455,104.5740074758256,0.20649407070879588,132.2260070184401,11.211523116233947,113.32286367942152,149.87147769457704,2.5596136793036335,0.9149712930848215,875.0,17044.0,150.03484808944103,14215206.0,255.0
2168,86.72,1316.1024513125176,627.2385143133108,1316.1025825092875,627.2385635577251,1324,480,55721.0,133.17862128752873,60.46407825663697,73.90653463517377,74.76611348089068,59.39788629376838,104.41594287204462,0.20555070300732214,132.2076651758495,11.165445709736273,113.3684009261047,150.41460649816122,2.5941941901486145,0.8940096868750455,885.0,17127.0,150.03267474071671,14208837.0,255.0
2169,86.76,1316.2221206007855,627.1699205064494,1316.2221724001865,627.1700326433978,1324,480,55754.0,133.21805205861205,60.44869434510831,73.97017998583244,74.8269187565639,59.38488363685966,104.35994171956342,0.20637005206564973,132.22731668530065,11.206299345335953,113.25546435569682,150.31086848453702,2.6166865943962945,0.9047332479764738,880.0,17094.0,150.05924276646365,14217254.0,255.0
2170,86.8,1316.1010037182593,627.2664264744171,1316.1010530470194,627.2665626177278,1324,480,55743.0,133.20490976515484,60.422278991929474,73.98056653479486,74.83168772890714,59.36492680894249,104.30166021921215,0.20668731909396598,132.2262228142909,11.20781101521217,113.36731973707126,150.441472435061,2.5744368430988205,0.9128343825663343,876.0,17049.0,149.97715953529183,14214447.0,255.0
2171,86.84,1316.1730298648486,627.0968180060192,1316.1730789917171,627.0969020043744,1324,480,55778.0,133.24672165407853,60.480156226244894,73.96052563046688,74.82199969100007,59.411084916250445,104.41338466442696,0.20596769450687802,132.26589630799216,11.176556886940022,112.63280524869985,150.25767033837715,2.5726847773787203,0.8989828253671989,883.0,17187.0,150.06603098293965,14223377.0,255.0
2172,86.88,1316.1183849984689,627.2386311656394,1316.118613400215,627.23871372268,1323,481,55820.0,133.29687860853755,60.51664549778619,73.97422860433674,74.85286458508202,59.42642125619524,104.55156176276505,0.2060902199855318,132.31427708833567,11.179749810651039,113.35252283680866,150.40953836378395,2.5152991495531225,0.9182836058385511,874.0,17104.0,150.07320008298765,14234067.0,255.0
2173,86.92,1316.255137312882,627.1931029041848,1316.2552851656437,627.1932270916334,1322,482,55722.0,133.17981633090346,60.444233399921,73.92465924084708,74.78782847911978,59.372900439150214,104.42645053900658,0.20611546495528088,132.20692536971976,11.163809527377403,113.2204743524161,150.4876716801565,2.4997519013339082,0.9104107417264488,877.0,17047.0,150.04489677117388,14209082.0,255.0
2174,86.96,1316.1953540110035,627.2028633598529,1316.1955518856917,627.2029833599597,1323,482,55709.0,133.16427993051587,60.432949035152284,73.91500847999183,74.76649551876572,59.3762659277675,104.33758396036431,0.20584393429454528,132.18596518633788,11.151671434206516,113.27911913730262,150.16244811974786,2.5246344104885754,0.9185583287807381,873.0,17159.0,150.0038911681351,14205759.0,255.0
2175,87.0,1316.1952994589733,627.2145740227087,1316.1954262327451,627.2147049848319,1324,481,55709.0,133.16427993051587,60.43598589718102,73.92337657243553,74.78599939308891,59.365211108959066,104.4193531559278,0.20619886622194294,132.1805177076356,11.17362050510148,113.27810965854377,150.36180744992592,2.595881581700972,0.9227815798979163,871.0,17051.0,150.04222260986114,14205769.0,255.0
2176,87.04,1316.0909718841922,627.2908474069484,1316.0912292048436,627.2910962595666,1323,482,55662.0,133.10809473793154,60.43915314518759,73.84627279784048,74.70302169526349,59.376946609248165,104.41038696185333,0.20516004223410234,132.13583749719157,11.104676182731732,112.81294581374448,150.4678270050724,2.5289037388271143,0.9220030569616726,871.0,16906.0,149.87291635578345,14193759.0,255.0
2177,87.08,1316.1251239419698,627.2215852913654,1316.1253433387787,627.2217295298278,1322,482,55703.0,133.15710867278432,60.470105521021026,73.86658759736983,74.7273441498117,59.40311827942142,104.44511163371124,0.20506852002753662,132.17995439487487,11.10956454191626,113.34735619678993,150.39122843125463,2.5496995003791154,0.9205671638693725,872.0,17002.0,150.02528914572676,14204228.0,255.0
2178,87.12,1316.1950928217661,627.2238178292951,1316.1953717822225,627.2239842138308,1323,482,55745.0,133.2072993694993,60.48166154551861,73.90841887374094,74.76736616050343,59.41655258548933,104.41794143972771,0.20531435522364716,132.2263072300777,11.133674028714559,113.27747656980054,150.37061756131317,2.5398806358633195,0.9170497959059482,874.0,17027.0,149.98509494145696,14214931.0,255.0
2179,87.16,1316.1954718727561,627.226962121338,1316.1957872432122,627.2270866254848,1323,482,55688.0,133.13917883854825,60.42398083701266,73.91214685846025,74.77689153751525,59.350479403328706,104.43507403567851,0.20629918972289962,132.14249333780785,11.198337640929259,113.13633896130963,150.3734685188927,2.5912753130986026,0.91611210035717,874.0,16904.0,150.00005049902435,14200396.0,255.0
2180,87.2,1316.2028321113635,627.0880815325198,1316.2029214654042,627.0881290763066,1323,482,55657.0,133.10211619403816,60.41106720076886,73.87164501210036,74.71733423304248,59.36191491383513,104.30308926038526,0.20551347925923025,132.1367845617436,11.123361820893912,113.15035146144622,150.1921039478972,2.5437103000899546,0.9240408102568218,870.0,16722.0,150.0729290851545,14192521.0,255.0
2181,87.24,1316.2122573178822,627.0848443241422,1316.212420822193,627.0848929641659,1323,482,55729.0,133.18818133429284,60.46675001536348,73.92362085272384,74.80087796500938,59.378095566138725,104.54208001197755,0.2061845103754688,132.2028289726314,11.210452248220768,113.1415371504466,150.2336043958059,2.5970942162933635,0.91260512182766,876.0,16845.0,150.12027950415208,14210874.0,255.0
2182,87.28,1316.129524167277,627.0924966814882,1316.129636937648,627.0926670015067,1322,482,55748.0,133.2108836956424,60.48597605572003,73.91959357423765,74.79123045403392,59.40481008104648,104.51026674689615,0.20572492629926464,132.2359729744184,11.175485176828607,113.26732446687905,150.1126119217882,2.573844004642955,0.9192013806183666,873.0,17013.0,150.12091008562663,14215710.0,255.0
2183,87.32,1316.142068126519,627.1378926070626,1316.1422911437792,627.1380781642165,1325,481,55780.0,133.24911050859532,60.484727571868206,73.95599350708189,74.82179155155337,59.41035897954623,104.44986489780386,0.20597518787542568,132.27726043035145,11.174656714127213,113.2909332629326,150.25905388638728,2.528341919709062,0.9134402859471168,876.0,17041.0,150.1418214964989,14223859.0,255.0
2184,87.36,1316.182426397996,627.0557283550745,1316.1825539245594,627.055808778667,1325,480,55726.0,133.18459639717318,60.43393617129035,73.95776847000623,74.8278289559953,59.35324904292058,104.4591329468364,0.2068024708050129,132.20721346936682,11.234588508118954,113.17549498803155,150.02752118481777,2.6065233933463263,0.9188386334279095,873.0,17034.0,150.04433023640973,14210109.0,255.0
2185,87.4,1316.1755268415639,627.162403180085,1316.175626403233,627.1624966322406,1323,482,55675.0,133.12363769549924,60.4012503457704,73.9172444362438,74.76458864538905,59.34918999502528,104.29158174361969,0.20618582847395217,132.1321370665823,11.195179241124498,113.16592112500315,150.13063359006537,2.605116193772082,0.9096428348878367,877.0,16858.0,150.06592946961516,14197105.0,255.0
2186,87.44,1316.1099047808045,627.1781541829425,1316.1098999766552,627.1781744392767,1323,482,55687.0,133.13798343041236,60.382994303922686,73.9658809693368,74.81869067943829,59.32302313345293,104.30412780237764,0.20710957924105844,132.1573803337626,11.272735596698485,113.22835545778204,149.92810483512045,2.6253983602291404,0.9181955815902809,873.0,16981.0,150.1282499530712,14200183.0,255.0
2187,87.48,1316.1308660569337,627.1096370199351,1316.1309252649892,627.1096723281382,1325,480,55757.0,133.22163609545416,60.466789574508695,73.9412157324048,74.78701245976339,59.41749567911068,104.29733778057131,0.20551050610454258,132.2510709900476,11.153327755254445,113.30455533546031,149.97053329089,2.593802138454605,0.9235766671519524,871.0,16936.0,150.14764953250597,14218026.0,255.0
2188,87.52,1316.1539451295419,627.0869860355365,1316.1539828409377,627.0870337796605,1325,480,55714.0,133.17025568363124,60.42636872741539,73.93950303914289,74.78999148678352,59.3704751594918,104.31648389577921,0.20617085282081593,132.19855876153449,11.19964800202277,113.24344694710267,150.71214187822017,2.6080704190882593,0.93355179825004,866.0,16908.0,150.0406266878495,14207062.0,255.0
2189,87.56,1316.1935851201558,627.2469093864515,1316.1936189673415,627.24697358274,1323,482,55759.0,133.22402539978285,60.469551917937174,73.94293942962102,74.7916286911186,59.41664142627508,104.3197900589685,0.20557096474447123,132.2410344841425,11.176957277715221,113.13516012673928,150.34521743831945,2.585339882826005,0.9473881274824948,860.0,17064.0,149.98940337470592,14218536.0,255.0
2190,87.6,1316.2474397593967,627.1887247579904,1316.2476609499865,627.1888300260393,1323,482,55685.0,133.13559258194024,60.42534863354639,73.90680006825338,74.77187475111636,59.351534099952055,104.4404954462365,0.20623183118641908,132.151162717055,11.19296105284718,113.22853815673083,150.27263321715245,2.567484799817726,0.9181626045729667,873.0,17029.0,150.00037258699297,14199642.0,255.0
2191,87.64,1316.1656632575462,627.1477292154461,1316.1658530456943,627.1477978391184,1324,481,55718.0,133.17503609306232,60.47046506971646,73.88381560715217,74.73717464753712,59.41254143800783,104.38165020894711,0.20504699678307003,132.1928320997938,11.115083824781768,113.31370882127368,150.55525546454112,2.532063622741684,0.9062074597269164,879.0,17046.0,150.05358935695585,14208063.0,255.0
2192,87.68,1316.0973124699478,627.1032556977648,1316.0973440218074,627.1033159376625,1325,480,55761.0,133.22641466126134,60.48654717082406,73.92820533396797,74.7920667490557,59.41505435455269,104.44836222779887,0.2055968375108067,132.25564362066544,11.152247568282197,113.29853060803904,150.65823154578516,2.543966255968372,0.9110479410180631,877.0,17034.0,150.05683174796638,14219041.0,255.0
2193,87.72,1316.1187944661651,627.1601555281359,1316.1187685127009,627.1602728659905,1323,482,55705.0,133.1594991349399,60.42773917676303,73.93088784606036,74.79425102554845,59.35577354604101,104.41807366728568,0.20641262219784673,132.18051277443098,11.208132147303436,113.35924544651942,150.33519421136603,2.571129721969143,0.9059960254152675,879.0,17153.0,150.0513970812186,14204761.0,255.0
2194,87.76,1316.0995673339905,627.1692567880714,1316.099709479574,627.1693805817581,1324,481,55762.0,133.2276092759325,60.48677273394828,73.92739727205885,74.78495174070825,59.42323397736832,104.40124846834158,0.20541188308313063,132.25858734424781,11.147775102988554,113.37756195504912,150.03237021304918,2.5508502133049253,0.9152339045850072,875.0,17143.0,150.0333202088975,14219282.0,255.0
2195,87.8,1316.2096782661854,627.2365723719854,1316.2097810480977,627.2366834170855,1325,480,55720.0,133.17742623343048,60.431176963838055,73.94794925794446,74.81561330237126,59.353604396702714,104.44432864933029,0.20666821032633953,132.18355394180278,11.2081230909631,113.26179559185128,150.18967214989408,2.586557756372169,0.9187397023759667,873.0,16997.0,150.06619216412744,14208578.0,255.0
2196,87.84,1316.171930837978,627.2328119093902,1316.1719756653447,627.2328302496276,1325,480,55723.0,133.181011363555,60.42266040035814,73.95536581046095,74.81062890795036,59.360456740266464,104.34413570665514,0.20652375729516104,132.19259079442736,11.220697320180982,113.29972664874997,150.38664259112682,2.5679306438842864,0.918789167901938,873.0,16997.0,150.01142207342022,14209359.0,255.0
2197,87.88,1316.1460734330647,627.1588687981446,1316.1460847424196,627.1589413473434,1325,480,55769.0,133.23597127871972,60.465202173779105,73.96980786413005,74.8335706682012,59.392843427635576,104.42008971708997,0.20633423078296076,132.25307080917733,11.208340591874016,113.33219891221121,150.9064307026041,2.5838030657319515,0.9388046590901984,864.0,17228.0,150.04163633385465,14221087.0,255.0
2198,87.92,1316.0387217187235,627.1086806780135,1316.0387633086161,627.10873117044,1324,481,55697.0,133.14993702881947,60.452382100596125,73.88406389444496,74.74114710790998,59.38944626942282,104.40194580104851,0.20539825026130043,132.17433348706973,11.149314702640549,113.30933923638645,150.17324470554544,2.566661608047755,0.9141670453655025,875.0,17085.0,149.9574027050287,14202727.0,255.0
2199,87.96,1316.0929317799685,627.1298669856121,1316.092974020382,627.1298980910004,1324,481,55736.0,133.19654581234363,60.47224672574546,73.90906800400325,74.75029142108566,59.42925954227071,104.27881091807292,0.20496283810464422,132.21413852584107,11.154400083190554,113.34058049336011,149.53921952968267,2.6467240276883395,0.9169017387140359,874.0,16962.0,150.00665714569308,14212673.0,255.0
2200,88.0,1316.2191778257709,627.1708357347486,1316.2192653471388,627.170922533063,1325,480,55727.0,133.18579138693477,60.49181521868141,73.8844526444603,74.75159764283987,59.416922680879146,104.4947362696473,0.20514176881180768,132.2113858189396,11.151553536627452,113.25831125960396,149.52275483825844,2.608048367657074,0.9230797376181799,871.0,17031.0,150.00195945185985,14210370.0,255.0
2201,88.04,1316.1975080766872,627.200742198985,1316.197545704085,627.2007750408152,1325,480,55739.0,133.20013042785772,60.46287283433743,73.9321438773987,74.80290815633703,59.38220121420432,104.48816646456925,0.20615116874739203,132.2160889463851,11.19485116847972,113.27716691188589,149.9685919405496,2.5329699169163664,0.9318174559874707,867.0,17010.0,150.06891428568235,14213439.0,255.0
2202,88.08,1316.200522219516,627.081382749027,1316.2005884358014,627.081412245923,1325,480,55741.0,133.20252011794176,60.48927432004922,73.91059478479673,74.78783342206724,59.40124831383351,104.55753125479409,0.20573647349026813,132.22713807790706,11.180959386820144,113.19749938002164,150.23414166788092,2.60969010419348,0.9107211721505686,877.0,17129.0,150.09531903374798,14213946.0,255.0
2203,88.12,1316.2806395229898,627.1052619096864,1316.280861372813,627.1053746074473,1326,480,55725.0,133.18340139668956,60.44882242755872,73.94507789596587,74.8267215433787,59.35399246039522,104.55739376109611,0.2067807965368842,132.1993693207355,11.233325167373902,113.11567835134989,150.23072654279613,2.6394103725308624,0.910459757056573,877.0,17087.0,150.0958968868848,14209841.0,255.0
2204,88.16,1316.1036977105393,627.2213260597941,1316.1038921457896,627.2214453468151,1322,482,55779.0,133.2479160866903,60.50258490931244,73.92766306488247,74.77689398072192,59.449796244724176,104.34481245029616,0.20497104011767586,132.27666831604162,11.136743156668922,113.36871664937976,150.3979473065825,2.603086991218952,0.8869049240730542,889.0,17156.0,150.11111057219787,14223612.0,255.0
2205,88.2,1316.1720099875702,627.1108996740471,1316.1722300945275,627.1109755878819,1322,482,55751.0,133.21446792534402,60.44372180616604,73.96686046484788,74.8172619461173,59.387854546982375,104.31130103655866,0.20622790780885625,132.22796897039228,11.20124439905143,113.26345931473638,150.83896226902306,2.6197839973717065,0.9150533591786295,875.0,17176.0,150.09036308917248,14216471.0,255.0
2206,88.24,1316.2531510161402,627.1695454196816,1316.2532747173873,627.1695496142113,1322,482,55730.0,133.18937629188994,60.49514809375372,73.87798610361793,74.74060114679877,59.42610801513676,104.46496100795302,0.20490192608409252,132.20457679753247,11.129438387173462,113.22459902109345,150.30044756577584,2.5852296242247363,0.906402629860746,879.0,17043.0,150.07616463548092,14211130.0,255.0
2207,88.28,1316.165797532507,627.2294156612797,1316.1658829019636,627.229493484582,1322,482,55714.0,133.17025568363124,60.45021778373026,73.92172234644013,74.80388982864231,59.35510029701702,104.57223444674298,0.20652387953373474,132.1742140446852,11.20289615824959,113.30614219922559,150.38542183896436,2.5405439428429992,0.9207489536976146,872.0,16995.0,149.99625845037764,14207051.0,255.0
2208,88.32,1316.218877192261,627.2058911797217,1316.219008116067,627.2059721324426,1306,482,55692.0,133.14396036376442,60.47722333308198,73.84743923458696,74.7165937198773,59.40007951580773,104.51995110272794,0.2049948136219012,132.16008427289594,11.113635971851359,113.25541926440991,149.65177377006685,2.5302511770979024,0.8955671365436967,884.0,16985.0,150.0789179149887,14201434.0,255.0
2209,88.36,1316.1185743906815,627.2108512197623,1316.1187261283555,627.2109311958685,1323,482,55767.0,133.23358218861884,60.47955692384313,73.93415283992896,74.77354522678505,59.4386464859378,104.25694236127191,0.2050845482093585,132.2436229346377,11.140791015960168,113.21479096947499,150.38320601609263,2.568524807711495,0.9070044044400543,879.0,17244.0,150.0380752632215,14220558.0,255.0
2210,88.4,1316.1350821380538,627.3200785821416,1316.1351516348554,627.3201479539619,1322,482,55693.0,133.14515571823804,60.440408036856624,73.88374383928357,74.72556323302155,59.396470660118304,104.28081049174916,0.20513853505662505,132.17034014228497,11.129345192072035,113.32855059295368,150.14658043668473,2.552427515106628,0.907865357985774,878.0,16994.0,150.019692290326,14201700.0,255.0
2211,88.44,1316.152147607336,627.2832599135706,1316.1521625846794,627.2832833192575,1322,482,55651.0,133.09494158687676,60.41653546655515,73.86910576567867,74.73181427266408,59.34609068774943,104.43551430213654,0.2058791658500193,132.12745127174932,11.168608514639848,113.31486834273386,149.6381324408936,2.531545001934803,0.9282038945662765,868.0,16947.0,149.9897079834022,14191002.0,255.0
2212,88.48,1316.1354653564501,627.1735521558103,1316.1356614212832,627.1736365596034,1325,481,55668.0,133.11526863616834,60.40016756678094,73.90680135394996,74.76291920015048,59.33718430410401,104.36219570759098,0.20632868621341127,132.1433344791258,11.186038368747766,113.34142363132153,150.12660982629723,2.5042621894981845,0.9221024428684271,871.0,16925.0,149.99691183938467,14195312.0,255.0
2213,88.52,1316.1795143203615,627.2452269039818,1316.179662538144,627.2452701489858,1322,482,55710.0,133.16547510259173,60.44867483725868,73.90092379628959,74.75493942779876,59.38929077427824,104.36969483298431,0.20554693470605068,132.1813782938542,11.140483516949203,113.29105039693027,150.39592294520713,2.5682570568886285,0.9227981442157087,871.0,16936.0,149.94079518188195,14206031.0,255.0
2214,88.56,1316.1339454285821,627.1235321868919,1316.134188570916,627.123674531264,1322,482,55735.0,133.19535091906764,60.49874990289094,73.87507442475746,74.7382967124554,59.429053211345874,104.47240255667761,0.20483800373467942,132.22838744331685,11.106943399608818,113.30027576176649,150.29563618015177,2.54271879112005,0.9317505859355512,867.0,17030.0,149.91142228559244,14212385.0,255.0
2215,88.6,1316.1326895550267,627.1632100538907,1316.1328472122689,627.1632865128279,1325,481,55816.0,133.29210256888612,60.53420739980335,73.95218403939076,74.83248419179701,59.442536111801104,104.5813946780434,0.205658655411615,132.29756240086704,11.166481507802757,113.34513037070359,150.1408552320164,2.564174856196233,0.9224346411958584,872.0,17123.0,150.13481014982025,14233057.0,255.0
2216,88.64,1316.1920284767473,627.1207631300263,1316.1921035645128,627.1207953811949,1306,482,55772.0,133.23955483354922,60.50226254430383,73.932282527396,74.80417427874833,59.42088591703442,104.51361892530447,0.20564745898256998,132.26324927936932,11.171168638808018,113.24265693205272,150.2265199231954,2.5994585629650486,0.9133092798107313,876.0,16977.0,150.21392854987195,14221849.0,255.0
2217,88.68,1316.1583358205257,627.1074676585906,1316.1583656052783,627.1076090074584,1322,482,55776.0,133.24433275673343,60.49709592066551,73.9373044873257,74.80166925328214,59.42502744305889,104.45269202910406,0.2055654902320052,132.27680225342286,11.152555896345314,113.23737112778883,150.22498162750404,2.5706209585148705,0.9175597706780907,874.0,17147.0,150.00509899265563,14222865.0,255.0
2218,88.72,1316.2158662925203,627.1809449248335,1316.2158776872554,627.1809927143524,1323,482,55726.0,133.18459639717318,60.45546629252489,73.92917814888197,74.8024508795373,59.371543089515114,104.50501854237685,0.20628879947894074,132.19953171223898,11.20659586179582,113.26068743933071,150.3233253733184,2.570527595707184,0.9104760954999477,877.0,17067.0,150.04742365751247,14210125.0,255.0
2219,88.76,1316.2244593026383,627.1178553436589,1316.2245809054236,627.1179022859704,1323,482,55775.0,133.2431382919996,60.51066809317835,73.92833040081244,74.81882442070233,59.40608134895449,104.65727455939536,0.2060008719875468,132.26475442444436,11.181654005239288,113.12440462537882,150.2131671508787,2.5004749606467165,0.9238748248722161,871.0,17083.0,150.0427692313881,14222605.0,255.0
2220,88.8,1316.1453379599525,627.297055482569,1316.1455119466168,627.2971765803258,1323,482,55748.0,133.2108836956424,60.5438229783025,73.82989459021775,74.68435842742653,59.48659044116058,104.44592856924787,0.20349331916714752,132.2454962626071,11.036350848102654,113.32040711766587,149.9394941165688,2.5244567137897382,0.9150041195223447,875.0,17076.0,149.93724292053815,14215708.0,255.0
2221,88.84,1316.138875344354,627.156511993549,1316.1389930225466,627.1566429301716,1323,482,55751.0,133.21446792534402,60.550777865624056,73.83685233489611,74.70808631922708,59.472508786634506,104.57260241614483,0.2039347851515172,132.22996384630343,11.066363923872213,113.33958167145073,150.27769161443013,2.5568698918361337,0.8924729910994937,886.0,17112.0,149.94087335236543,14216476.0,255.0
2222,88.88,1316.0522212029186,627.2028779620769,1316.0522634335318,627.2029557357056,1323,482,55756.0,133.2204414272203,60.52406968807711,73.8692790840287,74.72064305134484,59.46981508290445,104.39616118288421,0.20410461347288822,132.2449741766833,11.085052583984112,113.42165197310929,150.18172593155842,2.5813574590029824,0.9006671088360945,882.0,17204.0,150.00499031897832,14217769.0,255.0
2223,88.92,1316.1255358316525,627.1422844323471,1316.1255921619295,627.1424239161643,1323,482,55728.0,133.18698636597455,60.49814872225776,73.85751473063047,74.70224677564123,59.45193695479496,104.33951676028528,0.20414794037786643,132.20600086717286,11.085587421637944,113.35416391949444,149.95503262510456,2.566761217754973,0.9188716104452237,873.0,17077.0,149.89806183097005,14210620.0,255.0
2224,88.96,1316.147955560559,627.1298543012606,1316.1479648556572,627.1300340684957,1323,482,55770.0,133.2371658077055,60.50225790303289,73.92586752625564,74.79093395369213,59.4295658675803,104.46526705683179,0.2053907776525834,132.24894340840308,11.162923816041666,113.28576835672193,150.86468267360274,2.615223652556807,0.9216744291868465,872.0,17143.0,149.98067163310665,14221331.0,255.0
2225,89.0,1316.0582328461298,627.1410845119503,1316.0582421524664,627.1411838565023,1323,482,55750.0,133.2132731928254,60.46613966697979,73.9459910631733,74.82275883902898,59.37776014854487,104.52826113469645,0.20642113349110702,132.23428741080858,11.194878714442725,113.36026734599682,150.01904544338524,2.5397105931247643,0.9234607169274055,871.0,16938.0,150.04982437054767,14216238.0,255.0
2226,89.04,1316.0889226636311,627.1510452076199,1316.0889510589839,627.1511629992289,1322,482,55761.0,133.22641466126134,60.45427661945393,73.9702638917368,74.83151589851089,59.38487795832832,104.39631826015723,0.20641888320332624,132.24607828229261,11.21031344834299,113.25323886427424,150.12069441131857,2.5568890380554206,0.9278993377932412,869.0,16912.0,150.1316759712461,14219041.0,255.0
2227,89.08,1316.1293348339257,627.1580413680815,1316.129328596548,627.1580902142318,1322,482,55734.0,133.19415601507217,60.49647218874884,73.89137272673801,74.77589986050799,59.39968780033331,104.62344880790857,0.20563058537387724,132.21015886678708,11.153918279905339,113.34894238129829,150.32976837487092,2.5849263982564734,0.9274500402175087,869.0,16832.0,150.0755424522613,14212165.0,255.0
2228,89.12,1316.1648049908513,627.2172917559499,1316.1648120894504,627.2174162748124,1322,482,55718.0,133.17503609306232,60.453713635386706,73.91226258795821,74.77167518871306,59.38746199876047,104.407690991169,0.20574921119695433,132.18583666050463,11.174610222674799,113.2430385452357,150.32663849479448,2.5689475060217712,0.9000532672740067,882.0,17042.0,150.04625716976187,14208077.0,255.0
2229,89.16,1316.131018524477,627.083225991081,1316.1310281748238,627.0832690686705,1322,481,55759.0,133.22402539978285,60.50783286386862,73.88611676446205,74.73030994674392,59.462062390041304,104.32694908056067,0.2043113104653712,132.25973104006718,11.070627650543868,113.26660564101655,150.21102203585494,2.5651210973871814,0.9257342569507903,870.0,17035.0,150.01916849933306,14218539.0,255.0
2230,89.2,1316.1188014792579,627.1443346145261,1316.1187884439503,627.1443609561895,1322,482,55763.0,133.22880387989198,60.515137748256215,73.90075099243779,74.77528813732478,59.43112970419438,104.55304693625197,0.20520360155551465,132.2460414842567,11.126069479056957,113.36068249266758,149.58115177518295,2.5623846163553434,0.9007801849133213,882.0,17095.0,150.11952680836345,14219562.0,255.0
2231,89.24,1316.1158926280482,627.2474043139584,1316.1158933859822,627.247419904873,1322,482,55715.0,133.17145080207658,60.439546173528335,73.92572331540907,74.78851424027572,59.36858973481311,104.42111836727388,0.2061803829385146,132.1768812406565,11.191153580259263,113.28662069270382,150.2304062893955,2.552440484535311,0.9020491093716655,881.0,16979.0,150.0792083722578,14207323.0,255.0
2232,89.28,1316.0622992874557,627.2729040255932,1316.0623508085505,627.2730225963351,1322,482,55717.0,133.1738410067918,60.445058332887456,73.92022932477731,74.78219286659868,59.375323244228916,104.41968218617275,0.2060232393807111,132.19951082317175,11.169647987087261,113.40528007925985,150.27196150309015,2.5390435871617747,0.9020814902066066,881.0,17040.0,150.04093662300247,14207819.0,255.0
2233,89.32,1316.1114321619002,627.1618336642125,1316.1114341085272,627.1619293712317,1322,482,55728.0,133.18698636597455,60.469702546007916,73.9003229445419,74.75852632388502,59.40543240471575,104.41072452938005,0.20536913545691482,132.20892708084756,11.141233292418457,113.22934380767447,150.15095112585627,2.510988503627915,0.9084359016363135,878.0,16996.0,150.11229053771882,14210628.0,255.0
2234,89.36,1316.2132082102771,627.1809615712735,1316.2132194631836,627.1809961245874,1322,482,55736.0,133.19654581234363,60.45090967884908,73.94853399576938,74.82870842940181,59.35791906655252,104.54586770694719,0.20674938386041275,132.21502344770323,11.211908237492276,113.26333282342344,150.324203693083,2.5219560284361773,0.9127197521969971,876.0,17140.0,150.02059830902692,14212675.0,255.0
2235,89.4,1316.1954570380137,627.0892102102054,1316.1954567475912,627.0893578080422,1322,482,55731.0,133.19057123876615,60.424985328634676,73.95351113945226,74.79879402594545,59.375424832863224,104.27022131091583,0.20619809976792314,132.2144401551652,11.17935991872249,113.20189583129361,150.7006377307819,2.4975447449345984,0.9231459948893496,871.0,17041.0,150.0460487437988,14211389.0,255.0
2236,89.44,1316.209266859959,627.1749872797627,1316.2092368397452,627.1751950497713,1322,482,55755.0,133.219246748273,60.46369137585361,73.94679568317099,74.80447950539597,59.39929639759973,104.3837514200753,0.20593931285472022,132.23638116600432,11.178187044496221,113.26780197701159,150.10367889253757,2.5553714233739644,0.9068092343062245,879.0,16962.0,150.06956886776572,14217502.0,255.0
2237,89.48,1316.137756759887,627.1919210517144,1316.1377632547533,627.1920929313967,1322,482,55697.0,133.14993702881947,60.417738227132084,73.92297357663392,74.77637026182082,59.358264507657694,104.3420594815613,0.20618954490808272,132.1703742438191,11.191188851698152,113.19872711198053,150.35907023613197,2.530514420538164,0.9268343361322458,869.0,16979.0,150.03448565086217,14202715.0,255.0
2238,89.52,1316.1041820460528,627.203901756851,1316.1041790027093,627.2040157183615,1322,482,55731.0,133.19057123876615,60.456673606779326,73.92564026971229,74.79143578494693,59.38224318859735,104.45111987408008,0.20602883785593729,132.2058635184137,11.175316896269212,113.2300750984689,150.38131278826413,2.5524761180976876,0.9189210759711952,873.0,17013.0,150.0059871259005,14211393.0,255.0
2239,89.56,1316.1917653006021,627.2109868573241,1316.1918058970264,627.2110080218222,1323,482,55723.0,133.181011363555,60.45082281374761,73.93094836958451,74.807450382208,59.36271955527953,104.5263037050777,0.20645979441911044,132.19201127072245,11.20559663398076,113.21740387328134,150.31186484381263,2.5769366184383107,0.931549975779792,867.0,17042.0,150.02824548318114,14209359.0,255.0
2240,89.6,1316.258771431456,627.1564868879274,1316.2589447606053,627.1565804355241,1323,482,55703.0,133.15710867278432,60.4398725902609,73.90506813173356,74.75615578097033,59.38395799485282,104.34187911616993,0.20563119686299602,132.1730229913052,11.154077408165499,113.22019445033696,150.8789493563836,2.5926469837357464,0.9184593977287953,873.0,17108.0,149.87610568112802,14204238.0,255.0
2241,89.64,1316.0629873677703,627.1855803534145,1316.0632080883406,627.1856804818585,1323,482,55784.0,133.25388808915326,60.50855605619189,73.93347495727502,74.80979851498284,59.42169739590919,104.54892864774818,0.20569633155731248,132.26770627510967,11.147672157490241,113.4125024742798,150.97053223410492,2.509111681980876,0.9261493174149981,870.0,17062.0,150.11995540906344,14224884.0,255.0
2242,89.68,1316.2556972033422,627.211889430384,1316.255752546209,627.2119775107327,1323,482,55671.0,133.11885544030872,60.417943594048914,73.87551232139423,74.7066012765261,59.387228884603594,104.19237452542224,0.20506049171234453,132.1442421760499,11.115282662691003,113.21820830596761,150.3396763665815,2.5576367609120547,0.9393280580582563,863.0,16939.0,149.94607584747652,14196088.0,255.0
2243,89.72,1316.122500156783,627.1172997494781,1316.1227834015363,627.1173989518271,1323,482,55716.0,133.17264590979667,60.47901421252308,73.88112350819938,74.7429999824284,59.410567448721515,104.45098533824144,0.20513536434597812,132.1865418646715,11.13909780516742,113.31222055225442,149.97579614915406,2.5956726858786547,0.9186737483413381,873.0,17117.0,149.9624779685628,14207541.0,255.0
2244,89.76,1316.1610436644614,627.2001107256011,1316.1611530936439,627.2001579580334,1323,482,55711.0,133.1666702639409,60.47494895376768,73.8716269501911,74.71924565269252,59.424498721668634,104.34529623129006,0.20469621711809582,132.18296788608916,11.121448385464227,113.3135359944169,150.35925020935784,2.619951238894258,0.9292046354994847,868.0,17100.0,149.98716647425675,14206290.0,255.0
2245,89.8,1316.075460020743,627.2566040036822,1316.075663558106,627.2567969870875,1322,482,55760.0,133.22522003587824,60.50289571780398,73.90704132699125,74.76725365540423,59.4365958713779,104.43730329003812,0.205045083703141,132.25348454827605,11.130613884551579,113.39364476058172,151.0218431480084,2.6112045288752754,0.9236263601053297,871.0,17223.0,149.98308848831732,14218761.0,255.0
2246,89.84,1316.1182714409738,627.1196305491706,1316.118308092123,627.1197239896048,1324,481,55795.0,133.26702555255218,60.52426007415231,73.9344343405463,74.80912455345181,59.439730167004555,104.54315592856562,0.20544812518779954,132.29062302622185,11.144933397923982,113.31622980444938,150.8784024581566,2.589349428856098,0.9178723358610167,874.0,17219.0,150.04950870618865,14227712.0,255.0
2247,89.88,1316.2206711328818,627.1903087997989,1316.2207643220763,627.1904531440453,1322,482,55788.0,133.2586654984257,60.496715370123916,73.95146697467236,74.81291347359027,59.42810796140947,104.42430456694728,0.20564371574182572,132.26788218807087,11.161970104802151,113.25505011074756,150.28287572154986,2.5702575332708335,0.9262157270892714,870.0,17119.0,150.01648419541633,14225916.0,255.0
2248,89.92,1316.2421519717461,627.1172309209819,1316.2422293484296,627.1173077267597,1324,481,55819.0,133.2956846146679,60.53101776959959,73.95783869784825,74.8224977401932,59.45889209360788,104.4605150446966,0.20533403869959677,132.3167656014745,11.165862628584794,113.1930342258462,150.8912848482791,2.641433053565958,0.9119955707337971,877.0,17204.0,150.05795451208607,14233830.0,255.0
2249,89.96,1316.1910783566295,627.1101814718313,1316.19106989093,627.1102540183697,1325,480,55744.0,133.20610457268552,60.43936222930374,73.96178662511163,74.80928246283642,59.387150502942,104.28958320902467,0.20615265181237086,132.22043738362558,11.186837090452155,113.20451791185522,150.26444516440185,2.598207494855456,0.9212447441382745,872.0,17065.0,150.0150815374692,14214713.0,255.0
2250,90.0,1316.2295554099812,627.1110121458458,1316.2295835053026,627.1110951603353,1322,482,55727.0,133.18579138693477,60.44626335221254,73.92633936042344,74.76867884263461,59.40117059961435,104.26867346438566,0.20553403485120025,132.20698142278047,11.16084050074792,113.16610642303917,150.2527381080059,2.624976433391858,0.9359298810202727,865.0,16986.0,150.00845974434813,14210373.0,255.0
2251,90.04,1316.1898311893287,627.1769500673435,1316.1899072529286,627.1770625908187,1322,482,55743.0,133.20490976515484,60.45232507513579,73.94636374471008,74.80121581907234,59.39129927896364,104.357656318949,0.20601157843987306,132.21849530622666,11.190180947823459,113.22466649133032,150.8944634064028,2.613629279105444,0.910753849037318,877.0,17084.0,150.09021112272532,14214445.0,255.0
2252,90.08,1316.0836251745773,627.1340425427179,1316.0837263516541,627.134080516453,1322,482,55765.0,133.23119305567704,60.49794763963465,73.92666161089498,74.79472346280517,59.42139604269031,104.48554538656533,0.2055402668579942,132.25049147422186,11.166734542761963,113.3363025984596,150.23912621687057,2.5889486184632675,0.9194816852655381,873.0,17084.0,150.05764277319176,14220060.0,255.0
2253,90.12,1316.1280372583815,627.2134844986797,1316.1281154742692,627.2135018827327,1322,482,55770.0,133.2371658077055,60.51311482777754,73.91803831961144,74.79907064285163,59.42064023674793,104.59286003883518,0.20559654383317372,132.26505019030006,11.164721285725603,113.34518984265137,150.3826209143212,2.57900610851072,0.9111949870084356,877.0,17045.0,150.07063585600085,14221337.0,255.0
2254,90.16,1316.1203331111026,627.1816660437312,1316.1203874786977,627.1817562113195,1322,482,55745.0,133.2072993694993,60.44765034321184,73.95690513130184,74.81758937137708,59.37904149842419,104.39505573396538,0.20634917541007014,132.22277792840717,11.201007791356696,113.21751317464471,150.3550351920125,2.594501300293626,0.9149548798660598,875.0,17067.0,150.07962084956722,14214957.0,255.0
2255,90.2,1316.0211002053727,627.2082575520812,1316.0211405478221,627.2082801975753,1322,482,55675.0,133.12363769549924,60.42296992538458,73.9005794449154,74.7637358285035,59.35161953867749,104.42779044663654,0.2061442772894473,132.15184994269282,11.209128253710444,113.38637637370233,150.4124631057099,2.6398545768985606,0.9243396537910515,870.0,17042.0,149.98612732900568,14197113.0,255.0
2256,90.24,1316.1318819790445,627.112319271778,1316.1323313125515,627.1124941708218,1322,482,55754.0,133.21805205861205,60.49481802913878,73.92019186230768,74.7974323575323,59.40674949918883,104.555689320097,0.20576485546690815,132.24623556292386,11.180202451679785,113.30330922461913,151.23167671426967,2.6347415991841903,0.9299218331682841,868.0,16986.0,150.06978767661928,14217204.0,255.0
2257,90.28,1316.0985023163455,627.222422347677,1316.0987567945751,627.2226467897315,1323,482,55743.0,133.20490976515484,60.48959261323412,73.89826772217192,74.75778872521111,59.424050785599626,104.43019853525131,0.2051122458420226,132.22982624562886,11.137182910014364,113.37379102265879,150.40067302752368,2.5518610255573746,0.896387252969103,884.0,17127.0,149.9193591988122,14214417.0,255.0
2258,90.32,1316.1030509260397,627.1836700888985,1316.103143752799,627.1838244514106,1322,482,55825.0,133.30284841746675,60.51668749266456,73.9702002928779,74.82425555273312,59.45747032486821,104.36881301528987,0.20537170887099598,132.32359185967846,11.15715354016962,113.37278070371501,150.3150809117823,2.525334964125437,0.9079477267535644,879.0,17330.0,150.0285311999333,14235350.0,255.0
2259,90.36,1316.1705480963526,627.2355309958117,1316.170859858334,627.2357751277683,1324,481,55765.0,133.23119305567704,60.49304016698604,73.92506214323403,74.7865768002103,59.42466366780586,104.4348859989899,0.2054100319826544,132.24477173219563,11.14851764152112,113.30085729163642,150.38966319361333,2.5557791262156666,0.9008124923639574,882.0,17333.0,150.01029001909072,14220018.0,255.0
2260,90.4,1316.1013476502774,627.3163307540641,1316.1016492884191,627.3165233933346,1325,481,55721.0,133.17862128752873,60.45766363645972,73.90155077449899,74.74888095504075,59.406843841634135,104.32248497744628,0.20524771631878203,132.20141890547484,11.123379024462977,113.36248372261973,150.48855446626928,2.5609758974422268,0.9062562522603738,879.0,17165.0,149.96504888015647,14208805.0,255.0
2261,90.44,1316.146716310687,627.1062256791823,1316.146818279647,627.1063383313007,1325,480,55756.0,133.2204414272203,60.49128834972875,73.91536920429678,74.77036071408499,59.431228571376096,104.38910370545923,0.205149901594889,132.23810358689232,11.142411952806283,113.24905304818185,150.08688852687925,2.5947669207256703,0.902712916487958,881.0,17139.0,149.99249069992032,14217758.0,255.0
2262,90.48,1316.049952448051,627.1978543119735,1316.0502718122611,627.1981269174876,1322,482,55737.0,133.19774069490046,60.47313989826403,73.91086662695047,74.76598088408991,59.41266663887235,104.38418494212614,0.20535160595324609,132.21783838311305,11.14872687331522,113.4243673866248,150.77377434315036,2.5870099586256696,0.9106558183770697,877.0,17077.0,149.95122574826593,14212877.0,255.0
2263,90.52,1316.1052357596427,627.2342871682188,1316.10530474446,627.2344395359696,1322,482,55686.0,133.1367880115431,60.421436432445994,73.91230285247758,74.77498346723033,59.35048728521029,104.41839498806407,0.2062788310582473,132.15636529176896,11.198743826752091,113.36601071026764,150.5516378223501,2.5631861168809476,0.937407452995334,864.0,17008.0,149.99732114645218,14199907.0,255.0
2264,90.56,1316.1939604189986,627.171413822843,1316.1940277079893,627.1715598305937,1322,482,55724.0,133.18220638548362,60.41759604452961,73.9758784825539,74.8469810340514,59.335031298162235,104.4519576783878,0.20724883651395432,132.19629461539273,11.254254475174356,113.28336969212668,150.30364073877593,2.6073681886937643,0.9188056564105953,873.0,17124.0,150.08641848902974,14209595.0,255.0
2265,90.6,1316.1245671174506,627.137143705716,1316.1247062622203,627.1372450535455,1323,482,55747.0,133.20968893097748,60.52404810802362,73.86805435023113,74.7406582151453,59.44311450822451,104.55710297000324,0.20467499313273274,132.2438345893547,11.109674386747159,113.35559833425948,150.11929032901642,2.613247128587694,0.9319511960913102,867.0,17021.0,150.07225276719961,14215461.0,255.0
2266,90.64,1316.1180162751148,627.2138556673497,1316.1180696492393,627.2140663445823,1323,482,55679.0,133.128419778901,60.39520135545695,73.92750035872328,74.77499745233571,59.34269468147202,104.28570271664923,0.2063831935360586,132.15212180971997,11.205807557943993,113.35513532086743,150.38622861735954,2.5819415001254127,0.9222846503641438,871.0,16918.0,150.02988834518987,14198118.0,255.0
2267,90.68,1316.0728726077361,627.2851017973458,1316.072945819878,627.2852170792967,1325,481,55740.0,133.20132527825874,60.41674641599177,73.97468706264826,74.81834137739231,59.368791187348414,104.24512753392526,0.2064941551178553,132.22357174259915,11.18494853570128,113.39365098654216,151.22587432832447,2.519395048214857,0.9004086492310048,882.0,17057.0,150.11141371315603,14213681.0,255.0
2268,90.72,1315.992568992929,627.258436924739,1315.9925843463272,627.2584884994524,1323,481,55693.0,133.14515571823804,60.411547352013656,73.92546735652618,74.77009228621799,59.36297732472533,104.27168536792722,0.20605986284615807,132.1558188383562,11.181278019888955,112.34385509312445,149.8874719959942,2.596187224346727,0.9037433866548364,880.0,17056.0,150.03897241396137,14201709.0,255.0
2269,90.76,1316.0694171927335,627.1901525353526,1316.0694688519886,627.1902951619265,1324,481,55766.0,133.23238762750321,60.492421288800735,73.9170495396561,74.76465500925393,59.44164876058679,104.3327247408568,0.20494986898248313,132.26787795045695,11.117469098590476,113.40568388926721,149.93682228699757,2.5622356880465427,0.9216083237947584,872.0,17147.0,150.05746127963852,14220310.0,255.0
2270,90.8,1316.0853903024827,627.2718423781289,1316.0854520027253,627.2720801807293,1325,481,55774.0,133.24194381655778,60.44942517830135,73.98474336486346,74.82950623600466,59.40050716641652,104.26308430579911,0.20618870610914697,132.2547467762293,11.194279275742455,113.38238002795944,150.23590263886413,2.549924875147166,0.9071182536847882,879.0,17164.0,150.07127865137804,14222341.0,255.0
2271,90.84,1316.194344896751,627.2322736877641,1316.194484812602,627.2325385291638,1325,481,55737.0,133.19774069490046,60.45196430319062,73.92944419268252,74.7767147301712,59.400720878755266,104.30736556154415,0.2056254264031202,132.20555776185023,11.154245725959246,113.27745467805707,150.16268301099126,2.5240213436240664,0.9003601880550506,882.0,17212.0,150.08188122960382,14212897.0,255.0
2272,90.88,1316.1475730908041,627.1935979850366,1316.1476832592168,627.19387462344,1322,482,55768.0,133.23477673902426,60.45433025954418,73.97250509934963,74.82814475415726,59.39197176769125,104.35303379418565,0.20628832957412613,132.2412795286625,11.19154425943563,113.18877027727514,150.93877403411975,2.535522015595536,0.9008609535399117,882.0,17225.0,150.05445124573535,14220804.0,255.0
2273,90.92,1316.092600300555,627.1986062732476,1316.0927208150965,627.1989309033509,1306,482,55748.0,133.2108836956424,60.445540931657796,73.95630819706821,74.80625045098435,59.39043554416032,104.31319440011981,0.20607656197024615,132.22762717694366,11.193887484032473,112.25421961797149,150.38007120432127,2.537224188166699,0.9066953850614906,879.0,17148.0,150.00240471480134,14215699.0,255.0
2274,90.96,1316.132886751721,627.1100917882916,1316.1329100301334,627.1103099440379,1324,481,55752.0,133.21566264714784,60.48829317423247,73.93327188183345,74.81729970399017,59.391362733046584,104.59746350095585,0.20618141836146608,132.2289828521237,11.214309441950697,113.30250271088414,150.29798811233508,2.6262217394597673,0.9088271315681122,878.0,17218.0,150.0098806651792,14216737.0,255.0
2275,91.0,1316.093884080564,627.2320105992333,1316.0939698492462,627.2321966977746,1324,481,55720.0,133.17742623343048,60.45813899974468,73.92150229708166,74.79560356618158,59.373333747908255,104.51575681068753,0.20619219690669655,132.19198881012784,11.211311400259262,113.37752134976678,150.25056861501557,2.5983487041438083,0.9000855747246429,882.0,17139.0,150.03676593566686,14208575.0,255.0
2276,91.04,1316.1374694389299,627.1522935055743,1316.1376143497757,627.1526098654708,1324,481,55750.0,133.2132731928254,60.48675687678649,73.91276702688344,74.77588269068447,59.41643084930986,104.44966649895902,0.20540649322603155,132.23079517575815,11.157138762767055,113.34136666267007,151.0793172102871,2.524351834991523,0.9363161639219805,865.0,17165.0,150.00834234989574,14216207.0,255.0
2277,91.08,1316.069891938113,627.1469937452956,1316.0699567813783,627.1472123092374,1324,481,55763.0,133.22880387989198,60.50091084795396,73.9084658058544,74.76579074468789,59.438186930026426,104.41398543246193,0.20500824858527278,132.25742654759676,11.116929079592685,113.40914253183863,150.7652500136205,2.540866126813336,0.9215587447506925,872.0,17213.0,150.0624986535609,14219537.0,255.0
2278,91.12,1316.0715325389056,627.1431607586449,1316.071563122298,627.1434671067975,1306,482,55741.0,133.20252011794176,60.477007952691,73.91776204203951,74.78215816640984,59.404821826073096,104.45287255575333,0.20562841080513017,132.22874614785204,11.159100808344709,113.40785880466849,150.76008127790843,2.596779711433038,0.9107211721505686,877.0,17231.0,150.01656632862526,14213923.0,255.0
2279,91.16,1316.1947177666061,627.1387669123253,1316.1947474167623,627.1388849024111,1322,482,55744.0,133.20610457268552,60.4565897626486,73.9453021906683,74.80796213853381,59.385821224246236,104.41886048947035,0.20615641000523366,132.21591217895062,11.181329603093289,113.23840878680431,150.24265299070902,2.5679660384910323,0.9149384666472982,875.0,17213.0,149.99643064760025,14214707.0,255.0
2280,91.2,1316.119620620717,627.0846413997874,1316.1197275253203,627.0849511517433,1325,480,55785.0,133.25508245752866,60.481960229572444,73.9561247292588,74.79659610909901,59.439423858863094,104.25663947307643,0.20531913280967762,132.27233302134576,11.146103454872849,113.23309772333984,150.72118463706175,2.585785122376378,0.9156114086165242,875.0,17256.0,150.05670889061867,14225131.0,255.0
2281,91.24,1316.0277384244478,627.159127589185,1316.0279411764704,627.1593256814922,1325,480,55760.0,133.22522003587824,60.46738987135715,73.94117363580797,74.78586794732846,59.41949471225887,104.28920670173406,0.20547161725651286,132.2457274264434,11.161388171874657,113.31246147951883,150.94528321506235,2.5417423887956883,0.9131127706061533,876.0,17271.0,149.9928397596699,14218760.0,255.0
2282,91.28,1316.116050040337,627.2066242290618,1316.1161093679964,627.206759300762,1323,482,55775.0,133.2431382919996,60.47963786759789,73.94512315142266,74.78550502293872,59.43732895192088,104.25976382539477,0.20522928963721165,132.25254447105863,11.153240340842096,113.21793110562695,150.97302184232143,2.557599678984655,0.9196465703521095,873.0,17237.0,149.95522222314193,14222606.0,255.0
2283,91.32,1315.9724670959758,626.9375435235393,1315.9724849527086,626.9376074806535,1324,482,55824.0,133.30165447706915,60.508811961448096,73.97872057572611,74.82938638061259,59.45359835122041,104.33597478991058,0.20547793818841031,132.34452011402294,11.14786525201165,113.40118168873705,150.1065573918953,2.6195814641609934,0.966388218243716,852.0,17139.0,150.10770198933156,14235113.0,255.0
2284,91.36,1315.8991090261661,626.991819200645,1315.8991129827077,626.9918466087267,1324,482,55805.0,133.27896757735797,60.44124176116383,74.05867332819962,74.92811126749373,59.35999446302634,104.41349593953933,0.2077740455633419,132.2952248813663,11.29656564889053,113.46526505081167,150.98718361182955,2.6631510699101573,0.9307724629615112,868.0,17098.0,150.30762935179456,14230272.0,255.0
2285,91.4,1315.923121645576,626.8793646767704,1315.9231224021787,626.8794431704171,1313,482,55816.0,133.29210256888612,60.42997472335936,74.08063071443148,74.93684267008011,59.364899585137685,104.300060434627,0.20780089646290645,132.3072957543906,11.299171026247532,113.89966739102181,150.87307060487638,2.658229053000264,0.9224346411958584,872.0,17039.0,150.2456304686176,14233070.0,255.0
2286,91.44,1315.9143956404846,626.9262186415906,1315.914373801287,626.9264729606195,1313,482,55789.0,133.25985982398262,60.46732271293335,73.99900303299653,74.87226931928929,59.382597222816614,104.47930602038494,0.2068812958028251,132.292984412866,11.221826661819472,113.90273782589757,150.76228703724288,2.59432588808035,0.9094302777129684,878.0,17108.0,150.21116397807756,14226168.0,255.0
2287,91.48,1315.9571207808613,626.9589989986919,1315.9571005651744,626.9591280165066,1313,482,55735.0,133.19535091906764,60.4290834369694,73.97534707500479,74.85437600769188,59.33673813413333,104.51611671915633,0.20730435147791482,132.20470579674242,11.228396495236122,113.45027273194356,150.65594128951392,2.5458000011619353,0.9064839507498418,879.0,16918.0,150.14710590045706,14212409.0,255.0
2288,91.52,1315.9632199904631,626.9878964585328,1315.96319205393,626.9880773092369,1313,482,55776.0,133.24433275673343,60.48709453778747,73.97403289814201,74.86290942566781,59.38342311759145,104.61466583888178,0.20677110236339546,132.2611608694708,11.23173549492123,113.42644912490488,150.81658908499668,2.665924821802132,0.8888557739155928,888.0,17105.0,150.31396029952825,14222862.0,255.0
2289,91.56,1316.0187878028428,626.8285471824342,1316.0187562760007,626.8287189786257,1341,482,55768.0,133.23477673902426,60.477095905366134,73.97599601724654,74.86385553910871,59.37449157432839,104.60194505517991,0.20690043083192144,132.25839174992413,11.248535943470568,113.81078541461437,150.78349479008375,2.679674357949803,0.9195311507915094,873.0,17100.0,150.22286634045477,14220822.0,255.0
2290,91.6,1315.9839811937707,626.8903752302051,1315.9839886683521,626.8905205027522,1313,482,55773.0,133.24074933040777,60.48221704741258,73.96590953142865,74.844051446081,59.39210650345881,104.53663678249109,0.20645521780383636,132.25996359927785,11.210798264136487,113.83793089074724,150.85332435571348,2.6332144968282085,0.915414449991385,875.0,17100.0,150.21763709461476,14222096.0,255.0
2291,91.64,1315.964840055887,626.8979874507335,1315.964802236599,626.8982239825086,1325,482,55799.0,133.27180249088454,60.46681757722445,74.03141443907333,74.9170516758648,59.36599801201845,104.55660937962463,0.20757695766151274,132.28868791677453,11.30371630099944,112.42711831406854,150.89308565429235,2.672241695357025,0.9075248581302668,879.0,17055.0,150.39277173406808,14228720.0,255.0
2292,91.68,1315.9316352769472,626.925239321391,1315.9315966747886,626.9254156514262,1324,482,55816.0,133.29210256888612,60.52880356276112,73.96729461595979,74.8488975473709,59.43516862503791,104.5819856059782,0.20593127524126642,132.3205883783402,11.187928223780766,113.44342452212561,150.9034605417257,2.649168340738663,0.9057393365328921,880.0,17121.0,150.2579337115197,14233057.0,255.0
2293,91.72,1315.9598697282152,626.8782470288029,1315.9598509414695,626.8783703889496,1324,482,55817.0,133.29329659484247,60.53292740372174,73.97501681125948,74.86828167262806,59.42456404281309,104.66656273359898,0.20627851053594048,132.32214363409412,11.234798977338489,113.0706705485167,151.01823785325905,2.686844346475204,0.9288312142466122,869.0,17011.0,150.24475379664239,14233320.0,255.0
2294,91.76,1315.9424241527684,626.9789010021511,1315.9424751801012,626.9790509300742,1313,482,55802.0,133.27538508227198,60.49237841239879,73.98391148997493,74.84256624299016,59.42673879247392,104.38711631073346,0.20597673522398896,132.30777370590573,11.201921574273003,113.4244654846672,150.97852331234566,2.665347164307147,0.9222032723235504,872.0,17091.0,150.3460907282266,14229491.0,255.0
2295,91.8,1315.9301820623054,626.8746355032029,1315.930198409856,626.8749373254066,1325,480,55844.0,133.3255312535735,60.50246245393598,74.03043141159408,74.90038922310501,59.42208707378126,104.45591126165107,0.20665182530919413,132.34240590255334,11.224782806373918,113.45270988775088,150.85615493090194,2.632787699258427,0.8959831473564731,885.0,17064.0,150.305348178204,14240180.0,255.0
2296,91.84,1315.7936716047282,626.956498056026,1315.7936348828468,626.956575438094,1342,481,55867.0,133.3529842614324,60.573367055687314,73.97119430941467,74.83440857115188,59.50362743421712,104.46210000216979,0.20486272865186594,132.38668432666822,11.142030003839647,113.57123297177857,150.4765843001398,2.687840406167606,0.9318065619258264,868.0,17072.0,150.24644982273287,14246076.0,255.0
2297,91.88,1315.9456846644268,626.8816471829375,1315.9456985201905,626.8816689956645,1342,481,55818.0,133.29449061010297,60.49442456512101,74.01157422370235,74.88265697265702,59.41276131649748,104.46914671747021,0.20658849834626303,132.31471997183365,11.237646920582064,113.3349157986126,151.02608887946562,2.670904096160345,0.9037167223711321,881.0,17143.0,150.261840113617,14233586.0,255.0
2298,91.92,1315.9839442634022,626.8492663400647,1315.9839816523624,626.8493128594721,1313,482,55811.0,133.2861322786566,60.52921988093109,73.945266624311,74.80633322471276,59.4617643953472,104.43823865741763,0.20512392691767944,132.32193977201737,11.148534090539604,113.84288907743219,150.6788653692952,2.591588245777519,0.9139479347256101,876.0,17112.0,150.21366348036992,14231798.0,255.0
2299,91.96,1315.861813957444,626.8985257918482,1315.861804050787,626.8986586916424,1342,481,55841.0,133.3219500097004,60.51053640777198,74.01145656464494,74.87358910975094,59.44044391658605,104.40903083891631,0.20612268460301442,132.33908492021612,11.201595079388278,113.28226948134889,150.68994421649103,2.614135774537889,0.9040891019729548,881.0,17150.0,150.2762384033356,14239441.0,255.0
2300,92.0,1315.9912154834656,626.8924006316724,1315.9912758410662,626.8925513238507,1342,481,55822.0,133.29926656419218,60.51098329062881,73.99262746574003,74.86625987091304,59.42668719542979,104.50368087565799,0.2062287164084955,132.31834002351667,11.208029783886717,113.83050670958204,150.85285928649006,2.6286611205879176,0.916218697710704,875.0,17151.0,150.28978929091863,14234591.0,255.0
2301,92.04,1315.8989511684456,627.0147950544297,1315.898987908643,627.0148678907299,1341,481,55825.0,133.30284841746675,60.48178992301199,74.02566778194141,74.8784705140663,59.42273181475096,104.32011172046481,0.20641098293282978,132.32605768167633,11.23155651180004,113.23948855391585,150.86313761272044,2.6511320602637682,0.8797021998229363,893.0,17145.0,150.2187695219586,14235365.0,255.0
2302,92.08,1315.9154606918341,626.8801142963302,1315.9154859023902,626.8801345355661,1341,481,55896.0,133.38759087009993,60.52607733630879,74.07152710345481,74.9385640342109,59.44921181688741,104.42617517462244,0.20669400884506273,132.40107902922315,11.252361857439482,113.49844154457074,150.72090334575864,2.630226958135323,0.904979574933835,881.0,17254.0,150.23374181349783,14253476.0,255.0
2303,92.12,1315.8654922102444,626.9346793378347,1315.8655150809989,626.9347176228407,1313,482,55865.0,133.3505972677193,60.51606792340561,74.0335374204724,74.88916256241156,59.45395252293512,104.35266241897997,0.2061073927300623,132.37057099082202,11.205534712223953,113.27681409040406,150.7229071958012,2.614581498105165,0.9024278648957677,882.0,17203.0,150.2397507257112,14245569.0,255.0
2304,92.16,1315.925635119425,626.9271353321615,1315.9256766432766,626.9271802950021,1341,481,55864.0,133.34940375483978,60.510804137863374,74.03156918712527,74.87255617511953,59.46705798610312,104.24003342540614,0.20575627407436803,132.38170223298766,11.19761445898961,113.2171178131845,150.77158441424623,2.6216073998047364,0.908582029688511,879.0,17187.0,150.15774519482355,14245313.0,255.0
2305,92.2,1315.9259612396086,626.931233315162,1315.926039896234,626.9313355398515,1342,481,55895.0,133.38639768823126,60.569135140930165,74.01054579201585,74.87253618902238,59.50028861086194,104.43362151253204,0.20531223277052923,132.41392091513967,11.176933378982497,113.21659048290341,150.91098712031675,2.6076043175624948,0.9008685328247621,883.0,17288.0,150.19095562603084,14253210.0,255.0
2306,92.24,1315.8682962801545,626.9489483736065,1315.868311283768,626.9490681895487,1341,481,55859.0,133.34343603020122,60.52132454728098,74.03135134385266,74.9038796440568,59.43803934369743,104.48282509137601,0.20647582440125978,132.36142956845944,11.22905412003476,113.52315472477386,150.7354755278723,2.639851308864357,0.902330942543859,882.0,17257.0,150.21720520272015,14244032.0,255.0
2307,92.28,1315.8524798956757,626.9221388265589,1315.8525239135886,626.9222226202844,1342,481,55826.0,133.3040423471708,60.47356992190632,74.03683117706538,74.89352070267343,59.40930555560467,104.34111960979685,0.20674972950652093,132.3275717509291,11.243849618012979,113.2904267434755,150.59664271299056,2.611267481800222,0.9141935712313327,876.0,17136.0,150.24450407790025,14235619.0,255.0
2308,92.32,1315.8791370990552,626.9274338031505,1315.8792294747395,626.9276021339826,1342,481,55858.0,133.3422424532233,60.52045230067077,74.02568957250097,74.88938892781833,59.448358172282646,104.4188239583536,0.2061844939129952,132.36218282773515,11.218416523220005,113.49494701448936,150.35566370912125,2.664406376464162,0.908484444621596,879.0,17280.0,150.23516078206222,14243767.0,255.0
2309,92.36,1315.8874408881209,626.9401577093599,1315.8874469722734,626.9402151538475,1313,482,55867.0,133.3529842614324,60.53903937399264,74.01992629694158,74.88151359529317,59.47002353293983,104.41346558385771,0.2058116793104201,132.3739399193202,11.198039491018806,112.49697054129082,150.7964592958751,2.735258067422882,0.896352168422106,885.0,17332.0,150.3031850960881,14246079.0,255.0
2310,92.4,1315.9061284008449,626.8934926900092,1315.906135309809,626.8935854055892,1313,482,55857.0,133.34104886556128,60.51549567963236,74.03751456126766,74.90882609154767,59.43354737307703,104.46851860992143,0.2065881889479615,132.35752577498064,11.239226108294776,112.48580695225134,150.74624524804602,2.6977545671390315,0.9167931603673604,875.0,17224.0,150.31152118346373,14243520.0,255.0
2311,92.44,1315.900105188787,626.8689898050761,1315.9000823398846,626.8691332832134,1342,481,55866.0,133.35179076991673,60.5233467154502,74.04889961676578,74.92719360287614,59.432572642361414,104.5188978784247,0.20679569346528892,132.36205998591487,11.26342407786004,113.48329722373192,150.53900776618264,2.750580020581993,0.9190403425972141,874.0,17233.0,150.28474282670223,14245815.0,255.0
2312,92.48,1315.8782195256817,627.0272000014609,1315.8782147718318,627.0273837667455,1313,482,55836.0,133.31598105612895,60.54094271981276,73.96982554451782,74.83961562335774,59.4623643142292,104.49803017309256,0.20546940522138712,132.34361662949405,11.152742395381996,113.28228619971192,151.01731306873384,2.650507936793773,0.899917620517102,883.0,17259.0,150.17109732386814,14238161.0,255.0
2313,92.52,1315.8912341822443,626.9173463747136,1315.8912495305542,626.9174848436076,1313,482,55917.0,133.41264522427784,60.584319744067415,74.03599228942355,74.91510173674891,59.49382728404301,104.55707821206862,0.2058500101474352,132.4261693760407,11.212342716632632,113.48455868182378,150.76401877907003,2.6725941209607504,0.9032678586123091,882.0,17450.0,150.29007415397578,14258818.0,255.0
2314,92.56,1315.9376167262867,627.0080992009061,1315.937679031796,627.008289172157,1313,482,55856.0,133.3398552672149,60.55923594450626,73.97132739251317,74.83642742689435,59.4868679993486,104.47009888530877,0.20510812655428146,132.35969282399267,11.136260624353877,113.45104057592144,151.00606455273234,2.6230125832009423,0.8841466126984346,891.0,17323.0,150.20267370820147,14243257.0,255.0
2315,92.6,1315.878036178358,626.95993753999,1315.878033068499,626.9601317013814,1342,481,55884.0,133.3732719831637,60.57582287475323,73.97947544902641,74.83447795747766,59.51633400587076,104.39743179606842,0.2046936702132265,132.40650200488207,11.119584142528053,113.52899473401462,151.12219699346656,2.6208344025517802,0.9193364569810388,874.0,17239.0,150.1840542246703,14250398.0,255.0
2316,92.64,1315.8662968750823,627.0033641843767,1315.866292175033,627.0035063866328,1313,482,55898.0,133.38997720181803,60.58529113594063,73.99528021659518,74.86240093685669,59.51050262204517,104.4859797761521,0.2050682067725853,132.4168145705897,11.149351173717681,113.27265700691612,150.99873041051274,2.619037719449683,0.9153726264588011,876.0,17307.0,150.2206114204823,14253975.0,255.0
2317,92.68,1315.8978957624263,626.979146982764,1315.8978970917226,626.9793288590604,1313,482,55875.0,133.36253180904788,60.568459180580696,73.9859515771992,74.84733518019488,59.50072011931365,104.43962841298837,0.20503889716226065,132.38536420484812,11.154907659216878,113.24227483925722,150.96546428371605,2.6584056428085394,0.9384155275182181,865.0,17265.0,150.19878391538893,14248106.0,255.0
2318,92.72,1315.9695888227518,626.9662910102829,1315.9695889674936,626.9663114533894,1313,482,55835.0,133.31478723334465,60.542093902775804,73.9552431931543,74.80331020969173,59.49107421759795,104.34083846351996,0.20469997850589616,132.33946245884897,11.126897742114252,113.17129838534656,150.95777331264105,2.6301795912225487,0.9248686839397612,871.0,17246.0,150.1451039399427,14237923.0,255.0
2319,92.76,1315.9632620326006,626.932879372441,1315.9633127822783,626.9331493297011,1341,482,55796.0,133.26821980318783,60.51152740888845,73.95665114710168,74.8244385209915,59.435129328277874,104.47609306783804,0.20567223085003516,132.29624605476417,11.188801067525457,113.8534282530965,150.62925745696546,2.660045941476522,0.9242226755458568,871.0,17239.0,150.27107092421528,14227951.0,255.0
2320,92.8,1315.9377844691232,627.0376696609806,1315.9377788129063,627.0379095974345,1324,482,55817.0,133.29329659484247,60.509998908400505,73.98540041086093,74.85334978048587,59.432949350425886,104.46394497346148,0.20600815428142738,132.31325290512515,11.194163750635312,113.83549004574142,150.73658794556056,2.639192114216877,0.9016524860804987,882.0,17168.0,150.14434004582085,14233311.0,255.0
2321,92.84,1315.945044386219,626.9859014346171,1315.9450443190976,626.9860864893903,1313,482,55845.0,133.32672498015464,60.48938511598915,74.04704114335917,74.90753533460247,59.42046081857712,104.37207623356277,0.20674922017987307,132.33869263905598,11.24985713162773,113.86521076922394,150.82068448041431,2.6377906091096874,0.9103431475538317,878.0,17254.0,150.30110508367784,14240456.0,255.0
2322,92.88,1315.8914362738797,626.9726034091934,1315.8914450680486,626.9727805770231,1324,482,55769.0,133.23597127871972,60.46193276229301,73.98203733085501,74.85281417966195,59.380496548623285,104.46586422172714,0.2067032188516248,132.25543810656615,11.23073098883345,113.92001581672008,150.69042714683775,2.6190499907662694,0.896805351538918,884.0,17164.0,150.18665324378316,14221076.0,255.0
2323,92.92,1315.9366624444579,626.9310019361662,1315.9366682786167,626.9310085433347,1313,482,55833.0,133.31239955570368,60.52124841713982,73.98831401487483,74.8463294569779,59.45686745490714,104.39277154885545,0.20561411780275352,132.34017474265514,11.172506448872891,113.88006078152155,150.77160475897156,2.648702082078996,0.9019109456855884,882.0,17232.0,150.28423332122898,14237414.0,255.0
2324,92.96,1315.9777899500036,626.9149792983178,1315.9777865357744,626.9151588979255,1313,482,55822.0,133.29926656419218,60.515825701091806,73.99226947972674,74.86707756758958,59.430142179991044,104.51470465538303,0.20619123771276038,132.31065640061027,11.219840152862577,113.3994198481646,150.7429409361335,2.665793220216351,0.8996919803085047,883.0,17174.0,150.31378196717586,14234592.0,255.0
2325,93.0,1316.0255551890173,626.9048294093619,1316.025578519063,626.9048557959454,1324,482,55789.0,133.25985982398262,60.496369130291335,73.95880374862445,74.81641032476799,59.432483340274125,104.39194911123009,0.20562236169463755,132.28593784826427,11.171067470083498,113.36826218788063,150.5822674425421,2.641132197769507,0.9283652760199267,869.0,17124.0,150.1449191329598,14226191.0,255.0
2326,93.04,1316.0053101026883,626.9430286278908,1316.0053223898785,626.9433174438193,1313,482,55802.0,133.27538508227198,60.48774649602173,73.98765343799157,74.84530672401338,59.423231137457435,104.37592915996902,0.20605267399629645,132.2893246627836,11.191528912018136,113.81047255623872,150.89604243041057,2.6588758742960588,0.9055121552459588,880.0,17131.0,150.24783017217788,14229480.0,255.0
2327,93.08,1315.993243380453,626.9039135299977,1315.9932807740547,626.9041390431822,1342,481,55810.0,133.2849381885191,60.53190723222511,73.9398713141418,74.78772794906978,59.4811912400759,104.34161268277194,0.20466642226940734,132.31281248243477,11.128611346142488,113.82711784721755,150.7274082179783,2.6680770697021527,0.9056419731242064,880.0,17197.0,150.21030812576765,14231525.0,255.0
2328,93.12,1315.8679337396945,626.8544781093512,1315.8680039401809,626.8546252350676,1313,482,55835.0,133.31478723334465,60.53861992964041,73.97449438557834,74.83115045331944,59.476459582090854,104.39607043429312,0.2051911640835593,132.3236947804047,11.163635390030276,113.66204438590374,150.6463195235999,2.724016029832864,0.8958387478090515,885.0,17180.0,150.30952346337352,14237906.0,255.0
2329,93.16,1315.9633244408615,626.9027544261248,1315.963341400018,626.903074303128,1342,481,55785.0,133.25508245752866,60.50574648972397,73.93973337295114,74.79221286643906,59.448754604979875,104.36555346345729,0.20514780447610126,132.27252598518984,11.139969121421785,113.31772695721702,150.8718058340065,2.6632282405743832,0.9135221647823575,876.0,17106.0,150.21819554640211,14225141.0,255.0
2330,93.2,1315.9239474742662,626.8914630763602,1315.9239679186508,626.8917075441298,1342,481,55858.0,133.3422424532233,60.51444301816761,74.03578518042126,74.89811387606052,59.443820863814004,104.40151433522936,0.20633754593366505,132.36915547167922,11.225013806936545,113.4562558717681,150.8740959552521,2.679916448395158,0.9210151165706523,873.0,17234.0,150.2775336848783,14243761.0,255.0
2331,93.24,1315.9683640940546,626.8591957719132,1315.9684186013185,626.8594511321296,1324,482,55824.0,133.30165447706915,60.53581744327371,73.96716043589336,74.83959130250284,59.45386101969232,104.51675266098118,0.20558276728985803,132.32256557148466,11.182273540424733,113.41739355368247,150.69336878945668,2.6724055028853173,0.9100008213635079,878.0,17207.0,150.21933255619982,14235091.0,255.0
2332,93.28,1315.9593465902526,626.9359757684415,1315.9593945907218,626.9360379724162,1342,481,55830.0,133.30881795905714,60.49406829618802,74.02148429329606,74.88763220205723,59.418473383081256,104.4277132938396,0.20656493421020494,132.3278165355797,11.215719449465961,113.85694672879873,150.63347043061393,2.6510906389720943,0.9121752936109191,877.0,17190.0,150.13809204633714,14236641.0,255.0
2333,93.32,1316.0804253505396,626.9530474469345,1316.0805011185682,626.9531454138703,1342,481,55875.0,133.36253180904788,60.50206283426743,74.06677165146401,74.91913657337258,59.443328012251335,104.30755186955199,0.20656683017115263,132.37425034264496,11.238297201778673,113.73470231537577,151.0495757711326,2.664541540408662,0.9005461896696231,883.0,17363.0,150.16154688051273,14248107.0,255.0
2334,93.36,1315.9563227264277,626.9411307534594,1315.9564469606034,626.941308203594,1342,481,55817.0,133.29329659484247,60.50147576428536,73.98745857005251,74.84698027039832,59.43485626897949,104.39600795803702,0.20591510767354582,132.31870271714624,11.184700262324249,113.18578075233943,150.77469811029547,2.5989641558947234,0.8996113945197199,883.0,17346.0,150.15140417628598,14233306.0,255.0
2335,93.4,1315.8227484278254,626.9511067625366,1315.822871159493,626.951478908544,1313,482,55852.0,133.33508076697998,60.56000672732917,73.96500658911275,74.8289071208459,59.489253429854585,104.46420986157935,0.20499636144917022,132.36298202060684,11.13951563881812,112.55916008877593,150.96373457982457,2.6573540891782583,0.9022178664666323,882.0,17456.0,150.14390616341285,14242215.0,255.0
2336,93.44,1315.9220898888864,626.9493589541152,1315.922172512527,626.9495884037223,1313,482,55880.0,133.3684986792242,60.514079574656975,74.07248591545905,74.94662431501781,59.42802790138148,104.47363550779127,0.20706197984859354,132.3775049514803,11.266837692671373,113.8923435337098,150.92937643666397,2.6820825733667597,0.8746821063984656,896.0,17406.0,150.3394217672396,14249370.0,255.0
2337,93.48,1315.965285967157,626.8879758184269,1315.965304990427,626.8879882620288,1313,482,55887.0,133.3768518490128,60.56604484182412,74.0066623844985,74.86405499807677,59.502984247178155,104.39929767237858,0.20518619718492714,132.3889372002525,11.17187389226003,113.8567779920475,150.8572048701432,2.6874117405349773,0.8926339936178104,887.0,17294.0,150.11819787907928,14251182.0,255.0
2338,93.52,1315.9075973036267,626.9046108391823,1315.9076185192475,626.9047371906152,1313,482,55877.0,133.36491858915397,60.533791499928164,74.0297032742294,74.88327987283328,59.47462715910162,104.34643030961578,0.20576893453249678,132.37816306837206,11.18453818768468,113.91206402724087,150.75625828898893,2.6770420280594798,0.8965126123636854,885.0,17383.0,150.22487234764105,14248621.0,255.0
2339,93.56,1316.0490065894091,626.9161335345375,1316.0490224163862,626.9162429277376,1313,482,55852.0,133.33508076697998,60.52402149044385,74.00900217018837,74.87081622388337,59.45460837960451,104.41351149527623,0.2059040975081714,132.35330857389283,11.191092630429946,113.77029710457903,150.85629143239476,2.632761766039017,0.9146193411745852,876.0,17271.0,150.13120996056688,14242248.0,255.0
2340,93.6,1316.043303350718,626.9518281824605,1316.0434728138312,626.9522676021047,1342,481,55874.0,133.36133840297614,60.51569251660236,74.05192314570115,74.90878837291494,59.45174334569708,104.3538370559156,0.20634488106080118,132.37910012265687,11.243313943418727,113.36500349324717,151.10848216928176,2.668387655988011,0.8864201385010786,890.0,17249.0,150.32777593317516,14247812.0,255.0
2341,93.64,1315.9774517805715,626.9217571828201,1315.977545392687,626.9221788489775,1340,482,55846.0,133.32791869604796,60.55514042711075,73.96208622805739,74.82355194833579,59.48740459280766,104.44504116289271,0.2049641717906876,132.35313263974817,11.138584028564964,113.84066621143586,150.88510698891736,2.6565946717880675,0.9124367087049147,877.0,17153.0,150.2201982094798,14240681.0,255.0
2342,93.68,1316.093051225626,626.9730436844357,1316.0931073365432,626.97313454207,1313,482,55871.0,133.35775812068292,60.59847423126029,73.93645633086571,74.79893757136934,59.530610547155675,104.48297983723856,0.2041249183472078,132.39889591642245,11.074504788883349,114.04642594357654,151.11939529609356,2.611873629956445,0.8984455843897307,884.0,17250.0,150.17542163926277,14247088.0,255.0
2343,93.72,1316.0208627275283,626.9400022120823,1316.020889222735,626.9401044461137,1342,481,55914.0,133.4090663188993,60.5851047978684,74.0195170720776,74.89120154206867,59.50421634252094,104.50935151178942,0.2054578492896043,132.4356090586453,11.161043095488782,113.79539196256599,150.88807606338813,2.6024594521804203,0.8991370551013477,884.0,17283.0,150.23836454255255,14258059.0,255.0
2344,93.76,1315.969019922784,626.9078085640194,1315.9690450172868,626.9078516023861,1341,482,55823.0,133.30046052597774,60.55552929153608,73.94217916364751,74.82965879004459,59.45536269011009,104.64847282919143,0.2054572524922419,132.32939941948118,11.158148684232222,113.44273285738032,150.73905526546875,2.601032105304183,0.9162351109294655,875.0,17125.0,150.18504211361397,14234858.0,255.0
2345,93.8,1315.9555438916436,626.9501751354887,1315.9555885988643,626.9502140848099,1313,482,55819.0,133.2956846146679,60.53160747465236,73.96060680675565,74.83408657656507,59.448350262560396,104.52567284396369,0.20559797036158178,132.32661395620588,11.171921389503314,113.45258629257017,150.64812933619197,2.6115460568294617,0.9119955707337971,877.0,17165.0,150.1324375562902,14233837.0,255.0
2346,93.84,1316.009881752021,626.9030048845252,1316.009961836848,626.9031408453227,1313,482,55813.0,133.2885204268391,60.52708470068536,73.9677981403171,74.85106028230713,59.43132102439807,104.59332468049857,0.20600562236195719,132.31563230837173,11.209336224269718,113.38400582172298,150.85674038005806,2.66037847191667,0.8995469258886921,883.0,17192.0,150.22229475519595,14232294.0,255.0
2347,93.88,1315.9414540206744,626.9584112103943,1315.941509163803,626.9584944158075,1313,482,55872.0,133.35895155879396,60.55890113377531,73.98976604833832,74.8486015879555,59.494141112766016,104.4145713126248,0.20514024510058848,132.37825506183356,11.162831495666358,113.46593267425234,150.94175813132816,2.6067357739043073,0.9004978381963523,883.0,17389.0,150.19411146794644,14247349.0,255.0
2348,93.92,1315.998549909073,626.8785968641309,1315.9985691289571,626.878715793239,1325,482,55910.0,133.4042942957075,60.57587891267033,74.02753317375597,74.89113502579269,59.50487936617068,104.44116883017081,0.2054482904328122,132.41832728626844,11.18973528704517,113.41578420375615,150.8374126047054,2.6778724358613273,0.8950182944229287,886.0,17355.0,150.21981033408477,14257037.0,255.0
2349,93.96,1315.9948736041588,626.873463104575,1315.994879507287,626.8735990260321,1341,482,55854.0,133.33746803846788,60.554276196663544,73.97087222304943,74.82247199096466,59.49880661241726,104.36608886468942,0.20480030892855072,132.36991989655422,11.14788384913082,113.8291402436524,150.69811765521513,2.650053364174226,0.8961435912980527,885.0,17347.0,150.18869741357125,14242755.0,255.0
2350,94.0,1315.908026718169,627.0247030107469,1315.9080395982887,627.0248473890549,1342,481,55861.0,133.34582315210602,60.5016341970682,74.04182300849767,74.89698381649038,59.43972669965707,104.33936910382376,0.20638023494652424,132.36247811551928,11.193056261125435,113.89736842977108,150.86950506644914,2.5768039333195607,0.9003205494610258,883.0,17329.0,150.2619204809495,14244539.0,255.0
2351,94.04,1315.8888632274159,626.9187826318936,1315.8888769478774,626.9188070929608,1340,482,55830.0,133.30881795905714,60.49470125562606,74.01423379395678,74.86480017360269,59.43885411984721,104.3136544654745,0.20605072100619415,132.33362909673832,11.195283884878604,113.9289732527959,150.64046717003603,2.6595044093429365,0.9163500034607969,875.0,17168.0,150.22849570186912,14236647.0,255.0
2352,94.08,1315.9341366094693,627.0071727681911,1315.9341264871634,627.0072815099741,1313,482,55895.0,133.38639768823126,60.54547564675104,74.02194328158201,74.84523141935762,59.52473470966394,104.12267978405495,0.2046956956262581,132.41630726324468,11.135834918120326,113.46913441878866,150.98000958081505,2.682103040138872,0.9008685328247621,883.0,17295.0,150.10179310798452,14253214.0,255.0
2353,94.12,1315.9371147247275,627.1111475228226,1315.9371381455126,627.1111509437344,1313,482,55789.0,133.25985982398262,60.49889832377033,73.95405749890662,74.802520568031,59.44663350948301,104.32578708507856,0.2052856901336928,132.28822195604133,11.164561125508579,113.24875039223221,150.30101336618742,2.688146825119788,0.9053012011938066,880.0,17251.0,150.13242529610784,14226192.0,255.0
2354,94.16,1315.9656651408413,626.9956174762358,1315.965700578221,626.9958110309518,1313,482,55861.0,133.34582315210602,60.56265138332698,73.96851349288033,74.83108244115226,59.49356966605963,104.45377121789001,0.20496179227601274,132.3649800310381,11.131519448514888,113.81140694884827,150.68770329367905,2.5893878288257755,0.9003205494610258,883.0,17295.0,150.0518161078723,14244532.0,255.0
2355,94.2,1315.937470466175,627.0803879108116,1315.937458583326,627.0805229694636,1313,482,55835.0,133.31478723334465,60.50339906029333,74.00961454814878,74.86875928222432,59.43696852090463,104.38427199751104,0.20611789095032562,132.34502707284102,11.184457435962798,113.8615571300476,150.77702625678117,2.626896443663411,0.9039919594681315,881.0,17363.0,150.11155710510235,14237912.0,255.0
2356,94.24,1315.9835743483677,627.0006163741386,1315.9835757608287,627.0006798704668,1313,482,55893.0,133.3840112924732,60.55197660455902,74.03116920497823,74.9023997292234,59.47088699001229,104.48644352492505,0.20602160671750092,132.40312240075008,11.191665546575281,113.82520909692168,150.95757117026582,2.600603381260825,0.8987993601026509,884.0,17315.0,150.21930206882953,14252707.0,255.0
2357,94.28,1315.9986902105775,626.9803180511929,1315.998782474799,626.9804658824372,1313,482,55851.0,133.3338871152075,60.508981854393184,74.02375897980144,74.88298903283189,59.44233955745515,104.38111343739459,0.20619702384752425,132.34914176014553,11.213313427091446,113.14154810962356,150.9334352167351,2.593068724591781,0.9063072897502249,880.0,17227.0,150.18680237946586,14241984.0,255.0
2358,94.32,1315.9114218583677,626.9666458804036,1315.911419614868,626.9667532467532,1313,482,55825.0,133.30284841746675,60.48380608703055,74.020177399434,74.87672840451998,59.42013972091403,104.35169844652486,0.20642713714870187,132.31597034920676,11.217912808006883,113.22937564749144,150.94920965300275,2.597676922024893,0.8916437220411592,887.0,17242.0,150.1068214874307,14235363.0,255.0
2359,94.36,1315.922058165636,626.9811555306464,1315.9220263134341,626.9813120916494,1313,482,55865.0,133.3505972677193,60.52894597361304,74.00700361199587,74.8418467995794,59.4935950496423,104.21134863061155,0.20507580192453712,132.3789856782867,11.145888411164346,113.48334907099132,150.68840930003003,2.6446551252170742,0.9085982938663301,879.0,17172.0,150.23921606577593,14245559.0,255.0
2360,94.4,1315.9073170316874,626.980819007762,1315.9072726621025,626.9811104340657,1313,482,55798.0,133.2706082723537,60.48584792070163,73.97308617715923,74.81596558248509,59.440109111778035,104.26931042025919,0.2055157124685516,132.29600062634705,11.15916346680687,113.23278372829785,150.81870719785147,2.601275795150314,0.9200258060512237,873.0,17107.0,150.17679336711223,14228461.0,255.0
2361,94.44,1315.9662660711374,626.9262282087464,1315.9661864315665,626.9266566319034,1341,482,55806.0,133.28016172098765,60.498491538222744,73.9766693573119,74.82671325902665,59.443906924535725,104.3277234053183,0.20557907282711274,132.31056040917065,11.179581836976833,114.17533187112475,150.7573544153267,2.661795181923577,0.9055770641850827,880.0,17303.0,150.1780537487754,14230480.0,255.0
2362,94.48,1316.0611883325814,626.8661655745503,1316.0611795459429,626.8665043328797,1313,482,55852.0,133.33508076697998,60.52614829431128,74.0085314806731,74.87196717476563,59.45473816821968,104.42683480066454,0.20591457107783961,132.36126169057505,11.195612127586951,113.76418000145182,150.80509654629662,2.6481785581616375,0.8920749693406685,887.0,17194.0,150.26552926179704,14242225.0,255.0
2363,94.52,1315.910730984397,626.9400667947309,1315.9107533044382,626.9402514596841,1313,482,55834.0,133.31359339986966,60.469125972026,74.04680604773826,74.9018612170543,59.40669884712711,104.32255777752748,0.2068728616105353,132.3289768867208,11.214907936613896,113.48120798255235,150.9243391608127,2.5693400915002353,0.9060314267589489,880.0,17125.0,150.1690926102773,14237650.0,255.0
2364,94.56,1316.002833994123,626.9637338171336,1316.0028323025904,626.9639508828539,1313,482,55785.0,133.25508245752866,60.500589156940926,73.95689656181926,74.8318054524365,59.415021081552155,104.52451349968838,0.2060191422306834,132.26884858990698,11.189115086081012,113.81046668634167,150.91641096231436,2.636917783958206,0.9011355668703195,882.0,17039.0,150.33219888658238,14225153.0,255.0
2365,94.6,1316.014402000151,627.0152793135718,1316.0143985386558,627.0154730564659,1313,482,55839.0,133.3195624603407,60.54453774323928,73.9730491698946,74.84770656129474,59.45985096305309,104.53456521195992,0.2055888724611773,132.34448790035333,11.159000783516467,113.79286214947263,150.9612969448071,2.6312520408681355,0.8999659719903729,883.0,17141.0,150.26079928897232,14238925.0,255.0
2366,94.64,1315.994463952084,626.976924697547,1315.9944504117436,626.977157178661,1313,482,55860.0,133.34462959649537,60.556497007936244,73.99604043967229,74.88891946570888,59.44874323213553,104.66463966163123,0.20617437591209076,132.37018309189986,11.206184834036664,113.8172090655795,150.93161845737,2.643536260284641,0.9043967199048952,881.0,17110.0,150.2755104991906,14244277.0,255.0
2367,94.68,1316.0464373370487,626.9113265320027,1316.0464266523375,626.9115708400502,1313,482,55830.0,133.30881795905714,60.53896142360641,73.96359878026901,74.83098897124226,59.46345839558388,104.48193234766212,0.2053631895946767,132.33134046479458,11.171633369463667,113.77342183442421,150.85259456589742,2.60283841760895,0.9290475427090019,869.0,17140.0,150.13406319104567,14236626.0,255.0
2368,94.72,1315.930132021323,627.0258994507445,1315.9301384337111,627.0262182345673,1324,482,55839.0,133.3195624603407,60.54337869663928,73.96867000904143,74.83024498391464,59.4751988862455,104.43785203736904,0.20519839405804197,132.34673743768573,11.141680122967239,113.87527787952683,150.9990108006164,2.6816750074365334,0.8918673317520159,887.0,17165.0,150.1482482956874,14238912.0,255.0
2369,94.76,1316.016678301962,626.9124716652943,1316.0167385739094,626.9127266868365,1324,482,55859.0,133.34343603020122,60.56735683698286,73.97690332522309,74.86215709786913,59.46969290707479,104.62162265045848,0.2056107489752319,132.37079004873436,11.181069617878006,113.37675072587109,150.86344856445015,2.6432738840675016,0.9338235575450605,867.0,17244.0,150.11501214111416,14244016.0,255.0
2370,94.8,1315.969434998001,626.9216606380895,1315.9694529446501,626.9218875825414,1324,482,55881.0,133.369692021225,60.568273824739016,73.9999069450055,74.87642429870924,59.48128366316336,104.5468328443614,0.20560731605089844,132.39401833743275,11.183492013365111,113.44114896956475,150.8876510023044,2.6444196789812007,0.9256306425582125,871.0,17325.0,150.24813559246854,14249631.0,255.0
2371,94.84,1316.052066957584,626.8779774214496,1316.0520991853907,626.8783099095873,1323,482,55855.0,133.33866165818384,60.55005584396361,73.99185567519173,74.87368283736652,59.4561652592476,104.58197969691963,0.20591370684419763,132.3728002459287,11.19462808405947,113.362515290645,150.81924767355153,2.643907533386398,0.9084356520881387,879.0,17276.0,150.10483941447012,14242987.0,255.0
2372,94.88,1316.0702604434462,626.9652261891436,1316.0702600032255,626.9653986059096,1323,482,55807.0,133.2813558539183,60.48091915192512,74.00677165137185,74.87363959355504,59.404393151806765,104.43391716141424,0.2066047079549187,132.30442242928294,11.213681960070874,113.33701567657866,150.65163791810596,2.633817468892078,0.9265311730420693,870.0,17131.0,150.13162412684318,14230767.0,255.0
2373,94.92,1315.9953386694751,626.9866090925048,1315.9953270191395,626.9867509354914,1313,482,55853.0,133.33627440806669,60.55047760315425,73.9771287789864,74.83269283961461,59.48986470588679,104.391762842252,0.20502841140050088,132.36178434282195,11.145707972103445,113.02507046880477,150.94047768651845,2.6841112951725643,0.8961275469038945,885.0,17296.0,150.2674312140548,14242500.0,255.0
2374,94.96,1315.8765935013662,627.0293363451423,1315.87661837652,627.0294934011424,1341,482,55843.0,133.3243375163043,60.51690992742807,74.01661923972293,74.88112720128574,59.44386511581686,104.42735906196576,0.20615691379714984,132.34447343002392,11.230477764547283,112.49380158273864,151.0300029696037,2.6849542327538396,0.8879225456715174,889.0,17202.0,150.20745829462905,14239947.0,255.0
2375,95.0,1315.9859914500562,626.9371922556325,1315.9859803043869,626.9373858549686,1342,481,55850.0,133.33269345274888,60.4908769418887,74.0516126164859,74.9079757736049,59.427120827126025,104.33959651508606,0.2066649750791133,132.34680449728484,11.264710735846723,113.38787554851238,150.90713974958751,2.6490995331427887,0.8900350504372107,888.0,17237.0,150.28228432245663,14241731.0,255.0
2376,95.04,1315.9328867200966,626.8133691404474,1315.9329132956254,626.8134352402091,1342,481,55868.0,133.35417774226653,60.544973901572455,74.01896862976488,74.9005859765454,59.45085198822923,104.56616454583751,0.2062698680775895,132.37023246310747,11.223530254371855,113.45957164686244,150.59616163908632,2.6582719406091084,0.8983973422470597,884.0,17246.0,150.19412555969706,14246331.0,255.0
2377,95.08,1315.8389339015055,626.9342140339029,1315.8389443319656,626.9342805439593,1342,481,55813.0,133.2885204268391,60.49162394054035,74.00352938676278,74.86075991801759,59.42748146403435,104.36744760675447,0.20615978879836006,132.30031043734218,11.224573251227302,113.48083870552601,150.61248437619986,2.6982100397947533,0.877546610887433,894.0,17191.0,150.18219369486442,14232306.0,255.0
2378,95.12,1315.9020305740337,626.9118389324057,1315.902039865204,626.9119523911952,1342,481,55788.0,133.2586654984257,60.482948040895494,73.97595062505206,74.8368591561291,59.41441564337312,104.40354821195416,0.20608084955276862,132.2809260333313,11.191200458892473,113.91672838847319,150.9005485770786,2.63011405298633,0.9177571802673071,874.0,17116.0,150.15470632946503,14225928.0,255.0
2379,95.16,1315.8549292495845,626.9184257448138,1315.854940923738,626.9184389545292,1342,481,55860.0,133.34462959649537,60.515849105804556,74.03248916324934,74.88871053744761,59.45299385852254,104.35753205988783,0.20611540201652345,132.36329396555962,11.221248079158334,113.55551365840893,150.68942174298542,2.6703839828184543,0.9023470962691772,882.0,17205.0,150.19786479511453,14244298.0,255.0
2380,95.2,1315.8496249005557,626.791096825846,1315.8496775349338,626.7911142959513,1323,482,55820.0,133.29687860853755,60.517444744260494,73.96886007564119,74.81396575984361,59.46952081990702,104.30167476731214,0.20510134416872106,132.32654663206844,11.147550298492408,113.98321504645014,150.4737618729257,2.6679101695470093,0.9099356163748749,878.0,17188.0,150.00351320556612,14234092.0,255.0
2381,95.24,1315.934396640779,626.8565844597379,1315.9344083131775,626.8565976887933,1323,482,55815.0,133.29090853223366,60.51879290059417,73.9681361613483,74.8275708374404,59.45287296587613,104.41131269489769,0.2054683547721351,132.31298237481826,11.16921609585159,113.8912002521614,150.70208715553176,2.694442002920907,0.9077850849753731,879.0,17196.0,150.13652130365304,14232823.0,255.0
2382,95.28,1315.9093177281259,626.9360337510196,1315.9093074058158,626.9361481163157,1314,482,55848.0,133.33030609577233,60.51877354162341,74.0111905948856,74.8743265750278,59.44756937159725,104.42023670812534,0.20603533826741227,132.34310606939675,11.198391836845483,113.49983688529261,150.78535942354068,2.6358189326058,0.9083218028434047,879.0,17291.0,150.23105418875843,14241229.0,255.0
2383,95.32,1315.9088943370352,626.9980420245847,1315.9088906401116,626.998083604972,1313,482,55834.0,133.31359339986966,60.51905877997437,73.98371987034592,74.83495963284574,59.463233163175374,104.34253981740437,0.20540836188175848,132.33397211825508,11.153507067233196,113.49505101660904,150.844045850856,2.636475774463376,0.9080941043539368,879.0,17183.0,150.19484086238202,14237666.0,255.0
2384,95.36,1315.8730815669624,626.9535288630188,1315.8730787144852,626.9536383504711,1342,481,55822.0,133.29926656419218,60.49036990589508,74.01049241830702,74.8673325758842,59.42659633803914,104.36091792525492,0.20624130320383205,132.32345726580434,11.204793519995324,113.94050582658022,150.50114220997335,2.632707349123976,0.893609573086688,886.0,17295.0,150.16992639608,14234599.0,255.0
2385,95.4,1315.8830264506403,626.8780677939652,1315.8830566449972,626.8781138630707,1323,482,55839.0,133.3195624603407,60.54463228494795,73.96739593284136,74.82426576176158,59.482412634480056,104.40341766837939,0.2050384720931251,132.34023141473338,11.14614114458463,113.53093097138361,150.54500743561218,2.699461909036864,0.8918673317520159,887.0,17329.0,150.14693791641938,14238937.0,255.0
2386,95.44,1315.9259360382716,627.0020126637735,1315.9260241093339,627.0022927152555,1342,481,55829.0,133.30762407212444,60.497182462183105,74.00498374619882,74.85946740030982,59.436578347678946,104.34843191369474,0.20602456293413396,132.33295636954674,11.180234604196958,113.43718797050205,150.84218552642193,2.578112790828444,0.8917076105299754,887.0,17263.0,150.18747135981187,14236357.0,255.0
2387,95.48,1315.9982383179884,626.942604239934,1315.9982986496652,626.9427809018948,1342,481,55838.0,133.31836866962672,60.51909357584675,73.99992862168376,74.86662119983752,59.443579580779165,104.45204150157551,0.20600691432154317,132.3413991438043,11.194518296534467,113.37493890404878,150.76230230585475,2.61511951772287,0.8878430439841375,889.0,17299.0,150.21497615097422,14238665.0,255.0
2388,95.52,1315.893200832681,626.9562373769759,1315.8932500849778,626.9563840635454,1342,481,55897.0,133.38878404129542,60.56218115609969,74.0156488377685,74.8628745659392,59.5117137291857,104.31652784204122,0.205057058331793,132.40988428099735,11.143428088567456,113.9202082083153,150.945376938654,2.667802621970311,0.89078405039013,888.0,17240.0,150.22372631272063,14253716.0,255.0
2389,95.56,1315.930837911953,626.9291088667751,1315.9308856452046,626.9291662935434,1313,482,55835.0,133.31478723334465,60.50618974763593,74.0136792920073,74.87176573407933,59.44108357002064,104.37570610108642,0.2060948077391892,132.33281544846048,11.21921541664477,113.211824459038,150.7717348081837,2.676772189879943,0.9081103685317559,879.0,17176.0,150.18990141362133,14237916.0,255.0
2390,95.6,1315.9569427772851,626.9304202955107,1315.956986551582,626.9304657701055,1313,482,55843.0,133.3243375163043,60.533717716474435,73.98863883391537,74.84957604012101,59.46587780977865,104.42004972950471,0.20552819460321814,132.34692712224307,11.178432424009273,113.18568795741803,150.7643806588474,2.6814929102383642,0.9000304406214007,883.0,17143.0,150.1685616740582,14239957.0,255.0
2391,95.64,1315.9050013498445,626.8628048001092,1315.90501092446,626.8629248898599,1313,482,55838.0,133.31836866962672,60.49445216859269,74.02368432472296,74.87165123412004,59.44173975970653,104.28969373930143,0.2060848294391815,132.34643601933377,11.20907362973327,113.24090944779928,150.8532723124142,2.67324391887943,0.9143900804359109,876.0,17109.0,150.21187800123425,14238676.0,255.0
2392,95.68,1315.9088105099,626.8899310214414,1315.9087896537517,626.8900352875849,1313,482,55827.0,133.30523626618154,60.52049661975452,73.97724928132025,74.83038106062187,59.462408231204705,104.36035382851297,0.20537076801689957,132.34393948035205,11.164939346763488,113.23575816344656,151.09356747474087,2.6655375151872756,0.9205039728022809,873.0,17042.0,150.17947514969924,14235873.0,255.0
2393,95.72,1315.9359777961668,626.8754314352254,1315.9359637659106,626.8755974865286,1342,481,55859.0,133.34343603020122,60.55797831230179,73.98570788854363,74.8577341316518,59.47666222744055,104.51512541907869,0.20547071164564856,132.36018730563302,11.18692473702898,113.47839629901115,150.58400860507487,2.6664055832177067,0.9210316050793094,873.0,17097.0,150.25143660202406,14244027.0,255.0
2394,95.76,1315.9284319949527,627.0308080217368,1315.9284485230858,627.0309542586751,1313,482,55792.0,133.2634427364311,60.468493957944325,73.99360499729916,74.84812555904816,59.40749483301957,104.34141292361804,0.20629281776532105,132.280395966982,11.199316476203345,112.4423661218915,151.00420514283036,2.5958841539727326,0.9012486429475463,882.0,17147.0,150.27821127018152,14226944.0,255.0
2395,95.8,1316.0267992221552,626.9063887272862,1316.02678906963,626.9066408976217,1313,482,55881.0,133.369692021225,60.580643114422884,73.98469773203051,74.85725641956587,59.49908385842894,104.52942494851283,0.20516611609509483,132.38646411665988,11.168228810804388,113.98982335676759,150.8543792410133,2.665555184642235,0.9150942384189822,876.0,17257.0,150.17562147790917,14249630.0,255.0
2396,95.84,1315.9730754535224,626.9227230312117,1315.973113756377,626.9229392284973,1341,482,55865.0,133.3505972677193,60.56299615900657,73.98642250931661,74.86943497403067,59.46793191420356,104.59884390660761,0.20571149047898252,132.37938408898808,11.16268101551959,114.05813660264359,150.88745760107832,2.654905984946274,0.9274941133190318,870.0,17055.0,150.1872432683445,14245551.0,255.0
2397,95.88,1315.9411771354453,626.9338538413228,1315.9411754175544,626.9339431803942,1341,482,55861.0,133.34582315210602,60.54826265164903,73.993037259741,74.85707924783785,59.47671274992778,104.44777323851989,0.20546308582236472,132.37410428393557,11.172043269837747,114.07505262869171,150.90845683646577,2.6276360527347844,0.9126817853555357,877.0,17133.0,150.10167068726383,14244546.0,255.0
2398,95.92,1315.959867957386,626.9416599263714,1315.9598560403947,626.941986427689,1341,482,55849.0,133.33149977960394,60.562900196178255,73.95848857881474,74.81980053560633,59.49554908433908,104.44884487372926,0.20481545448620275,132.36706198807437,11.14716429346493,113.44899481929316,150.90968267001804,2.6475851399439274,0.9145702138734407,876.0,17200.0,150.16395094754833,14241463.0,255.0
2399,95.96,1315.9963333032279,626.9388262345733,1315.9963136609283,626.9391038259189,1342,481,55882.0,133.37088535254833,60.53938726554695,74.03478456762444,74.89561297615214,59.471118144767225,104.40137173984542,0.20594657308294273,132.3980067228957,11.224882219846481,113.41289974291414,150.11881081529438,2.655292214982806,0.8986224722461907,884.0,17289.0,150.16367919130593,14249883.0,255.0
2400,96.0,1315.9429938138726,627.0173693553245,1315.9431655448948,627.0178648145496,1342,481,55864.0,133.34940375483978,60.508555248339476,74.04460890531053,74.89477390156617,59.45302522508864,104.30328416221938,0.2061792548672694,132.375212334173,11.213561710378222,113.86351668948541,150.8510735711371,2.6771927328203327,0.8922666348071172,887.0,17233.0,150.24642388752423,14245261.0,255.0
2401,96.04,1315.9928481821396,626.9986054632541,1315.9928939643446,626.9988902412831,1342,481,55868.0,133.35417774226653,60.552507480074205,74.00041675985992,74.87258226876763,59.47070091367699,104.50726634112618,0.2057078958463462,132.3853669217392,11.170153117102156,113.81623965418169,150.81695976028297,2.6519164187004374,0.8983973422470597,884.0,17339.0,150.1747528372843,14246308.0,255.0
2402,96.08,1315.9387766953653,626.9544891722828,1315.9387780682591,626.954571500197,1314,482,55846.0,133.32791869604796,60.49538055092913,74.02536734089524,74.86648598765403,59.451285552262185,104.23717745906339,0.20590255081471187,132.35741048091387,11.187167040741521,113.87516574972875,150.95498833082917,2.602571565523108,0.9082892744877664,879.0,17274.0,150.1930134817792,14240721.0,255.0
2403,96.12,1315.9899581623442,626.9615601664016,1315.9899219533152,626.9616926822282,1324,482,55864.0,133.34940375483978,60.54229685555678,74.00008796629348,74.85807679827066,59.47815620570079,104.39645704835672,0.20545439116764974,132.36658786117295,11.15818589283518,113.82350902816427,150.91858762579247,2.647650293996644,0.906518243802377,880.0,17143.0,150.18990801567332,14245301.0,255.0
2404,96.16,1316.0336620937082,627.0117567187268,1316.0336430860684,627.0119066802743,1340,482,55851.0,133.3338871152075,60.5404133928844,73.99112956958183,74.85535554781939,59.4685181804081,104.4466050495341,0.20555426201378213,132.35617206015675,11.174675009554095,113.77415620700307,151.33369141420772,2.674411804398404,0.9208996970100523,873.0,17161.0,150.27228880946714,14241984.0,255.0
2405,96.2,1315.9585153108264,627.076234496599,1315.9584944850308,627.0763321873658,1341,481,55848.0,133.33030609577233,60.51034513467325,74.00942740443638,74.86046917030332,59.45424601028828,104.3260452462994,0.2057991798711114,132.36659476184437,11.163116781358317,114.0578558775207,151.03722040001,2.5732965480362897,0.9445021641662283,862.0,17064.0,150.23458000061538,14241230.0,255.0
2406,96.24,1315.9143285256228,627.0109361681981,1315.9143246099557,627.0109624375302,1340,482,55827.0,133.30523626618154,60.495142937361784,74.00047578107947,74.85068278770677,59.43995307074241,104.31711950136847,0.2058862944600336,132.3324434372879,11.164195921729645,113.95051388684601,150.85443179884845,2.580407433008272,0.9332885971297034,867.0,17039.0,150.24849981675845,14235882.0,255.0
2407,96.28,1316.0461905930524,626.9409878825975,1316.0462045613344,626.9410215525736,1340,482,55817.0,133.29329659484247,60.5016338598495,73.99560213444477,74.86490733668204,59.42257554516084,104.46599233977726,0.20626929680249295,132.31323960217873,11.21024468207421,113.7701283154109,150.8806915203252,2.592012554905926,0.9203390877157095,873.0,17043.0,150.24880734375972,14233331.0,255.0
2408,96.32,1315.901174048294,626.9976888088561,1315.9011803901199,626.9978147557721,1313,482,55829.0,133.30762407212444,60.47904709296194,74.01883064737855,74.85468989058494,59.44138145317935,104.19282757377536,0.20590972268985697,132.32669041787977,11.178379889024267,113.90737139240991,150.98189419225338,2.6005215828913695,0.8998048004128033,883.0,17240.0,150.16341364083473,14236382.0,255.0
2409,96.36,1315.9046486636237,626.9347448166391,1315.9047269340308,626.9349442046248,1313,482,55829.0,133.30762407212444,60.48049038173251,74.01935155795503,74.85793551056057,59.439411277129366,104.2140866369272,0.20597047097640087,132.33300301162288,11.190991493169587,113.91139933119578,150.92131536144774,2.618451973212806,0.9247692980330067,871.0,17114.0,150.13626244209053,14236371.0,255.0
2410,96.4,1315.7917661479833,626.9055730081718,1315.7917837644322,626.9057549449566,1313,482,55865.0,133.3505972677193,60.566079821672794,73.9674662319171,74.81703361034694,59.51342342264687,104.35723137149944,0.20454713919028766,132.37952428800438,11.112827800949413,114.0269480097151,150.6008650313731,2.666056168554804,0.9106691724969971,878.0,17285.0,150.11579720376702,14245556.0,255.0
2411,96.44,1315.9629338971135,626.9613355588014,1315.96292649744,626.9614943969067,1325,482,55862.0,133.34701669703344,60.532805359116104,74.01020352515053,74.86703738966145,59.46980295052165,104.37919760748447,0.2056610622776699,132.36726529392416,11.168850751967392,113.85036694702096,150.92725593250995,2.6680677107075743,0.9064857893328152,880.0,17287.0,150.20233063390006,14244794.0,255.0
2412,96.48,1316.0198182903282,626.9433711076006,1316.0198198843393,626.9435124344261,1324,482,55853.0,133.33627440806669,60.558849907568565,73.9617208964004,74.81303662067515,59.50394954688272,104.36994338744897,0.20463127504654244,132.36666761062045,11.117147351483398,113.79602755881344,150.89160091817823,2.662833589754109,0.9230461160726723,872.0,17280.0,150.11279400755606,14242500.0,255.0
2413,96.52,1316.0357299339096,626.9066713541192,1316.0357264375639,626.9068784584804,1313,482,55841.0,133.3219500097004,60.50600566076914,74.01575254073849,74.87786976040955,59.43578859017527,104.40508458736696,0.20623024158733516,132.34385518731713,11.205105331256068,113.7846080872694,150.86203916411603,2.615020142613692,0.9292305898694855,869.0,17270.0,150.08100997659247,14239433.0,255.0
2414,96.56,1315.9316885667604,626.964879115136,1315.9316818027119,626.965124402171,1341,482,55827.0,133.30523626618154,60.515134022842865,73.99250891550197,74.86535542021629,59.43190539784135,104.49966226218916,0.20614942566889038,132.32539705506207,11.19020981846099,113.88096799929599,150.9408750733834,2.637711872138909,0.9332885971297034,867.0,17188.0,150.17312313882172,14235860.0,255.0
2415,96.6,1315.9308361575484,626.925614857262,1315.930841154976,626.9258794869958,1341,482,55828.0,133.30643017449933,60.53229377841947,73.96585154233703,74.82983373457532,59.46092639469837,104.45242968166025,0.20538475862970818,132.32415149348094,11.154822893147951,113.88648720500743,150.76843635275864,2.625902774336675,0.9079965192870219,879.0,17171.0,150.11991162415458,14236109.0,255.0
2416,96.64,1315.9253554613972,627.0291837051157,1315.9253257810678,627.0295398734518,1324,482,55789.0,133.25985982398262,60.47916056407831,73.982170470268,74.84009793727081,59.4142251549835,104.37671839367918,0.2061177524809884,132.27992451466676,11.19401347007608,113.87963215985039,150.80258129539985,2.6656909425859676,0.9177736310664085,874.0,17130.0,150.13450134301746,14226158.0,255.0
2417,96.68,1315.925188248305,626.9685301414088,1315.9251294733258,626.9687292797878,1341,482,55803.0,133.27657925800045,60.45169879904036,74.0234709290141,74.85872165896164,59.41425693934579,104.17460064594916,0.2063148338276083,132.2913084710975,11.216649587655986,113.88698813003755,150.94646062812112,2.6416716320750524,0.9055283824807399,880.0,17183.0,150.16156518054282,14229743.0,255.0
2418,96.72,1315.971182516544,626.9226623919175,1315.97115436362,626.9228989147009,1341,482,55745.0,133.2072993694993,60.44598440964729,73.95957925152112,74.81020539045518,59.38997864750639,104.31714680792696,0.2061246411831963,132.22370532478647,11.193165081043416,113.42168710467752,150.68694034928706,2.6408817172496697,0.9025348218957819,881.0,16989.0,150.1960695198151,14214947.0,255.0
2419,96.76,1315.9186463765843,626.922750174584,1315.9185182526294,626.9230051329912,1340,482,55718.0,133.17503609306232,60.41377682573041,73.97055686685397,74.82997170009581,59.34596067892487,104.36503571644333,0.20692258288200205,132.19046304013335,11.245346111959778,113.22431364646181,150.91552782112112,2.6298920106955475,0.9062074597269164,879.0,17062.0,150.23264752752246,14208058.0,255.0
2420,96.8,1315.975000395697,626.9379835636289,1315.9752453046801,626.9382926435503,1341,482,55747.0,133.20968893097748,60.43511010164395,73.98435345084448,74.8455969149889,59.3651725422938,104.38188616149188,0.20683146385054652,132.23015213600814,11.25430278707918,112.41082879990742,150.90123666445518,2.639098202903304,0.9005217253082317,882.0,17112.0,150.16024292061695,14215425.0,255.0
2421,96.84,1316.0095449648327,627.0144117503571,1316.0096619223461,627.0144839206969,1341,482,55786.0,133.25627681519902,60.49347082676395,73.95842795684389,74.8124905989616,59.43399977198651,104.36405398376402,0.20556047130435395,132.29069458437448,11.175607469285703,113.79778753363357,150.96207202868368,2.6597544457544053,0.9283153540670677,869.0,17174.0,150.1991440150891,14225406.0,255.0
2422,96.88,1315.914070622323,627.009121835061,1315.9140972321813,627.00935752187,1342,481,55784.0,133.25388808915326,60.459893080751584,73.98204561170286,74.81129043005033,59.430737572561355,104.1497603822787,0.20559133212479508,132.27875974650044,11.167517817742974,113.89321165289354,150.21224271983655,2.626586298432409,0.9011194131450013,882.0,17191.0,150.162914330617,14224879.0,255.0
2423,96.92,1316.0094241974018,627.0233730104037,1316.0094988888093,627.0236038425694,1341,482,55796.0,133.26821980318783,60.46390698385779,74.01115329859164,74.8735826836679,59.39260456026646,104.39140587718475,0.20676155151820041,132.29186634543157,11.220655410482566,113.79684594181812,150.97057574706363,2.5978292069084796,0.9263485464378178,870.0,17186.0,150.21457183584675,14227949.0,255.0
2424,96.96,1315.949371124349,626.9905011228028,1315.9493532552224,626.9905944319037,1342,481,55818.0,133.29449061010297,60.48881648320168,74.01046972131596,74.87626450708152,59.41373209430495,104.42764185648342,0.20650779675733133,132.3192629145245,11.207941703423819,113.45535006262989,150.8236043052579,2.635302202507969,0.9057717910024539,880.0,17183.0,150.17661691967336,14233577.0,255.0
2425,97.0,1316.0786691101428,627.0152095632693,1316.078707272043,627.0153076771406,1313,482,55789.0,133.25985982398262,60.512346287989416,73.94310902897227,74.81207677589788,59.43467501909293,104.49129794941994,0.20554705095099124,132.289588356556,11.145745357953661,113.32444327972185,150.69605086518055,2.6216707216658066,0.8890629441153365,888.0,17165.0,150.16245953751786,14226181.0,255.0
2426,97.04,1316.0218849215119,627.0100636951358,1316.0218789757557,627.0102854480621,1313,482,55807.0,133.2813558539183,60.46843588571584,74.01434677796486,74.86688590363303,59.409634425117915,104.31735450391102,0.2064631284171662,132.30561808328588,11.209581239671762,113.78605046887975,150.95391430324236,2.6224148491129617,0.9076549715528199,879.0,17218.0,150.20769677220568,14230757.0,255.0
2427,97.08,1316.035074733298,626.9992967343546,1316.0351323281882,626.9994807148229,1313,482,55846.0,133.32791869604796,60.54413549138852,73.97787945087991,74.84692480132625,59.46643455120833,104.4902639023513,0.20549261430504873,132.35194194618748,11.14686547917097,113.77423131172426,150.93941533651073,2.631167841781048,0.8919791366074443,887.0,17258.0,150.19908458048755,14240707.0,255.0
2428,97.12,1316.0398794180715,627.0387419679565,1316.0398703809797,627.0389215124605,1313,482,55856.0,133.3398552672149,60.55332914879526,73.99289279221318,74.87272463983162,59.4619959282418,104.56812044026437,0.2058256699715646,132.3615418118177,11.189596401206202,113.47612113529716,150.73105561329857,2.70300571503724,0.8961756800863685,885.0,17168.0,150.25488227399066,14243262.0,255.0
2429,97.16,1315.9662297832283,626.9651613679596,1315.966249036583,626.9654245308384,1313,481,55791.0,133.26224844298503,60.50288872214071,73.96551607799404,74.8407448228038,59.416832857160124,104.52407726324017,0.20608977104867143,132.2931130245468,11.195746231700602,113.17470847855647,150.92978569443784,2.6905341610657776,0.9053336556633684,880.0,17022.0,150.26810565746038,14226678.0,255.0
2430,97.2,1315.9176183273548,626.9188649155703,1315.9175966895366,626.9189581355356,1313,482,55823.0,133.30046052597774,60.47422003522842,74.04361542221926,74.91617220063998,59.38985954240662,104.45741004898434,0.20724914530671557,132.3158968987547,11.279059013022458,112.47049065397886,150.902052885439,2.6647231584878783,0.8956462150791562,885.0,17172.0,150.3319773251173,14234853.0,255.0
2431,97.24,1315.9516131504158,627.0210685834104,1315.9516331433078,627.0211358502743,1313,482,55782.0,133.25149932028611,60.462172389351956,73.99139166961993,74.85259179193488,59.3926749126252,104.39006138169376,0.2065381639994921,132.27436097147967,11.210400470997467,113.4505582422276,150.85173144252266,2.614082726792042,0.9051876105503401,880.0,17026.0,150.23665383798266,14224402.0,255.0
2432,97.28,1316.0154835183785,626.9782310853263,1316.015486527616,626.9783188613374,1313,482,55855.0,133.33866165818384,60.55684034126798,73.98272048367683,74.86330108731221,59.464779429458204,104.57974630417833,0.20568852073320798,132.35248590054977,11.1757037843043,113.79618417335415,150.79027873181025,2.627307204907345,0.9022663276425867,882.0,17126.0,150.28502888531065,14243016.0,255.0
2433,97.32,1315.9189493742,626.9739418579209,1315.9189392312646,626.9741249731587,1313,482,55884.0,133.3732719831637,60.59256646066886,73.98160007337127,74.86767685053557,59.4942620990512,104.63666998521964,0.20534114851961516,132.40230140345932,11.16648870586867,113.89253975324618,150.8179801328845,2.676538786431025,0.9068427884979959,880.0,17229.0,150.26213717491314,14250402.0,255.0
2434,97.36,1315.9971291307218,626.9750112317154,1315.99719005602,626.9750505610939,1341,482,55873.0,133.36014498622492,60.580165563719774,73.9941887903383,74.88862418691001,59.470920640760916,104.68730415245176,0.20587510738171622,132.3748157890328,11.204084849438432,113.81479023616255,150.7932707535652,2.7488488971512486,0.8904015823290647,888.0,17270.0,150.32777182063396,14247601.0,255.0
2435,97.4,1315.9321436492905,626.9980870507978,1315.9322434085786,626.9982291703932,1313,482,55906.0,133.3995221018089,60.60600427097639,73.99260191744214,74.86809787951123,59.52109552176102,104.55892900127924,0.20498720806890092,132.42839730320546,11.1679811663559,113.4316605212869,150.83643589874708,2.6885857336823307,0.8770456796808638,895.0,17244.0,150.28792603447843,14255998.0,255.0
2436,97.44,1315.970783470902,626.9708003666876,1315.970770688453,626.9709852155104,1313,482,55937.0,133.43650214039147,60.628221570246005,73.99979665595744,74.87285172923038,59.54668109833305,104.54718523534807,0.20469596491826936,132.468840897673,11.12945507564527,113.84144833849852,150.79795737669556,2.6851323041004953,0.891421497158572,888.0,17321.0,150.26541289124776,14263912.0,255.0
2437,97.48,1315.965672315608,627.0910472861319,1315.9656265673138,627.0912087124741,1313,482,55828.0,133.30643017449933,60.51815653310567,73.99840765802035,74.87409657496005,59.43131555141281,104.51956456591189,0.20624998136821238,132.32504632375782,11.219717110836488,113.3842261056661,150.91319289355974,2.685486185069762,0.8896844547145675,888.0,17117.0,150.24981396465716,14236119.0,255.0
2438,97.52,1315.922431080951,627.101582467199,1315.9223893963817,627.1017732401934,1313,482,55830.0,133.30881795905714,60.5097711131029,73.99863713751911,74.85456268371678,59.44766726962329,104.36751223328348,0.20582439949842868,132.3209547843678,11.196139800697395,113.37804016952111,150.93735975438216,2.664078971743664,0.8957585258382618,885.0,17200.0,150.23214669300782,14236630.0,255.0
2439,97.56,1315.9726741222632,626.9719580348058,1315.972631164696,626.9721302971218,1313,482,55903.0,133.3959428443476,60.56816762125874,74.02747712071066,74.90360110582003,59.481264606886356,104.53161448578895,0.20589579501185495,132.42929956449007,11.200781777547634,113.43368609398453,151.10261494946567,2.593913747617063,0.913367999977274,877.0,17152.0,150.30040401626115,14255242.0,255.0
2440,97.6,1316.0037483040837,626.914891452582,1316.0037595331019,626.915016649361,1325,482,55858.0,133.3422424532233,60.565438776905886,73.98165434373367,74.86917586678634,59.464813618669,104.63544761226235,0.2057503915299682,132.36829576523712,11.19473717619983,113.8153778938306,150.8699815266693,2.669433259104074,0.9064208803936914,880.0,17280.0,150.3018294042434,14243775.0,255.0
2441,97.64,1316.0065756317815,626.9447091945852,1316.0065761181193,626.9448286983945,1313,482,55808.0,133.28254997615025,60.51934426988074,73.96664649049475,74.84512320237236,59.42948221823802,104.55491669750623,0.2059672070076266,132.2965526659471,11.1983159235919,113.38525576046088,150.76154902441098,2.6338168051254613,0.9015071025526358,882.0,17158.0,150.22192777109558,14231028.0,255.0
2442,97.68,1315.9753416721371,626.8992348331033,1315.975372105103,626.8993211656607,1342,481,55831.0,133.3100118352977,60.48905512302973,74.03347918286877,74.89722309678878,59.416225073518795,104.40227874117296,0.20669655540184817,132.32922304387168,11.253776476994931,113.34961078501176,150.5935132344092,2.6748384176942595,0.9101149300936158,878.0,17236.0,150.17859376371305,14236894.0,255.0
2443,97.72,1315.998601596836,627.0023566958249,1315.9986560584885,627.0024549331613,1313,482,55806.0,133.28016172098765,60.48839715010302,73.98769751072835,74.83314213854207,59.43926657017554,104.28359480554755,0.2057093304978045,132.32097269174727,11.186310995740422,113.40530183061873,150.8186112221991,2.678295383132123,0.909707398914659,878.0,17166.0,150.23398515112575,14230517.0,255.0
2444,97.76,1315.9586413829618,626.9444829352833,1315.958625877633,626.9445300186273,1329,482,55832.0,133.31120570084647,60.5363717233312,73.978657980869,74.85183214311981,59.453320873555434,104.51744734384795,0.2057198979461422,132.33733286851128,11.186012098830686,113.44997918945332,150.6093043359978,2.7150422619621213,0.924818990986384,871.0,17259.0,150.1528621011021,14237154.0,255.0
2445,97.8,1315.8874491450529,626.9194448093986,1315.8874472045243,626.9195540124562,1313,482,55876.0,133.36372520444039,60.57434624642667,73.99136482039266,74.86457453462543,59.49175548692388,104.52858347369437,0.20534170057416823,132.38138972636216,11.176122354742388,113.50547321447604,150.58266049937754,2.72034471651726,0.8964965679695274,885.0,17413.0,150.2136111356627,14248368.0,255.0
2446,97.84,1315.9393320283664,626.9546143430671,1315.9393771155328,626.9546716335046,1324,482,55837.0,133.31717486822288,60.557047944409746,73.95982528733512,74.83123882121967,59.47686532389095,104.52164055961623,0.20518668057884304,132.34277343238003,11.168479514212635,113.20208887400722,150.9286682182765,2.6956753180042634,0.8878271436466615,889.0,17431.0,150.24153470069263,14238419.0,255.0
2447,97.88,1315.9333802927058,626.9501922909776,1315.9334013641978,626.9503195660348,1342,481,55857.0,133.34104886556128,60.552880417400445,73.99985684017925,74.87988309190466,59.461191102716015,104.56627338047069,0.2059123405716905,132.36028114126478,11.210428009377491,113.20824985109171,150.9264497030556,2.747185522967301,0.890146603621688,888.0,17412.0,150.28588890132062,14243518.0,255.0
2448,97.92,1315.9480838105715,626.983476549213,1315.9481082242555,626.9835622325281,1342,482,55847.0,133.32911240125375,60.544958518637,73.98927790156891,74.86141713965213,59.463211065852036,104.50873096629631,0.20568948147314825,132.3534826297515,11.20354609810788,113.19193786154331,150.9530466838111,2.6997425587493225,0.9103757500481482,878.0,17380.0,150.18801141797994,14240972.0,255.0
2449,97.96,1315.9354192004196,627.0293960048086,1315.9355133324975,627.0297093533425,1313,482,55841.0,133.3219500097004,60.48953505551565,74.05611846399499,74.93491771325206,59.39739590667135,104.50491891431369,0.20734688554722924,132.34691262104943,11.292721639162384,113.20235863701058,151.0005747680313,2.679156468555993,0.9020401754881332,882.0,17480.0,150.27382429468054,14239418.0,255.0
2450,98.0,1315.9706907295592,627.0375460950536,1315.9708663109263,627.0378540987716,1324,482,55846.0,133.32791869604796,60.51247427739277,74.03444827310075,74.91181253106637,59.422886311461845,104.51366697807362,0.20676213398495968,132.34271329248202,11.256213031023082,113.16673639010808,150.99668160505692,2.6875071752590576,0.8839883223423943,891.0,17405.0,150.26879090632215,14240682.0,255.0
2451,98.04,1315.8657629375198,627.0235995927272,1315.8658228754543,627.0238278522709,1324,482,55859.0,133.34343603020122,60.54822022912172,74.00435008644614,74.8845137387584,59.456205788304466,104.5632705621982,0.20602801807963955,132.3703303012379,11.220009267795245,113.27221025519458,151.0180128184954,2.6638940927073804,0.9043805294874246,881.0,17421.0,150.29067757190475,14244017.0,255.0
2452,98.08,1315.8592963706424,627.1940945781599,1315.8593512372295,627.194163639942,1313,482,55891.0,133.38162485401895,60.581390730357406,73.99431529692016,74.86214996175914,59.50564764950764,104.49007326539088,0.20513039393199195,132.4145629089235,11.151799907045952,113.32179565834123,151.04548870748718,2.653620259920037,0.8906884333748637,888.0,17462.0,150.23517340351862,14252191.0,255.0
2453,98.12,1315.7281163413104,627.3534394327698,1315.7281734300816,627.3535250380721,1341,482,55815.0,133.29090853223366,60.50658402224638,73.98828594342719,74.85244924457214,59.43419898489636,104.43278520636224,0.2059819072759843,132.30084913159482,11.210337176513885,113.44402208038223,151.04486621899082,2.6712020414174176,0.8955178599258926,885.0,17282.0,150.21235783755085,14232812.0,255.0
2454,98.16,1315.7811696106653,627.3342948446425,1315.7812696079309,627.3344149441566,1341,482,55781.0,133.25030491979382,60.50520085137393,73.94307860576231,74.81112254742791,59.42856339300797,104.48128375783861,0.2056186116532055,132.27461382805583,11.181705830873762,113.37455279608245,150.97979503929832,2.6356874370294627,0.9051713833155592,880.0,17310.0,150.17509309399057,14224135.0,255.0
2455,98.2,1315.9506952865097,626.9268266751087,1315.9507010726502,626.9269022079759,1313,482,55843.0,133.3243375163043,60.56345473464285,73.96894106682505,74.86170304468403,59.45638493208375,104.67896512027184,0.20578369828702714,132.34750372661284,11.211211655746528,113.19210444020922,151.06714517737691,2.6603018092833266,0.9103105450595153,878.0,17212.0,150.28229279689697,14239957.0,255.0
2456,98.24,1315.9658756660297,627.078135953337,1315.965911534877,627.0781955695749,1313,482,55796.0,133.26821980318783,60.53615364971481,73.95133548131118,74.86253048604954,59.405617978408536,104.80979106670942,0.2064706122981157,132.2928237390925,11.238472324062158,113.19207823618903,150.73320109946312,2.6730175933881464,0.9137022982198875,876.0,17162.0,150.22372498602687,14227970.0,255.0
2457,98.28,1315.8778885712275,627.0760936710085,1315.8779605793156,627.0762455468232,1313,482,55859.0,133.34343603020122,60.57651385187975,73.96913729779328,74.84291029246434,59.4935801745105,104.54363841708414,0.20508729628461964,132.37113012708892,11.178821861794228,113.28004943313675,150.76011136973943,2.7161933520551096,0.902330942543859,882.0,17242.0,150.29333781326713,14244023.0,255.0
2458,98.32,1315.7978366827615,627.1335947387395,1315.7979295991963,627.133714880333,1341,482,55738.0,133.19893556673838,60.4959889097971,73.90145389468286,74.77424929186678,59.41381324877228,104.53135210572857,0.20542414251647,132.22262666354885,11.173887332692415,112.5554680308547,150.814325041722,2.685844490115655,0.9339539457023499,866.0,17116.0,150.15133580284564,14213172.0,255.0
2459,98.36,1315.785198941461,627.251739486455,1315.7853506381757,627.2519718915819,1340,482,55784.0,133.25388808915326,60.506268902546225,73.94197271554759,74.80539987078419,59.43547808965701,104.44754376189397,0.20546540500654442,132.28879074406092,11.164924874070241,113.64236641333265,151.1243139368258,2.644251631421091,0.9052200650199019,880.0,17352.0,150.23713701891364,14224888.0,255.0
2460,98.4,1315.916231888147,627.3235404906732,1315.9165995525727,627.3238836689038,1342,482,55875.0,133.36253180904788,60.575687025547666,73.99187172068879,74.87956412141504,59.47488391190739,104.63662976946249,0.20572609349767867,132.38787908161746,11.177448090828099,113.5533914512484,151.28468449261123,2.6614356069530927,0.9066967433849674,880.0,17338.0,150.36826319339534,14248059.0,255.0
2461,98.44,1316.0730468526237,627.0514595709599,1316.073179027263,627.051912715035,1341,482,55863.0,133.34821023127796,60.522423902447834,74.0337735845415,74.90093081220684,59.445891276519255,104.44206686014068,0.2063397526318702,132.35859319523394,11.225455928945905,113.08645674064509,150.7321260116995,2.6952339535022993,0.8842574159476627,891.0,17328.0,150.3504085764822,14245008.0,255.0
2462,98.48,1316.0834856179986,626.8890620389243,1316.0834928186875,626.8895526659393,1326,482,55909.0,133.40310126323735,60.56908107901311,74.03366754855072,74.90571592010676,59.48723590772782,104.49885344162682,0.20583849740951732,132.41387222902324,11.180694760416474,113.73930250438144,150.68372348411458,2.6201587526868013,0.8950022862259259,886.0,17386.0,150.33306619905466,14256743.0,255.0
2463,98.52,1315.8910941612053,627.2806981564518,1315.891198022108,627.28081050576,1342,482,55817.0,133.29329659484247,60.493043772734595,74.02157171556222,74.90446262216678,59.39632062187459,104.55195905142956,0.207038959461179,132.29615096631682,11.275761725059544,113.28526165790808,150.89321781328658,2.6670099184235387,0.8835292803098775,891.0,17448.0,150.35998133001996,14233314.0,255.0
2464,98.56,1315.7516717608332,627.4853367074331,1315.7517624899094,627.48551439591,1313,483,55745.0,133.2072993694993,60.4551343351769,73.96663854776703,74.83965435188864,59.370977944026976,104.48642799057218,0.20669091194795586,132.21450628437208,11.252538310527683,113.41188034692476,150.27623293386765,2.6620812589739633,0.9004894178575954,882.0,17345.0,150.19312709531894,14214952.0,255.0
2465,98.6,1315.7509492670865,627.4721663733326,1315.7510128715357,627.4722670395468,1313,483,55782.0,133.25149932028611,60.47538786553723,73.98932164292422,74.85329775944788,59.40266045559489,104.41750376014699,0.20641224590406015,132.26917746167743,11.25684199732177,113.37609909510803,150.9123132270233,2.7068306981697594,0.8929692452065786,886.0,17403.0,150.25590062584394,14224395.0,255.0
2466,98.64,1315.9072808609412,627.3128534149257,1315.9073413089877,627.3129338331569,1313,483,55753.0,133.21685735823706,60.457374063802575,73.99316181674772,74.88919551251125,59.343832618215906,104.64590435162073,0.20757817984168736,132.22050003701932,11.310004368841485,113.24083056840755,151.14185727177258,2.715819484386574,0.9067767059505863,879.0,17341.0,150.29562650154102,14217000.0,255.0
2467,98.68,1315.9783196477033,627.2273381669813,1315.9783332736454,627.2273394692547,1340,482,55846.0,133.32791869604796,60.505985413514274,74.04881831810157,74.93816929530405,59.4009473648019,104.59322416943199,0.20733388707796707,132.3453631451864,11.281976350571941,113.20111597909376,150.92939068123968,2.70320790902529,0.9062261535763202,880.0,17389.0,150.35082988607493,14240728.0,255.0
2468,98.72,1315.7878026391345,627.5574167843072,1315.7878260557568,627.5574432205518,1330,483,55742.0,133.203714946907,60.45432002356732,73.96538833753468,74.84192378079297,59.36573023406837,104.5128523018404,0.20678508468132561,132.21410538505233,11.250423688891178,113.37355279398454,150.8629297173439,2.6792474405994695,0.8963711722548794,884.0,17371.0,150.2328166720363,14214206.0,255.0
2469,98.76,1315.7919716114416,627.5913221882029,1315.7919918196008,627.591356762284,1330,483,55743.0,133.20490976515484,60.40413032518714,74.02464978591914,74.88939892063182,59.32862433578451,104.37745037139133,0.20778340872168966,132.21424408509682,11.312134717264675,112.64619260455635,150.3494863430728,2.6444717844102272,0.8984187248457056,883.0,17409.0,150.21605194904885,14214459.0,255.0
2470,98.8,1315.8766044403521,627.5463278304385,1315.8765943705937,627.5464004448988,1313,482,55743.0,133.20490976515484,60.455599256938804,73.96471325812702,74.84768360438783,59.35892980782238,104.56147400315234,0.20693698255823434,132.2259457881202,11.262326700967046,113.24225390343737,150.26918973632667,2.6176194991735424,0.8943626635465203,885.0,17506.0,150.170597777498,14214458.0,255.0
2471,98.84,1315.9660922756736,627.324752912232,1315.9661539564734,627.3247463339428,1313,483,55782.0,133.25149932028611,60.49444223819588,73.97553704849805,74.86377807519402,59.39168591336859,104.61250348945764,0.20666993517592824,132.27940751736497,11.258199628605905,112.63758118617622,150.6827278144714,2.7006947824043404,0.9051876105503401,880.0,17269.0,150.3040237811672,14224399.0,255.0
2472,98.88,1315.7565017701575,627.475381464496,1315.7566417749695,627.4754972355856,1330,483,55708.0,133.16308474771307,60.44576572963776,73.93605828299226,74.81219556392458,59.357954007642334,104.5191394809107,0.20657382716534634,132.17547297020712,11.2601293859748,112.699692905773,150.30266683190388,2.7382606243482512,0.9039867951765507,880.0,17265.0,150.2432800694853,14205516.0,255.0
2473,98.92,1315.6865621607344,627.4350083340049,1315.686685196808,627.4351474939479,1342,482,55765.0,133.23119305567704,60.46249899441739,73.98474330366084,74.85595502230261,59.38048521237864,104.46816689186268,0.20673665582535428,132.24616387496434,11.250176410475207,112.77518909938611,150.26373468678983,2.72365744765544,0.9028586302451931,881.0,17219.0,150.26047698923057,14220054.0,255.0
2474,98.96,1315.6624504173685,627.6092793985024,1315.6625033647376,627.6093494840736,1342,482,55725.0,133.18340139668956,60.44220058020739,73.96025473638326,74.84316857808649,59.34542112784147,104.55722933726385,0.20706963300298653,132.20631239725373,11.256858625548134,113.0175373109351,150.73129334288828,2.678631123698198,0.8981286160060805,883.0,17252.0,150.24233928391237,14209865.0,255.0
2475,99.0,1315.814257494179,627.3138745256656,1315.8142770069198,627.3138826144634,1341,482,55782.0,133.25149932028611,60.48631215910863,73.99127621518173,74.88445194314805,59.376946466914255,104.63832778712633,0.20708578448309978,132.26480424465169,11.271101065805157,113.13852159961074,151.00559616980593,2.713480125931888,0.8849605928672938,890.0,17358.0,150.32286889993088,14224407.0,255.0
2476,99.04,1315.9655768555194,627.1381159083485,1315.9655759443767,627.13812629919,1341,482,55804.0,133.277773423029,60.53687103793562,73.96496358595128,74.87574335366787,59.40666335160063,104.80094303149173,0.20659668016917887,132.2869866093154,11.25337370984387,112.8644743459289,151.0933474026719,2.6995405493248916,0.8734924886445952,896.0,17427.0,150.35926548158062,14230019.0,255.0
2477,99.08,1316.02897007695,627.1100283795515,1316.0289722476364,627.1100766015463,1313,482,55743.0,133.20490976515484,60.46550582896227,73.95779167767263,74.84421346289362,59.36477117037601,104.59436862611412,0.20682216535273013,132.21435413783823,11.250147047298803,112.80633292923707,150.8019474831911,2.6727353669939014,0.8923449255234719,886.0,17336.0,150.28825259391914,14214460.0,255.0
2478,99.12,1315.7539357948642,627.2482244173598,1315.7540345717975,627.2482785826998,1342,482,55768.0,133.23477673902426,60.45156408244886,73.99610503409892,74.8616910118361,59.376277915344254,104.4163939594449,0.20685363751726504,132.25248108627278,11.24240376162574,112.81062811746425,150.81858117811908,2.674830030418579,0.8988216537896293,883.0,17149.0,150.29649925080884,14220825.0,255.0
2479,99.16,1315.7174455032393,627.1226436774334,1315.7175569781411,627.122671113741,1313,482,55767.0,133.23358218861884,60.44343741797652,74.00737594784684,74.88312757764504,59.35501685432259,104.48387294254057,0.20736461237174708,132.23290526506196,11.27785281389871,112.63658232998321,150.47450686208816,2.5970664578825917,0.8867141200233424,889.0,17159.0,150.2898077275795,14220570.0,255.0
2480,99.2,1315.8518116621167,627.0492440960222,1315.852051797116,627.0493758519262,1313,482,55756.0,133.2204414272203,60.46141828418064,73.97421378842208,74.85980363674759,59.361411758965275,104.57917188540253,0.20703222724156833,132.23483931147777,11.247125159635841,112.51519260372879,150.47969843638015,2.591573947504106,0.8965963022540104,884.0,17046.0,150.18544627280835,14217745.0,255.0
2481,99.24,1315.8517259145497,626.9323572886308,1315.8518850665423,626.9324532768949,1313,482,55754.0,133.21805205861205,60.466795055383415,73.96053560638963,74.8315876559922,59.385415889234324,104.47948175730708,0.2064124556299055,132.2448058212573,11.234540968700689,112.53346356808031,150.25070959235217,2.6406229472139784,0.8845163833265766,890.0,17204.0,150.26311264106727,14217245.0,255.0
2482,99.28,1316.0367419826441,626.8205287593778,1316.0368086060062,626.8206006275213,1342,481,55775.0,133.2431382919996,60.50293656733699,73.94692402806281,74.82930139579791,59.408152294951336,104.58552864109313,0.2060843655251947,132.265134728475,11.20600471858004,112.36826675419508,150.63436066322643,2.6386878673697387,0.9112766792253093,877.0,17187.0,150.30370373676834,14222613.0,255.0
2483,99.32,1316.050419735544,626.7262738349337,1316.0504583870506,626.7263465119611,1342,481,55848.0,133.33030609577233,60.56485093147393,73.9696472655651,74.84850856594824,59.47529445405844,104.57628255926733,0.20539105463062923,132.35446442519162,11.189386648753356,113.3571043915786,150.31718748383545,2.694025197817671,0.9145538381063925,876.0,17261.0,150.385038382511,14241229.0,255.0
2484,99.36,1315.8025546612112,626.9173619472385,1315.8025955428266,626.9174080372327,1313,482,55865.0,133.3505972677193,60.57384402297081,73.99004745425985,74.88649434284525,59.46201028422959,104.70117781349435,0.2059715065309281,132.36860473676995,11.21607817850623,113.34052420495527,150.70545292323828,2.6951371066620355,0.9169244661174533,875.0,17266.0,150.3509546258274,14245568.0,255.0
2485,99.4,1315.7350334669247,626.974777656785,1315.7350549804792,626.9748021060926,1313,482,55838.0,133.31836866962672,60.50901205553327,74.0123623817161,74.8767174291994,59.43607921361371,104.42468410156133,0.20621414433913687,132.33824821641895,11.207143682775463,112.64211433213922,150.68483257191235,2.629523008145756,0.9123060011579169,877.0,17166.0,150.34025886481942,14238685.0,255.0
2486,99.44,1315.7694666060459,626.6871503310122,1315.7695212527965,626.687158836689,1342,481,55875.0,133.36253180904788,60.52825514128339,74.03864300553255,74.90788030222119,59.4491362189317,104.45800986530244,0.206370064416722,132.3941955269145,11.22301544081709,112.6532196733826,150.25794946828728,2.6149816544736364,0.9212954212178237,873.0,17191.0,150.3031585476455,14248118.0,255.0
2487,99.48,1315.9822447187012,626.5598897578097,1315.9823331664402,626.5600100135898,1342,481,55924.0,133.42099563015677,60.563123376130996,74.06490621689055,74.93927303248272,59.47779084122296,104.49978339382122,0.20632015184558727,132.44146451615399,11.234243663578921,112.46336167063595,150.5819034959565,2.629471377957799,0.8972666988891089,885.0,17187.0,150.34601686874112,14260602.0,255.0
2488,99.52,1315.8334739808627,626.7215213339693,1315.8336229287954,626.721683833408,1313,482,55825.0,133.30284841746675,60.51078746274551,73.98376361194309,74.83894119299109,59.449857515905435,104.36881580838109,0.2056293612893456,132.3294866606837,11.171202190713162,112.584588748569,150.4133199565311,2.6001865747842716,0.926830016576299,870.0,17059.0,150.1808928305307,14235349.0,255.0
2489,99.56,1315.6401566805357,627.2932488221136,1315.6404063569419,627.2934979305896,1313,482,55813.0,133.2885204268391,60.41787076387951,74.07882515350964,74.91167746529835,59.38208503496832,104.11828119001748,0.2073053622050297,132.3016087587233,11.273104519167267,112.68676864827486,151.0167866699189,2.633392926583837,0.9036357702837794,881.0,17073.0,150.33441210284602,14232272.0,255.0
2490,99.6,1315.7343182889651,627.2971091402319,1315.7344799785005,627.2973573412165,1342,482,55815.0,133.29090853223366,60.47012427704616,74.02019579332756,74.86173320739162,59.425131186639156,104.23190015615317,0.20620150455223907,132.29575235286077,11.2168092331575,112.59312671422074,150.8179204589723,2.6466218176562246,0.8995791602042061,883.0,17127.0,150.3019360911439,14232790.0,255.0
2491,99.64,1315.786540410379,627.0422207799903,1315.7868076716259,627.0424628069546,1313,482,55790.0,133.26105413883562,60.49916000060159,73.96772131049445,74.85163738023385,59.40205836621611,104.58604537289825,0.20640268609671764,132.28319149406897,11.207129063127326,112.58076023140136,150.8503421462221,2.615253915322011,0.9032633906819567,881.0,17104.0,150.21982476810783,14226407.0,255.0
2492,99.68,1315.879267885412,626.9208584152876,1315.8795519209777,626.9211209133368,1342,481,55883.0,133.37207867319447,60.49821832823838,74.08184276568679,74.93276544379708,59.44101707908461,104.28846254544756,0.20674198093398777,132.38872524517691,11.255720271269071,112.5080565598928,151.08486882330365,2.674968878144931,0.9130412311097796,877.0,17232.0,150.24306306614181,14250119.0,255.0
2493,99.72,1315.8374156774146,626.9033658537134,1315.8375111906894,626.9034198746642,1342,481,55850.0,133.33269345274888,60.5142913043452,74.02753217767624,74.89228447720522,59.44073265168764,104.42327535746568,0.2063170049275307,132.35487841987012,11.238097785874041,112.55212621756556,150.70249511527004,2.6882881236119576,0.9042348157301897,881.0,17364.0,150.25445783900463,14241736.0,255.0
2494,99.76,1315.7011994576292,627.3276056607315,1315.7013264025811,627.3277110593297,1330,483,55790.0,133.26105413883562,60.47396830191682,73.99535178981705,74.8543325095098,59.40742237495047,104.37666643397206,0.2063596002622412,132.27409710594875,11.239597715500105,112.4695827617565,151.0292601277978,2.7040901837262243,0.9283819166708798,869.0,17290.0,150.2484254221745,14226430.0,255.0
2495,99.8,1315.7520179066364,627.5833838516758,1315.7520821019828,627.5834542295775,1342,482,55833.0,133.31239955570368,60.50313427692071,74.01989518647135,74.88462922837664,59.429508209944494,104.42169710052005,0.2063857587022092,132.33122885333023,11.246834605993868,112.6868982542156,150.66666813270018,2.6859183582091113,0.883782544879542,891.0,17580.0,150.28789870307517,14237403.0,255.0
2496,99.84,1315.9331160107643,627.7066954743786,1315.9332055255945,627.7067887409744,1342,482,55813.0,133.2885204268391,60.45838240810791,74.0491243551052,74.9143488501398,59.382902905823016,104.3934526335379,0.2073227116394779,132.31474033557717,11.286069037924225,113.16651501628606,150.6966210108633,2.643547899734405,0.865884991480529,900.0,17675.0,150.2985565745384,14232300.0,255.0
2497,99.88,1315.9782699001921,627.4681879767888,1315.9783302265557,627.4682750215085,1330,483,55792.0,133.2634427364311,60.49482080566316,73.97303027527695,74.8405684041932,59.41819480052902,104.45976460008058,0.20606970166731242,132.288721561568,11.21858935652198,113.15103432509129,150.4565683847715,2.6482456940088785,0.883133554419777,891.0,17539.0,150.2628118060527,14226948.0,255.0
2498,99.92,1315.8680083444426,627.1414323877244,1315.8680492129156,627.1414781783342,1329,482,55839.0,133.3195624603407,60.5180188544571,74.0292144126456,74.92535013595544,59.40494171048703,104.65699634868899,0.20714495691119128,132.31745440853402,11.285332664706456,112.48493078598605,151.12854008753123,2.726055062280418,0.8878589443216134,889.0,17412.0,150.2693760484497,14238938.0,255.0
2499,99.96,1315.8252443237668,627.0973148724256,1315.825291062153,627.0973670069855,1313,482,55830.0,133.30881795905714,60.5232245998325,73.99597856464086,74.87649033453835,59.430436266969686,104.55871139453428,0.20628710024411823,132.32355233905878,11.215098486733341,112.53399414830672,151.10095345162964,2.6667262205343363,0.8758534020781781,895.0,17420.0,150.23946776516766,14236642.0,255.0
2500,100.0,1315.8168784135012,626.9133012248359,1315.816932449382,626.913348862211,1313,482,55810.0,133.2849381885191,60.465060524394886,74.03897330228176,74.91219138178258,59.37976670764132,104.46044555060413,0.20734174755323587,132.2984593005758,11.27831172272011,112.57085756854136,150.9299784026123,2.655191287980945,0.8893976036687685,888.0,17377.0,150.25207854219445,14231539.0,255.0
2501,100.04,1315.8146768320667,627.0490641952638,1315.8147225408661,627.0490930599369,1313,482,55792.0,133.2634427364311,60.48818501921023,73.97234722147981,74.81852908902832,59.438341037815015,104.29582095759962,0.2055665653746288,132.2918701263989,11.176540135163282,113.32676858492736,151.05887665750734,2.6834590005606316,0.8811545442753813,892.0,17255.0,150.12798551360683,14226953.0,255.0
2502,100.08,1315.9393288125914,627.0402660080832,1315.9393570559175,627.0403093004941,1313,482,55868.0,133.35417774226653,60.56749815095037,73.98552235159467,74.8607261087641,59.48235903503069,104.54309491856121,0.20542636804497982,132.367402876581,11.171476654548082,113.22057504630266,151.00955514650963,2.637185845091175,0.8863249507423535,890.0,17429.0,150.12544706343573,14246334.0,255.0
2503,100.12,1315.9465030841895,627.0665439022996,1315.9464915894882,627.0666033713702,1324,482,55823.0,133.30046052597774,60.521157132274624,73.99854427562218,74.8909471863452,59.413306969674274,104.64458016172257,0.2066690407608165,132.3203549040006,11.258080762977162,112.41896855577608,151.0320145456954,2.6800624976387453,0.8956462150791562,885.0,17575.0,150.25010634041854,14234858.0,255.0
2504,100.16,1315.8639432598914,627.1560231600929,1315.8640365002684,627.156163893362,1313,482,55890.0,133.38043161878005,60.53028968742171,74.07211467395535,74.95213495791873,59.437123140043724,104.52447932976675,0.2069989310722875,132.39083291453255,11.293635232905142,112.48669657502617,151.00801100386244,2.6879828367857184,0.8967211894877387,885.0,17519.0,150.33448415088944,14251929.0,255.0
2505,100.2,1315.8028172337645,627.126126524096,1315.802861799101,627.1262200254303,1329,482,55839.0,133.3195624603407,60.51334540876357,74.02485104006148,74.9064810784464,59.418537818663694,104.54994616289324,0.2067637277415667,132.3310821490302,11.268070028437071,112.55169982112585,150.56838056060454,2.682639767983161,0.8740403389259829,896.0,17525.0,150.279960811969,14238932.0,255.0
2506,100.24,1315.8519830302198,627.0363529163485,1315.8520321420262,627.0364371745084,1313,482,55877.0,133.36491858915397,60.52818265762125,74.0567833943,74.93639249258067,59.43572278304125,104.52727401314736,0.20685102650323228,132.3872889507682,11.279003311978242,112.51702323008942,150.89896085864342,2.694204892117963,0.8864677323804413,890.0,17440.0,150.36211676503044,14248623.0,255.0
2507,100.28,1315.8749227496696,627.034767736697,1315.8749619714026,627.0348789348413,1313,482,55879.0,133.3673053265456,60.588863373134224,73.97713181772039,74.85273387734334,59.50373625170374,104.55913396100706,0.20505593891588614,132.38177261879386,11.157880622688435,113.48254342528358,151.02554375358827,2.7009726411572825,0.8965447011520012,885.0,17427.0,150.31592705546976,14249130.0,255.0
2508,100.32,1315.8587828617942,627.0943350399857,1315.858824372503,627.0944335954996,1313,482,55817.0,133.29329659484247,60.490190075143424,74.02400951450616,74.9070400687973,59.3932018674046,104.55068468997953,0.20710787914118933,132.30893263884806,11.260173704250466,113.32790277067444,151.0871013705026,2.6532174222982676,0.8895091568532459,888.0,17452.0,150.25033753486343,14233322.0,255.0
2509,100.36,1315.8163756352183,627.0198403325651,1315.8163740594769,627.0199570046578,1341,482,55820.0,133.29687860853755,60.50532955903508,74.01048171804675,74.8937425257486,59.40853170775769,104.56491262389677,0.20676241159489495,132.3195201490989,11.252712930602664,112.5547606409499,151.0307259224684,2.6969844034211268,0.8855634486725528,890.0,17561.0,150.14823914391775,14234086.0,255.0
2510,100.4,1315.8361590807654,626.9660271997559,1315.8361744798194,626.9660673996348,1342,481,55846.0,133.32791869604796,60.529383974835696,73.99385032652951,74.85435943483392,59.46192970395964,104.41265706827551,0.20563170731925773,132.3481935801617,11.169618724225929,113.53143872951834,150.64345219319307,2.6062800790590464,0.8899713057603663,888.0,17559.0,150.133084914112,14240716.0,255.0
2511,100.44,1315.82026248999,627.0005526548905,1315.8203110999607,627.0006451381671,1341,482,55802.0,133.27538508227198,60.508036664649616,73.98271507400207,74.86598526308913,59.411689769930604,104.5784610268427,0.20642612848612163,132.2878080879598,11.237080596195696,112.55391800029092,150.68127592714586,2.718870248724351,0.8932894091466332,886.0,17436.0,150.27425180862835,14229495.0,255.0
2512,100.48,1315.8877027027218,626.9479116174792,1315.8877613115692,626.9480240549829,1342,481,55872.0,133.35895155879396,60.5236077436881,74.0531707617628,74.93314681092765,59.43065457484535,104.52961524966197,0.2068843081580226,132.37056592366477,11.264820318872335,112.49550200192527,150.8036936574579,2.6862482674195913,0.8824180294263354,892.0,17484.0,150.25268192140712,14247342.0,255.0
2513,100.52,1315.8123333283472,626.9522954855908,1315.812342185849,626.9523468419261,1342,481,55841.0,133.3219500097004,60.523660145962765,74.02273000954641,74.91310445448906,59.41805093169092,104.61997929915688,0.20684036038329767,132.32623000796985,11.270286607304682,112.56926206594099,150.96828930820135,2.754836934335434,0.8999982063058868,883.0,17292.0,150.23814315589794,14239449.0,255.0
2514,100.56,1315.7223998523007,626.905014259193,1315.7226133533975,626.9050715680478,1313,482,55821.0,133.2980725917122,60.52446803607134,73.98563650988748,74.86486459479408,59.433472808054596,104.55430112010332,0.20612328453757134,132.32446060753335,11.230888960247874,112.66546637978155,150.95332808675474,2.7144669208284298,0.9017171009817713,882.0,17428.0,150.25983412001705,14234326.0,255.0
2515,100.6,1315.792619619292,626.912801656132,1315.7929280263677,626.913015440834,1313,482,55826.0,133.3040423471708,60.53306540925758,73.9765407206286,74.85624074972579,59.4417681908216,104.5655891642326,0.20592100811528735,132.325936143216,11.195925403844342,112.5948954536362,150.93750548975035,2.6727082553233403,0.9079639909313837,879.0,17405.0,150.23335028722707,14235580.0,255.0
2516,100.64,1315.8608629333532,626.8640330773228,1315.8610380548548,626.8643658418764,1342,481,55893.0,133.3840112924732,60.56232970972954,74.02680762058128,74.89528692918805,59.484956267607146,104.47225397767144,0.20575835000339948,132.40309963759412,11.20143294365358,112.53512518653815,150.86896958357963,2.682895133295731,0.9049310036814233,881.0,17546.0,150.22421795860416,14252665.0,255.0
2517,100.68,1315.8837639125713,626.6843043207473,1315.8838249235337,626.6845117784892,1312,482,55907.0,133.4007151662883,60.603233855076965,73.99551597997821,74.87569759565986,59.5123369428529,104.59134417610188,0.20518487501474036,132.42172811239539,11.162630456321285,113.96222148184353,150.9072677794582,2.6753902684669284,0.8909434120822405,888.0,17515.0,150.19149927148916,14256261.0,255.0
2518,100.72,1316.008588331408,626.6900354580561,1316.0086444500125,626.6904463614561,1342,481,55874.0,133.36133840297614,60.56152891847397,74.01396042014647,74.89962555887499,59.46268757093383,104.60558761983488,0.2061016710398228,132.386683728535,11.231623136390084,112.41666651327952,150.82445134789614,2.7104626561268583,0.9191719489900251,874.0,17411.0,150.19440414805538,14247820.0,255.0
2519,100.76,1315.8549204589456,626.846059240225,1315.854944897667,626.8462680692714,1341,482,55896.0,133.38759087009993,60.58502204079346,74.01046112987724,74.89125686493202,59.49279702225533,104.58127991963809,0.2056109149089077,132.40401986635413,11.20607636530439,113.2917602388437,151.02217014835117,2.7257068191850506,0.8988476022453219,884.0,17457.0,150.2656760373027,14253457.0,255.0
2520,100.8,1315.946587404508,626.9539653665731,1315.9469196180648,626.9544257537486,1313,482,55821.0,133.2980725917122,60.53800745295601,73.95856701330831,74.82394835836377,59.46508835527858,104.46865618676752,0.20526663374572351,132.3268094261628,11.163557890712925,113.19487435267261,150.9256696396134,2.6801629572954284,0.8776723947171341,894.0,17325.0,150.2348779509104,14234283.0,255.0
2521,100.84,1315.9970659387195,626.9467395484512,1315.9972068039392,626.9471083258729,1341,482,55850.0,133.33269345274888,60.55188070571758,73.9849391413647,74.85393442629541,59.474279967518385,104.4901207823086,0.20546220551600447,132.35823432118147,11.187401497592898,113.37545682798708,150.9022553868721,2.699798165814974,0.8920430250962605,887.0,17377.0,150.20565107464213,14241693.0,255.0
2522,100.88,1315.879654017355,627.0519119260496,1315.8797408315584,627.0521737574054,1329,482,55871.0,133.35775812068292,60.525907312868995,74.03457594933293,74.88842457154533,59.46619003463666,104.3429823398452,0.20593615936165,132.38744726611043,11.198372153720001,112.48727473470885,151.04017567645317,2.6857994264583738,0.8863725446217162,890.0,17487.0,150.1420861202456,14247073.0,255.0
2523,100.92,1315.89320659105,627.0184188141749,1315.8932576218967,627.0186113997063,1313,482,55826.0,133.3040423471708,60.49910950175579,74.01558414840359,74.87793543624005,59.42847576828062,104.40395905863097,0.2063286010485016,132.3253135077798,11.235780644528539,113.24505066259935,150.8684505556369,2.7011288874911847,0.9079639909313837,879.0,17493.0,150.18958073220188,14235607.0,255.0
2524,100.96,1315.850654795858,626.8286291678384,1315.8506784090503,626.8287688397236,1313,482,55866.0,133.35179076991673,60.55533480039772,74.0125924006073,74.89316451618448,59.46281456001237,104.56573797409736,0.20603148572841523,132.3613540541589,11.223484568060206,112.55075946046142,150.6275444262289,2.7482140046183408,0.9044938624097185,881.0,17523.0,150.30745781286745,14245814.0,255.0
2525,101.0,1315.6867548793537,626.7182814998907,1315.6867631536577,626.7183033078699,1312,482,55897.0,133.38878404129542,60.568653621373095,74.01849571842625,74.88183590121326,59.49798452038796,104.44006662643231,0.20544169618277286,132.4127273855858,11.1894261639551,112.72997353854316,150.9566758470722,2.6929016779336803,0.8988636829595456,884.0,17409.0,150.2411020208035,14253732.0,255.0
2526,101.04,1315.88857648889,626.6544413067975,1315.8885548098433,626.654514541387,1312,482,55875.0,133.36253180904788,60.572840639041004,73.99445458123577,74.8815667291494,59.47267688649272,104.62993676527354,0.20577680884257465,132.38825216573585,11.196676364452982,113.52820946400693,150.66196847850557,2.65308366534745,0.9170885983050694,875.0,17369.0,150.15428898809924,14248115.0,255.0
2527,101.08,1315.9472158659225,626.7024583254447,1315.9472676862533,626.7025489669976,1313,482,55905.0,133.39832902665916,60.602360605319745,73.98246670766208,74.8473574546913,59.530870757424736,104.48233532199174,0.2046363053837722,132.4329508875029,11.132111759593455,113.4627610703369,150.6879766780558,2.645802456605389,0.9154872568281385,876.0,17382.0,150.11507115983773,14255761.0,255.0
2528,101.12,1315.9108497058085,627.0073152708201,1315.9108946350548,627.0073597879808,1313,482,55844.0,133.3255312535735,60.505857539068344,74.02532408791315,74.88709959576023,59.435929512318516,104.39825526330957,0.20632619191886148,132.33612333200085,11.220087256263263,112.46338548101782,150.9979822823465,2.655293440826615,0.9020886366640876,882.0,17372.0,150.2186388754183,14240211.0,255.0
2529,101.16,1315.8908843885647,626.951538886267,1315.890958590056,626.9515869035679,1313,482,55832.0,133.31120570084647,60.51353609197447,74.00434643308058,74.8723994905465,59.436143346200694,104.4578969516159,0.2061675096481289,132.32691459054845,11.222276906191544,112.49179358238652,151.40467432199642,2.6654779211720965,0.9142918258336218,876.0,17457.0,150.17089195367163,14237147.0,255.0
2530,101.2,1315.8032827543318,626.850588435703,1315.8033455586367,626.8506485374362,1313,482,55895.0,133.38639768823126,60.54548669467694,74.04851258334757,74.92234810990125,59.460742751838055,104.49543784588079,0.20636840339524665,132.40684396298687,11.230568074499462,113.52625869214054,150.66379413693278,2.630451942373665,0.9090862192009044,879.0,17351.0,150.28307873793835,14253214.0,255.0
2531,101.24,1315.8283919924493,626.9839116703979,1315.8284334763948,626.9839771101574,1313,482,55920.0,133.41622403365182,60.58961532385164,74.02601852368069,74.89852316708622,59.507681276874514,104.51456008549512,0.20548925718972166,132.43783690049648,11.178627677617442,113.53635199711053,150.78155805545987,2.6485849323255075,0.9012714617686859,883.0,17349.0,150.24844589830641,14259591.0,255.0
2532,101.28,1315.8297046633593,627.0560819722937,1315.8297769416822,627.0561676968557,1313,482,55815.0,133.29090853223366,60.49400576487008,74.00674384257395,74.87337074508727,59.41802101155171,104.43774589014872,0.2064198469994707,132.31946013908984,11.241983702952382,113.20219909458595,150.73065825046302,2.6658079438591527,0.9098541101390835,878.0,17295.0,150.28462486371384,14232809.0,255.0
2533,101.32,1315.7042672207913,626.9980551122878,1315.7043188774142,626.998120670831,1342,481,55871.0,133.35775812068292,60.531246480395176,74.01953906711658,74.86915959359469,59.47716289406884,104.31978004612877,0.20558527413793337,132.38756463223712,11.18438692973981,113.60692639471766,150.83554351675778,2.627574103262494,0.908695878933245,879.0,17306.0,150.283062084803,14247095.0,255.0
2534,101.36,1315.8466194302582,626.8903386027873,1315.8466399341235,626.8903906054205,1313,482,55862.0,133.34701669703344,60.540342576121766,74.00761827562062,74.87853772339872,59.45977825782492,104.48949000665135,0.20591694141425,132.38110181055916,11.19910958004688,113.47846365996153,150.6871753557113,2.6213223685610005,0.9168752264611685,875.0,17331.0,150.26581789797544,14244803.0,255.0
2535,101.4,1315.8590296581228,626.6752081067186,1315.8590491181626,626.6752226952385,1342,481,55906.0,133.3995221018089,60.61447296286495,73.9687645006594,74.83756315980796,59.538488346796754,104.52312142180413,0.204430424602971,132.43307659003884,11.111707356379009,113.55412638255888,150.59371755962937,2.6225370382603037,0.9218065649861952,873.0,17447.0,150.17027560591316,14256027.0,255.0
2536,101.44,1315.9955291529518,626.565487444678,1315.995565965207,626.5655361069889,1342,481,55931.0,133.42934551344243,60.61706106452532,74.00393566961097,74.87136901844794,59.54232686077781,104.49831040115122,0.2047383714046036,132.47026592968908,11.152884681168066,113.86576453853172,151.33989539569117,2.6757651286741977,0.9243351712183882,872.0,17517.0,150.19918399066125,14262398.0,255.0
2537,101.48,1316.1019372447763,626.5168306647395,1316.1019663273157,626.5168631801184,1313,482,55891.0,133.38162485401895,60.554952817228596,74.01694318570831,74.86118941012812,59.50808776421971,104.29014207886814,0.20508759968795343,132.40988447136996,11.163375162964018,113.27052041855777,151.25923612203707,2.6647711925044413,0.8866898371507997,890.0,17431.0,150.26797945629207,14252200.0,255.0
2538,101.52,1316.1220079751781,626.5799569977992,1316.1220144914573,626.5799624295554,1314,482,55895.0,133.38639768823126,60.61548147421302,73.98080132314365,74.87992517530716,59.50119632835559,104.743358837688,0.20537852850343064,132.4097456305908,11.203187083417703,113.24282566053334,150.5250833112814,2.709525401714521,0.9111582099117455,878.0,17338.0,150.24367366101012,14253224.0,255.0
2539,101.56,1316.1130665078306,626.811181300417,1316.1130733821713,626.811269724705,1313,482,55831.0,133.3100118352977,60.52782250422183,73.98968800314807,74.85962391325303,59.44853181931486,104.48463796261038,0.20586654445120467,132.3342427847493,11.210466434615144,113.22350449056272,150.74653120203223,2.7227194413621074,0.9080453118204792,879.0,17260.0,150.23257192103242,14236895.0,255.0
2540,101.6,1316.033405128408,626.847140342952,1316.033441285405,626.8473223711285,1313,482,55889.0,133.37923837286627,60.54610933410087,74.03932152899078,74.90234357661592,59.47513274218695,104.41877780591538,0.2059643276534976,132.4076223877278,11.22066954541037,113.29823757805163,150.79625177375334,2.7115843575587277,0.917318383367732,875.0,17267.0,150.3302121532008,14251674.0,255.0
2541,101.64,1315.9714023252182,626.9407577046198,1315.971463842273,626.940977564676,1313,482,55894.0,133.3852044956891,60.56657356211229,74.03134387098628,74.91739543434822,59.46707971417863,104.60290856939619,0.2062313516185843,132.39248435704,11.23116594813604,113.40173587993766,150.93140263170753,2.682147800461164,0.8927457984732389,887.0,17363.0,150.31943592926885,14252942.0,255.0
2542,101.68,1315.9312317102533,626.9928310122666,1315.931320795233,626.9930927115581,1313,482,55883.0,133.37207867319447,60.576627167697175,73.99086832749335,74.85780490149907,59.50197812005704,104.48278928285283,0.20513327637175371,132.39247909388945,11.166519637919759,113.13386132986959,150.83177300447082,2.673080944073908,0.9006751269316787,883.0,17370.0,150.34641833425607,14250129.0,255.0
2543,101.72,1315.8230236223724,626.9803817254472,1315.8231312009743,626.9805687882804,1341,481,55838.0,133.31836866962672,60.538507858812174,73.97640981255981,74.8313163532536,59.47851910872143,104.38193252522986,0.20516540390732607,132.34508673509788,11.174016379465773,113.31509000474912,150.6613132747056,2.705656007997895,0.9123060011579169,877.0,17284.0,150.28566712602156,14238663.0,255.0
2544,101.76,1315.8034070034605,627.1019945986787,1315.8034988450588,627.1021899117231,1313,482,55847.0,133.32911240125375,60.5706374826952,73.96128331198221,74.84416878150175,59.4762469698741,104.61247881155327,0.20533225315778958,132.35088154251332,11.173368474209436,113.34062791711938,150.78264320930143,2.6782284221974284,0.9041862444777781,881.0,17177.0,150.31735909850383,14240960.0,255.0
2545,101.8,1315.8758148978773,627.1607985257726,1315.8758916090183,627.1609376680168,1313,482,55798.0,133.2706082723537,60.48153176090702,73.99450272669664,74.85331186610881,59.4153500418181,104.37898476614504,0.20624286941244252,132.27810910516055,11.234727127355537,112.70014260145601,151.0086129234101,2.667877303962864,0.8773107662067439,894.0,17274.0,150.34525759049913,14228470.0,255.0
2546,101.84,1315.8093569958426,627.1106629053639,1315.809381326931,627.1107627255299,1313,482,55813.0,133.2885204268391,60.499730485445035,73.999662890798,74.86953393072397,59.41986524521414,104.46761677023913,0.2063545460267625,132.30525979248287,11.237362270649195,112.54762671415764,150.78888832094523,2.6888350374330603,0.8854523962873734,890.0,17288.0,150.3661511565037,14232303.0,255.0
2547,101.88,1315.731091842734,627.2075160260781,1315.7311118679308,627.207567800104,1313,482,55789.0,133.25985982398262,60.499142393029345,73.97297977458948,74.85395894192223,59.40566301073396,104.56192553210565,0.20637914346219566,132.28174430452285,11.221609609748304,113.11585699642193,150.90600921179825,2.6839297105601463,0.887063927447814,889.0,17320.0,150.33610202614116,14226188.0,255.0
2548,101.92,1315.6533494409314,627.1104251586571,1315.653401659171,627.1105158481303,1313,482,55811.0,133.2861322786566,60.4997380683807,73.99421346060099,74.86277397826473,59.42160385141845,104.46021165110743,0.20625965758802078,132.3111051304045,11.225059074407689,112.54367800922267,150.72137054171984,2.6744738287366387,0.8914201123303025,887.0,17310.0,150.24537752208036,14231793.0,255.0
2549,101.96,1315.5982240841631,627.1777377571127,1315.5982528834597,627.1777789736138,1313,482,55749.0,133.2120784495916,60.44990957764451,73.95566207475719,74.79818685320102,59.40423187227239,104.25886573347863,0.20580652591406812,132.24561822450357,11.195484398723014,112.59009543665722,150.19664881171138,2.6214740260489493,0.9025995835656642,881.0,17153.0,150.1729379036541,14215989.0,255.0
2550,102.0,1315.6459034501706,627.2488930735356,1315.6459155839495,627.2489232646615,1341,482,55724.0,133.18220638548362,60.43492655466089,73.93545085348879,74.780461778099,59.38614128591104,104.28024731585042,0.20586019564667224,132.21421591911445,11.163917293044578,113.25973358623227,151.30316316093885,2.5570445156504418,0.8940578200575193,885.0,17129.0,150.15356544723696,14209616.0,255.0
2551,102.04,1315.5692803666082,627.3213461137675,1315.5693044445243,627.3214836603652,1313,482,55754.0,133.21805205861205,60.43014995689799,74.00202026813675,74.8685009187473,59.353261054119294,104.41135053543023,0.2072332112201133,132.2345012838628,11.268336201611413,112.75252722002476,151.06656414518795,2.6446896472337458,0.902680535653017,881.0,17115.0,150.28321575527937,14217253.0,255.0
2552,102.08,1315.6971844227764,627.3575125868322,1315.6972636637497,627.3577141012768,1342,482,55768.0,133.23477673902426,60.48034004049069,73.9683630844148,74.84662251933308,59.39001066046093,104.53561216072214,0.20651047887805052,132.23993661486497,11.23881666077218,113.4596188990304,150.8215881307483,2.699159302363101,0.9008609535399117,882.0,17237.0,150.24470569793178,14220814.0,255.0
2553,102.12,1315.628731602667,627.4013365105343,1315.6287885577044,627.4014661337444,1342,482,55793.0,133.26463701917413,60.52369236215999,73.93455746382989,74.79782283399491,59.45352658855534,104.45716034180016,0.20514362135238162,132.28745011031626,11.16596649449176,113.53024651654923,150.57623349199244,2.702329073795234,0.8931453353736087,886.0,17299.0,150.26910878795525,14227198.0,255.0
2554,102.16,1315.5926332450053,627.3686655146937,1315.5926842832284,627.3687458514971,1342,482,55743.0,133.20490976515484,60.41471788350827,73.994506945078,74.83444664679959,59.37112757945899,104.2073632340789,0.20663370627063904,132.21555772298055,11.238657078717639,113.56460149194514,150.56671301155555,2.6550134268140706,0.9004571104069592,882.0,17230.0,150.25704558524603,14214454.0,255.0
2555,102.2,1315.566947403404,627.3947640876846,1315.5670737174314,627.394946832356,1342,482,55767.0,133.23358218861884,60.451761961928064,73.9760961240552,74.81695307913458,59.40792753506592,104.2380314133231,0.205956336229977,132.25284626138514,11.200549163168713,113.59160303335509,150.97293826272198,2.625882486366729,0.9049442020286259,880.0,17301.0,150.1394552124329,14220559.0,255.0
2556,102.24,1315.5925940424495,627.2959826924869,1315.5926450294808,627.2960626534525,1313,482,55799.0,133.27180249088454,60.468178214272434,74.01122005140239,74.86224951589489,59.41131935473252,104.30716987875255,0.20639147582496564,132.28862664643177,11.259120758329168,112.73335435979259,150.86307233596153,2.676829998020394,0.8656677949513919,900.0,17367.0,150.32975187925484,14228734.0,255.0
2557,102.28,1315.7162151937525,627.144582317998,1315.7162760673493,627.1446681848338,1313,482,55769.0,133.23597127871972,60.47769875244156,73.96201655357893,74.80675290475294,59.4296362003857,104.28483114051224,0.20555786887242677,132.24760156448704,11.226215794039675,112.63441564876963,150.31097456847584,2.743428803854156,0.8671282549665204,899.0,17424.0,150.2283284922477,14221082.0,255.0
2558,102.32,1315.7669260594544,627.0474904663328,1315.7670054309835,627.0476241687727,1342,482,55791.0,133.26224844298503,60.495963935849375,73.96478089807371,74.81687995299976,59.43891772169192,104.34745070351622,0.20554134629736398,132.28613489590634,11.201859896128491,112.59931962684097,150.52326873509492,2.672010175161018,0.8890948164537585,888.0,17357.0,150.2046195663085,14226687.0,255.0
2559,102.36,1315.7131261581362,627.0854325102157,1315.7132331851426,627.0855621683637,1330,482,55784.0,133.25388808915326,60.50172157400038,73.9628804092829,74.837136907483,59.41690779017698,104.51748609320246,0.20605049517553287,132.2724065918455,11.22133646292049,112.64659586074403,150.67815346124928,2.6980710969358848,0.8849923221202021,890.0,17305.0,150.26704023309273,14224901.0,255.0
2560,102.4,1315.6571471019681,627.2473868786465,1315.6572058665329,627.24746297558,1313,482,55774.0,133.24194381655778,60.479532159306395,73.96670116061293,74.83363428361453,59.40348365793227,104.45142184237807,0.2061927203375291,132.25680850059533,11.217305196215714,112.95481881437415,150.42951889970658,2.628354069133518,0.8808702601164166,892.0,17282.0,150.2735886394055,14222359.0,255.0
2561,102.44,1315.634243160186,627.2234743869731,1315.6345808812976,627.2236436055691,1313,482,55736.0,133.19654581234363,60.45091222990361,73.93924476507348,74.78413828855736,59.40250303055321,104.28452316729437,0.20568045056096707,132.2242009980117,11.182022787935125,112.703286303942,150.71561825329377,2.6431432917644755,0.8782997189311452,893.0,17323.0,150.18691081573945,14212631.0,255.0
2562,102.48,1315.7226239460958,627.2376803415748,1315.7228507395787,627.2377588525326,1341,482,55775.0,133.2431382919996,60.45789682152039,73.9953500316741,74.85071740582893,59.39561615325086,104.3425267622426,0.2064789996438232,132.27072360978386,11.243035295459089,112.89168669572723,150.81887105873693,2.703599191059325,0.9009740296171386,882.0,17361.0,150.22822068334298,14222594.0,255.0
2563,102.52,1315.7703580189568,627.248436022378,1315.7705844365514,627.2485559502027,1341,482,55746.0,133.20849415559653,60.43581813482054,73.98980709701128,74.85960411859388,59.3550279174852,104.44391930398069,0.20711539132034495,132.21156805371126,11.261410692824734,112.84285854491864,150.93183008316697,2.6715275715410196,0.8944107967289942,885.0,17268.0,150.26454421543252,14215197.0,255.0
2564,102.56,1315.6929015811897,627.193117926696,1315.693244600703,627.1933522278825,1341,482,55748.0,133.2108836956424,60.389976683315204,74.04128066207052,74.89168202582218,59.332086506661774,104.25629622828019,0.20776133074158432,132.21182790603132,11.319116065816381,112.64998359627694,150.78609380099965,2.6490893033888767,0.8964676565402213,884.0,17285.0,150.2734714800718,14215687.0,255.0
2565,102.6,1315.6996898584885,627.0127037532076,1315.6998154750174,627.0127913434494,1340,482,55819.0,133.2956846146679,60.520851838928934,73.98620976888654,74.86400448293469,59.4315873593698,104.54181477123429,0.20613934867834538,132.32058591034615,11.223114383781155,112.67113401124594,150.73224603962694,2.6938356980841465,0.9099193151277165,878.0,17279.0,150.3309608696631,14233825.0,255.0
2566,102.64,1315.7967720166127,627.090120825869,1315.7968466933328,627.0901867231081,1313,482,55751.0,133.21446792534402,60.47608054600981,73.95348649717101,74.83758915659607,59.378529221624014,104.58371566656939,0.2065681178294546,132.23350886846566,11.239877370734781,113.50416649356924,150.77359378077995,2.7045709604974464,0.9150533591786295,875.0,17191.0,150.24548398894484,14216492.0,255.0
2567,102.68,1315.8296709902597,626.875511703196,1315.8297338920524,626.875541706959,1313,482,55842.0,133.32314376834668,60.54238408013029,73.99146568882838,74.8691819558694,59.4535352871972,104.5482520133246,0.20590109663223966,132.3450197386199,11.215520609009097,112.56413273838265,150.8900862750078,2.7328281768765113,0.8819442224947275,892.0,17434.0,150.24152684557026,14239700.0,255.0
2568,102.72,1315.9122391399417,626.9731572433002,1315.9122430358007,626.9731987905462,1324,482,55893.0,133.3840112924732,60.58653445641978,74.00419311649858,74.89395687326923,59.48314030149927,104.65117664438223,0.20576849208070502,132.40230139204368,11.191922204579685,113.40341073710984,150.9550893522625,2.6576272930581104,0.8827496942784607,892.0,17547.0,150.22010877593536,14252709.0,255.0
2569,102.76,1315.896411124814,626.9609633077876,1315.8964492805499,626.9610745221562,1340,482,55876.0,133.36372520444039,60.53612247739074,74.03996523725405,74.89976186081903,59.46901924636087,104.38992350861089,0.20601858044798627,132.37264161050152,11.239021598719,112.4848650349022,150.81314762527919,2.773500503982746,0.8785371585463281,894.0,17533.0,150.2224344170499,14248364.0,255.0
2570,102.8,1315.7990962879537,627.0586888763937,1315.7991688013901,627.0588467119287,1340,482,55823.0,133.30046052597774,60.53513696351564,73.97651429520815,74.85397548465328,59.44669737339208,104.54984212654236,0.2058311266903925,132.31243595655295,11.211306752674515,113.04142372510637,150.16630219368946,2.7218628926118207,0.881644144771376,892.0,17590.0,150.20247938359086,14234844.0,255.0
2571,102.84,1315.6437056845334,627.0660470793368,1315.643750559184,627.0660821329516,1340,482,55885.0,133.3744652824563,60.571792702508205,74.01912559077255,74.8986072834116,59.48085113230535,104.56189080512613,0.20584836901928538,132.38917416396745,11.250878779797075,113.19367322469449,150.7133128534584,2.802955708149239,0.8986707143888617,884.0,17528.0,150.17177633196317,14250668.0,255.0
2572,102.88,1315.7875188035384,627.457397832907,1315.787590782749,627.4574733255627,1341,482,55765.0,133.23119305567704,60.42226528830852,74.02360259783623,74.88593051114105,59.350158345312565,104.367461667691,0.2074591590140844,132.25188300141966,11.267983622972594,113.58985642120813,150.6771791305492,2.6142696868250828,0.8967410286820234,884.0,17436.0,150.22664015813453,14220063.0,255.0
2573,102.92,1315.8294574762454,627.4887146594822,1315.8294666906088,627.4887592027294,1341,482,55690.0,133.14156962262126,60.39849726139611,73.95489273989817,74.82734984489869,59.31418335266748,104.46306726563154,0.20731946974450832,132.1629813990318,11.24084339711392,113.79287162489022,150.24155261958126,2.580194531498566,0.9098879115384576,877.0,17484.0,150.12722492811747,14200945.0,255.0
2574,102.96,1315.9117989381239,627.5477500443596,1315.9119982790455,627.5478550812971,1342,482,55783.0,133.2526937100725,60.423024640751684,74.04165286401646,74.89160431372824,59.36628562482551,104.2666651777935,0.20730386044162785,132.265815293678,11.276900900458063,112.53483845503409,150.91117914040643,2.605888692566307,0.8970304815380491,884.0,17319.0,150.2395976587188,14224636.0,255.0
2575,103.0,1315.87402579144,627.3484779254375,1315.8742538584258,627.3486296090487,1342,482,55787.0,133.2574711621646,60.490908903730016,73.9719567211409,74.83497012183656,59.419926691452034,104.42457246590904,0.20598716623107838,132.28149481773835,11.223624782626178,112.4472220850206,150.87365405953437,2.672693184635715,0.8890310717769144,888.0,17329.0,150.17585502007415,14225650.0,255.0
2576,103.04,1316.0140037453268,627.1884971214906,1316.0141557672641,627.1886000322945,1342,482,55737.0,133.19774069490046,60.483113848324734,73.92561078078974,74.81228821366503,59.382863877870896,104.61823615490546,0.2062418448120108,132.2085014875449,11.21381735367688,113.16764781087656,150.76222976239654,2.654923957074152,0.8862371098990628,889.0,17308.0,150.21238286168017,14212912.0,255.0
2577,103.08,1316.091649618791,627.0686472840894,1316.0917643264165,627.0687381285167,1342,482,55806.0,133.28016172098765,60.53744264155561,73.94889078080995,74.83415694908065,59.43962788419993,104.62114289236645,0.2057152735128106,132.29366707520717,11.19531529479104,113.0669773126754,150.62348480272013,2.669599465285674,0.8913402517192822,887.0,17269.0,150.26387547617918,14230512.0,255.0
2578,103.12,1315.9735391683148,627.1743028694439,1315.973663923699,627.174366697144,1341,482,55779.0,133.2479160866903,60.50620426175411,73.9398149597663,74.80339046943391,59.43525691647169,104.44958663808778,0.2054470185979328,132.26399488705727,11.183090637715056,113.21048062109749,150.8538443888279,2.6827558354991674,0.8889035824232259,888.0,17254.0,150.11214213679511,14223627.0,255.0
2579,103.16,1315.9808263299901,627.0857563038169,1315.9809197914615,627.0858161492018,1342,481,55817.0,133.29329659484247,60.55781185264211,73.93568414100243,74.81643991947367,59.46624490880407,104.60248569745795,0.2051714172338499,132.3236494225933,11.164462515491586,113.32193036207998,150.90321571638202,2.672980713885285,0.8955499487142085,885.0,17388.0,150.13915891887612,14233321.0,255.0
2580,103.2,1316.2140184798452,626.6059463533378,1316.2140926744582,626.6067868201098,1342,481,55873.0,133.36014498622492,60.556347750396036,74.0212116861693,74.90000095949395,59.46596411917816,104.54910228762863,0.20606190444059602,132.3681934964585,11.252789744139681,112.22722068231954,150.67790292311682,2.7843580165236355,0.8687453063484084,899.0,17407.0,150.2585812344063,14247522.0,255.0
2581,103.24,1316.2106350239264,626.4549450728109,1316.2106645699682,626.4554421829489,1325,480,55961.0,133.46512481068268,60.60275826529309,74.06317923361605,74.92274387779023,59.536806073011114,104.4066391587922,0.20535737225368822,132.50602216727304,11.201080746236562,113.24179604744788,150.74965243881184,2.735862846076727,0.8818453166912914,893.0,17365.0,150.39501695118295,14269982.0,255.0
2582,103.28,1316.1412075965657,626.4246972059784,1316.1412195339701,626.4249084903133,1324,480,56005.0,133.51758376979114,60.68472703627399,74.00893382233438,74.85635829496862,59.63626416704049,104.37398272076344,0.20332399911780275,132.5606546811408,11.095335880089285,113.31515426796499,150.5303514678487,2.72462100521515,0.9026414201780266,883.0,17474.0,150.2211165233114,14281243.0,255.0
2583,103.32,1315.9880327662754,626.6234966283148,1315.988020526024,626.6238087575318,1342,481,55929.0,133.42695988582378,60.634927268640574,73.99354257568736,74.86974738205745,59.54964042477746,104.57647002823097,0.20462346265310705,132.45603946358094,11.182955287876338,112.44751946213644,150.8158595343557,2.7495030432370298,0.8853021322975284,891.0,17489.0,150.3022229946996,14261859.0,255.0
2584,103.36,1316.0358261792135,626.6769120318814,1316.03580507716,626.6770382040173,1313,482,55858.0,133.3422424532233,60.60490991422645,73.92425974604761,74.78960052048379,59.53374621757872,104.51282262399171,0.20398363137033626,132.3600169160556,11.10935220156123,112.39185417593241,150.63469485068478,2.710281519939003,0.918908736204403,874.0,17168.0,150.16576645744973,14243774.0,255.0
2585,103.4,1316.0524429542188,626.6863953595798,1316.0524301021412,626.6864211223011,1314,482,55903.0,133.3959428443476,60.60918749046464,73.97249001475141,74.82922619626414,59.54821402951669,104.42814893304943,0.20421181593763904,132.42612386010603,11.133616631360994,113.29883009540025,151.1011456022328,2.67129721047028,0.9217570994602237,873.0,17228.0,150.2299632345606,14255261.0,255.0
2586,103.44,1316.1151236988278,626.4834344196267,1316.1151794981924,626.4834639750886,1312,482,55878.0,133.36611196318896,60.56451637584863,74.01052562984302,74.88616781062815,59.47840295842288,104.53395628779757,0.20574914303491088,132.3853759588185,11.202144411432739,113.33155153560084,150.42591262511255,2.726187545140124,0.900594541142894,883.0,17264.0,150.26965906636713,14248882.0,255.0
2587,103.48,1316.1353750520607,626.449564989274,1316.1354345340194,626.4495961978273,1313,482,55968.0,133.47347193331865,60.644467010471686,74.02535784691707,74.89586292917976,59.56605324714601,104.52377663140845,0.20468166174317737,132.500950472334,11.16008898570091,113.31694835722817,150.38727008542978,2.730168959835928,0.8859194646860855,891.0,17261.0,150.3232547630813,14271832.0,255.0
2588,103.52,1316.132516627617,626.2744771334173,1316.1325303357935,626.274496488375,1325,481,55957.0,133.46035479192454,60.61830437829432,74.04098420935313,74.88920949712127,59.56720968188367,104.33715117179926,0.20459556080407792,132.47938120408628,11.180978336910874,112.20311060488997,150.39123666601543,2.812458554230877,0.9059671903995385,881.0,17288.0,150.2917638693511,14269032.0,255.0
2589,103.56,1316.112905927513,626.3133856624968,1316.1129035139434,626.3134144380728,1312,482,55977.0,133.48420318116317,60.65014635479467,74.03058992129388,74.8932684630177,59.58159813129512,104.46507709142905,0.20444654968267928,132.51276569014667,11.166611132741538,112.216522875327,150.43441782899217,2.7339510576137798,0.9124949121787239,878.0,17515.0,150.27992409271485,14274131.0,255.0
2590,103.6,1316.1048908542186,626.1315486837309,1316.104902487028,626.1315619967794,1342,481,55890.0,133.38043161878005,60.58029851663967,74.0079976618727,74.8681901516793,59.51395121899504,104.4260187116186,0.20508361296803523,132.39823989492882,11.198682718370673,112.25243155977908,150.87900598180494,2.833589983559865,0.8866739725243457,890.0,17474.0,150.21567912717978,14251948.0,255.0
2591,103.64,1316.0527140608033,626.1339578771549,1316.0527219093592,626.1339590596228,1325,481,55935.0,133.43411664072397,60.59810747703144,74.03493670877997,74.88772171870427,59.54100787736816,104.36577269432236,0.20492963985447366,132.45744654431883,11.181175421511343,113.29163632220437,150.3319219119139,2.7729873791545505,0.9035586256680348,882.0,17402.0,150.25782819911458,14263424.0,255.0
2592,103.68,1315.9744778179552,626.4406800453586,1315.974476837775,626.4406903952781,1313,482,55910.0,133.4042942957075,60.58833063790593,74.0075685970048,74.85843442688635,59.533862752925245,104.35903402894834,0.20471402843628117,132.4323188262383,11.152406129029359,114.0475145138688,150.60001615997908,2.7075442496390925,0.9031547825350822,882.0,17315.0,150.23880937971379,14257049.0,255.0
2593,103.72,1316.0085918630548,626.4604221677565,1316.008539969564,626.4605138304539,1313,482,55855.0,133.33866165818384,60.55193463766816,73.97845610872012,74.82516657686487,59.50246384258968,104.32452451846056,0.20478006846178953,132.36473990183788,11.151041207451202,113.44038186690344,150.20637078361455,2.6905617327235385,0.8981882929621522,884.0,17321.0,150.2198638311881,14243011.0,255.0
2594,103.76,1316.0278986663775,626.4036136508807,1316.0279134682485,626.403618014923,1313,482,55887.0,133.3768518490128,60.58379358204064,73.99092566754828,74.85352351615644,59.51473047194433,104.45323126140036,0.20491744842046578,132.41421195544984,11.171291604622452,112.28675213900954,150.2773051495316,2.704065682267858,0.9110277999344791,878.0,17300.0,150.257865451994,14251183.0,255.0
2595,103.8,1316.0737433638074,626.1922636763961,1316.07373016299,626.1922781028036,1324,482,55893.0,133.3840112924732,60.62754566093056,73.93896934115237,74.79338931570669,59.57028953068151,104.43350125798032,0.20353536488054724,132.41748988607083,11.10196715116454,112.27382787468976,150.94653616545855,2.73546074526697,0.8947461550738821,886.0,17239.0,150.1939400445377,14252713.0,255.0
2596,103.84,1316.051156455608,626.3400546527103,1316.0511638708756,626.3400682423138,1325,480,55977.0,133.48420318116317,60.6218163771526,74.05093719164333,74.89890138892834,59.57097019990106,104.33229720285146,0.20464827794247287,132.51791544768312,11.154563564147077,113.34286393627461,151.02019589727226,2.6526244627906,0.8820974480875684,893.0,17248.0,150.2985124508238,14274132.0,255.0
2597,103.88,1315.984622261958,626.3318730442556,1315.984622261958,626.3318730442556,1324,480,55925.0,133.42218850261935,60.617357187550944,73.99132963212328,74.8413142597496,59.5647423649768,104.37205342467446,0.20411950332342954,132.44181704651626,11.139313126591334,112.34046228801459,150.22337208493408,2.696784566023196,0.8892263733445482,889.0,17186.0,150.32537287847552,14260875.0,255.0
2598,103.92,1316.0242476424442,626.3541436011565,1316.0242480597976,626.3541540002145,1342,481,55922.0,133.41860985323578,60.63163827289054,73.97350353200223,74.825807901517,59.57661669093898,104.40381929368753,0.20379587789614584,132.43898113267107,11.132163039220766,112.29790223405286,150.0734429290429,2.73969690298482,0.9095253520020212,879.0,17253.0,150.3138010960388,14260108.0,255.0
2599,103.96,1316.0606781358417,626.279677384742,1316.0606781358417,626.279677384742,1325,481,55918.0,133.41383817140263,60.63301417375749,73.95839495821443,74.79759348705738,59.59468601423472,104.31089588208638,0.2032539653224713,132.43177899893186,11.079386048173607,113.4178542360006,150.15414117239746,2.7341876171491104,0.8992013779582423,884.0,17358.0,150.2630910270648,14259090.0,255.0
2600,104.0,1315.9485512699162,626.4093795016806,1315.948565299008,626.4093858943417,1313,482,55935.0,133.43411664072397,60.6398585414417,73.98613525241458,74.85415408652473,59.5650591328965,104.52061024247955,0.20425178990006887,132.47182723017022,11.146371025726243,112.43889247302248,150.5789468186873,2.7293690599265497,0.9076703774718238,880.0,17410.0,150.16395609165733,14263423.0,255.0
2601,104.04,1316.0863876265403,626.4439075022212,1316.0864084960308,626.4439319173282,1342,481,55932.0,133.43053831125684,60.62383532572499,74.00758981054747,74.88941233432548,59.53107322555381,104.60717235374094,0.20508024605945796,132.46464914316195,11.178158945713172,113.79054663996811,150.5664268362026,2.6928610812057374,0.9035101644920804,882.0,17241.0,150.28339571345376,14262656.0,255.0
2602,104.08,1316.06063322299,626.4070917648589,1316.0606472376185,626.4070981584123,1342,481,55930.0,133.42815270496482,60.633909913093525,73.97445937650429,74.8279292507262,59.57745106534466,104.41324634700636,0.20380729946811316,132.45812406552702,11.101386588488872,113.82065475880802,150.5400653414553,2.6795986893385484,0.8853179613331325,891.0,17389.0,150.2408127448217,14262148.0,255.0
2603,104.12,1316.103425453895,626.2152043645469,1316.103425453895,626.2152043645469,1342,481,55905.0,133.39832902665916,60.58948564228504,74.0050484353834,74.86495025176407,59.523711142039865,104.42910649803738,0.20491884464135757,132.41317422481416,11.171728788976685,113.22909700998476,150.97358899910685,2.7183370400646907,0.8869119419211584,890.0,17231.0,150.3727955695233,14255775.0,255.0
2604,104.16,1316.1286546572308,626.359943527057,1316.1286546572308,626.359943527057,1324,480,55956.0,133.45916226059637,60.613860180824084,74.0373943827385,74.89789717577598,59.54729894506162,104.42989279122108,0.2049536610445608,132.4869770446432,11.15864441592361,113.33789092774848,150.5209323235767,2.6531388288919855,0.9100783340478721,879.0,17238.0,150.30090109023456,14268780.0,255.0
2605,104.2,1316.0681935496407,626.3116243009611,1316.0682013307578,626.3116190885025,1342,481,55908.0,133.4019082200977,60.60102185697566,73.98492940190617,74.83565002930052,59.54728468542235,104.37341008725161,0.20429254423382837,132.42772342382904,11.126181704845989,112.26097550233636,150.44738817738548,2.693777087184533,0.9051738599434815,881.0,17274.0,150.25555506711586,14256539.0,255.0
2606,104.24,1316.0836493060524,626.4281370725425,1316.0836493060524,626.4281370725425,1342,481,55912.0,133.40668032864062,60.622888419341834,73.97415653072308,74.83842002027671,59.552676880259,104.4902703243455,0.204249944558907,132.43560110520843,11.129357047105895,112.30252694932155,151.0574731967378,2.753193222411345,0.9031870899857185,882.0,17312.0,150.19201777955706,14257560.0,255.0
2607,104.28,1316.0190454049607,626.5099161286862,1316.0190454049607,626.5099161286862,1313,482,55919.0,133.41503110786053,60.57546283048097,74.02900107203212,74.8712993003779,59.53123749699098,104.27877105414915,0.2048857432251011,132.42779586451368,11.158472946467366,112.43501848627464,150.65083269644867,2.653621586518302,0.89314510152834,887.0,17372.0,150.27201395433678,14259345.0,255.0
2608,104.32,1316.1743941396153,626.4134542563803,1316.1744725021028,626.4134617105428,1313,482,55877.0,133.36491858915397,60.60827966745661,73.93779701311324,74.79471407885556,59.54756197581237,104.44456488184815,0.20385333764319524,132.38768823108327,11.094777672478177,112.14047406198925,150.50888433505676,2.696470155917615,0.9067291978545293,880.0,17325.0,150.20603821896734,14248621.0,255.0
2609,104.36,1316.143124032203,626.4290292765781,1316.1431355720058,626.4290491005972,1313,482,55926.0,133.42338136441708,60.61906483829914,73.98802587523431,74.84204748239516,59.561455014356106,104.40495529344274,0.2041712243593209,132.43980236254941,11.119297788640363,112.24364697936933,150.5338192902569,2.6823100203165393,0.8872450990766962,890.0,17485.0,150.34332039558302,14261127.0,255.0
2610,104.4,1316.1521511373276,626.4417657233967,1316.1521692478273,626.4418076469116,1342,481,55918.0,133.41383817140263,60.619121925212085,73.98303580065676,74.84249675887213,59.55474966921785,104.44841347715344,0.20426559443772174,132.4425194597131,11.123021528269236,113.30162995548919,150.59069861586948,2.720908401275005,0.8831445333881339,892.0,17403.0,150.35591789981555,14259085.0,255.0
2611,104.44,1316.083855142388,626.3600956312259,1316.083890816728,626.3602296712338,1342,481,55906.0,133.3995221018089,60.6498653827075,73.92984401154739,74.78017580676385,59.5982660219386,104.41620765994958,0.2030205147425188,132.42664267796164,11.07483537765654,112.23808776081421,150.7827056680257,2.770506724168364,0.8829550106154909,892.0,17500.0,150.1464091605221,14256013.0,255.0
2612,104.48,1316.131897108293,626.3816284273744,1316.13192829284,626.3816330912084,1324,481,55894.0,133.3852044956891,60.61339363962724,73.96511928772847,74.83496852697574,59.53612218919582,104.53216648690126,0.2044344594367692,132.41460839470733,11.130345366631603,113.33122194736988,150.32425836648602,2.7376474606932346,0.9008524156670052,883.0,17366.0,150.2908363339962,14252966.0,255.0
2613,104.52,1316.13550615881,626.4042564155993,1316.1355217049274,626.4042587427591,1313,482,55932.0,133.43053831125684,60.63737322549223,73.9847068152291,74.84872907149875,59.56757197170644,104.49007444801467,0.20416054206070866,132.46241394804903,11.12923673845975,113.32404435499822,150.56062009957313,2.741465323476206,0.8913418163125167,888.0,17377.0,150.2441831249086,14262658.0,255.0
2614,104.56,1316.1844161784397,626.2781750605832,1316.184436548042,626.2782172383622,1325,480,56003.0,133.51519971879915,60.64918717091513,74.05359732177925,74.90166822500947,59.598651644978794,104.34373948220949,0.20430808742549533,132.5281165978782,11.142271383583228,113.13945845706483,150.42549546915646,2.71611022059212,0.8766074088159139,896.0,17513.0,150.368464569335,14280759.0,255.0
2615,104.6,1316.1373019583427,626.1925806387776,1316.1373250778427,626.192602269067,1325,481,55882.0,133.37088535254833,60.55288922456305,74.02267437961314,74.88330846737624,59.48528245484103,104.41104087040654,0.20562694581321195,132.37343504357847,11.207409084686837,113.19907570600428,150.31228667142514,2.6977403491228613,0.8747134121288306,896.0,17279.0,150.3760415623456,14249906.0,255.0
2616,104.64,1316.0561490764455,626.2663878812386,1316.0561568599387,626.2663828112421,1325,481,55897.0,133.38878404129542,60.595894587143555,73.98441933690508,74.84837284504671,59.525438493841456,104.47159330395058,0.20471967216878906,132.40682100580958,11.13847550321789,113.3483910653686,150.45602017337552,2.681696235135688,0.8927937148398509,887.0,17317.0,150.25295329823055,14253734.0,255.0
2617,104.68,1316.2311231548242,626.2866507253598,1316.2311153969786,626.2869031036823,1325,480,55998.0,133.50923940506854,60.68009259384466,74.03062841831162,74.91615578677626,59.58336331006467,104.64907327538755,0.20466603385725302,132.52831447631021,11.175734862577222,113.09200789198815,150.58392214381792,2.7536440774821402,0.8923936034804462,888.0,17435.0,150.3411168200441,14279465.0,255.0
2618,104.72,1316.1348348723811,626.2586493293086,1316.1348348723811,626.2586493293086,1312,482,55987.0,133.49612577813593,60.68596027127382,73.9919274033412,74.84482407641931,59.63089303270396,104.42381730875546,0.20327298823204354,132.51261110945867,11.098168482260268,112.20325075369959,150.42312522345932,2.7547152905225576,0.8862202163625619,891.0,17582.0,150.21334113934577,14276685.0,255.0
2619,104.76,1316.2249258584343,626.2452388608997,1316.2249258584343,626.2452388608997,1313,482,55974.0,133.4806261944088,60.64790253020716,74.0336270160288,74.90658830819955,59.5663414898706,104.53998463826647,0.20479169008755593,132.49328120597488,11.172495954552938,113.10444232118962,150.33339850486848,2.7471054942722657,0.8860144388997097,891.0,17585.0,150.25791928686058,14273370.0,255.0
2620,104.8,1316.0441267260317,626.2413953728559,1316.0441144939966,626.2415308747857,1324,481,55968.0,133.47347193331865,60.6063339777376,74.0770696371622,74.93974319965287,59.53633221336473,104.4254892292723,0.20554395209562837,132.4913285868928,11.231457817353961,112.29552842900486,150.91770753843969,2.765859634780065,0.8979726522320587,885.0,17609.0,150.27727605147714,14271827.0,255.0
2621,104.84,1316.061458203062,626.2187840565987,1316.061458203062,626.2187840565987,1324,481,55973.0,133.47943384418934,60.65101685073814,74.01714247385326,74.87098941375531,59.59377626253058,104.4045943291703,0.2040471652751793,132.49747981926274,11.132071122712203,112.28188123374497,150.9756057709616,2.746850380313564,0.8940075961273589,887.0,17592.0,150.3009862222721,14273115.0,255.0
2622,104.88,1316.0456546614023,626.3067474112053,1316.0456424111217,626.3068830402033,1325,480,55891.0,133.38162485401895,60.56885076152789,74.01391241233628,74.87743815450423,59.498018190286125,104.44357231024576,0.2053945800400352,132.4014819830914,11.197826867544615,112.28399422322144,150.49759684095812,2.7127473342087605,0.8827181071496869,892.0,17408.0,150.1849080464364,14252192.0,255.0
2623,104.92,1316.0528132044574,626.2522185385094,1316.052810293986,626.2522920203735,1325,480,55955.0,133.4579697186122,60.620103545244,74.02390057487685,74.8694587284683,59.57263599893442,104.32510737627082,0.20431325388649335,132.49015412714775,11.148230467576786,112.28528270572798,150.4437072570213,2.671256389846575,0.8739043034896048,897.0,17608.0,150.20480573069813,14268515.0,255.0
2624,104.96,1316.0624958539543,626.2094493624144,1316.0625189789757,626.2095457549613,1324,480,55983.0,133.49135686712887,60.64855392265517,74.02291975740536,74.8708802057037,59.59858252965124,104.3561681984993,0.2039818102056854,132.50665120145743,11.116118829918452,112.28229294329279,150.18454210158,2.638006267960973,0.8881493827845847,890.0,17370.0,150.3121665793289,14275651.0,255.0
2625,105.0,1316.0949029614544,626.1889571992892,1316.09493931106,626.1889669473195,1325,480,55941.0,133.44127301179137,60.657221263888204,73.96027932061861,74.81283362711473,59.60252791049946,104.42277164625048,0.20331145044481425,132.46898249448415,11.077452780754234,113.41908445158371,150.15451540371876,2.698664546306107,0.8934964882168291,887.0,17380.0,150.19795308074526,14264950.0,255.0
2626,105.04,1316.0743598143686,626.3118643388128,1316.0743680503415,626.3118988880547,1325,481,55938.0,133.4376948742329,60.63597051086873,73.98732478958819,74.84329599735221,59.57622171275781,104.42741469275629,0.2039871986013887,132.485221574584,11.11842970711355,113.32337049128407,150.95067229491318,2.708375665863559,0.8874354745941464,890.0,17449.0,150.2428405651764,14264183.0,255.0
2627,105.08,1316.0580057913644,626.3716487380093,1316.058028289909,626.3716492909641,1325,481,55921.0,133.4174169487768,60.609746940175086,74.00484419801074,74.86358978871782,59.54579173099048,104.4292462458933,0.20460945168349087,132.44422076803093,11.159074233886276,113.3321248170586,151.01251109541485,2.7762494861015727,0.8812149882005987,893.0,17283.0,150.22644807351622,14259852.0,255.0
2628,105.12,1316.1023117750394,626.1948927239084,1316.102347703256,626.1949147996495,1313,482,55927.0,133.4245742155502,60.61239647081637,74.00611170184462,74.86583138917906,59.54724565895846,104.43719709287181,0.20461384647676162,132.44649200133725,11.163542555796063,112.24519705988055,150.3259261731719,2.7035622121335137,0.9075405595935762,880.0,17366.0,150.21450498528023,14261379.0,255.0
2629,105.16,1316.269944167391,626.3025299400631,1316.2699765874931,626.3025753757618,1324,481,55953.0,133.4555846026746,60.648325114821034,74.0015793146192,74.86664601249424,59.577163369287646,104.49520234318237,0.20422288772833486,132.48617356939437,11.15142892430782,113.20764540448738,151.2164853306006,2.771632405338746,0.9038493927237606,882.0,17433.0,150.25928186006843,14268006.0,255.0
2630,105.2,1316.116913177923,626.3075843168342,1316.1169160900427,626.3076221638148,1324,481,55929.0,133.42695988582378,60.605445793224426,73.99422978538668,74.81891337569307,59.58436290343805,104.17111919250492,0.2036189752684162,132.45663114167004,11.093334005709181,113.2816907635412,150.47522604334088,2.68786821632873,0.9014165161884985,883.0,17396.0,150.08802024897838,14261891.0,255.0
2631,105.24,1316.14769602067,626.3079597812136,1316.1477165072838,626.3079810528197,1342,481,55945.0,133.4460437126263,60.685007718178035,73.92879636492889,74.78311348871377,59.62904519323287,104.46248201673608,0.202640243077977,132.48181306264783,11.043988570339868,113.74659134394683,150.46558470738086,2.6731636312171223,0.8976036311664259,885.0,17342.0,150.12788338404746,14265970.0,255.0
2632,105.28,1316.129637212539,626.2786305941778,1316.1296359184257,626.2788074853885,1325,481,55949.0,133.45081424291462,60.66983419660061,73.95653742930568,74.80827350218888,59.616444254895015,104.42372843215036,0.20307685949802534,132.4744930035179,11.076061105274187,113.76817038968204,150.44371048881976,2.706853394690164,0.8896079814439719,889.0,17430.0,150.2167255329668,14266976.0,255.0
2633,105.32,1316.1695124128457,626.2582109313537,1316.169543310463,626.2582904516867,1324,480,55968.0,133.47347193331865,60.643571415406825,74.00843715860152,74.85841369596837,59.59118578781155,104.37578458585763,0.2039480554605856,132.5048801076156,11.098187945376035,113.73116488637348,151.51890213852514,2.6405258587747586,0.887911413387772,890.0,17529.0,150.23737478928277,14271828.0,255.0
2634,105.36,1316.1514826181606,626.1906613991875,1316.1514950997926,626.1908398311753,1325,481,55916.0,133.41145226648587,60.62642398448409,73.965879250751,74.81975669661546,59.569443394599304,104.41689900948386,0.2038273575768793,132.43072010938366,11.107580638727482,113.18535590937947,150.35341937499376,2.6829933913666903,0.8732952021074925,897.0,17356.0,150.164881748597,14258560.0,255.0
2635,105.4,1316.1468110031071,626.3007208528709,1316.146832275936,626.300795281923,1325,480,55955.0,133.4579697186122,60.65786710623319,74.00501839738267,74.89254355208517,59.55859728178141,104.66561361065938,0.20474596726227534,132.47393376614394,11.174999112983524,113.3294639463073,150.4113605022164,2.7690824237335785,0.8857136872232331,891.0,17424.0,150.25958237557182,14268515.0,255.0
2636,105.44,1316.2115632028024,626.2755670659428,1316.2115597641593,626.2757906021083,1325,481,55970.0,133.4758567296227,60.61857419759555,74.05655798596653,74.91971792585719,59.548477599248606,104.44348821789931,0.2051694901176807,132.49456752557185,11.189110133689523,113.11302617072114,150.99544180911678,2.6801834153522166,0.8780497029252307,895.0,17540.0,150.22435659268464,14272326.0,255.0
2637,105.48,1316.2436694942364,626.2060632639932,1316.2436777908931,626.2061022284222,1325,480,55914.0,133.4090663188993,60.6559331468402,73.935712750699,74.80508927935632,59.58045370568566,104.56050997322644,0.20352406126827716,132.44132113060724,11.087380710137138,112.35133284108376,150.2902513625072,2.7033560635694753,0.8930652409173198,887.0,17456.0,150.19069225435132,14258063.0,255.0
2638,105.52,1316.0940835196839,626.4665717845048,1316.0941205931279,626.4665784248841,1325,482,55907.0,133.4007151662883,60.63383131746227,73.94354687294758,74.7956495861468,59.579530271500154,104.41657686202528,0.20343588696453918,132.44127132723312,11.073987096904187,113.7801127209653,150.63300405093145,2.703750048086088,0.8929534360618915,887.0,17480.0,150.11549134071174,14256280.0,255.0
2639,105.56,1316.100477532872,626.4753170674107,1316.1005042197112,626.4753254183951,1325,482,55928.0,133.425767056019,60.681803242437965,73.93434772354365,74.81807637156209,59.5887948033766,104.67998849689158,0.20355083031744514,132.46905173671254,11.111426316438378,112.3601846461572,151.22045995257963,2.764677200252564,0.9179584988994349,875.0,17421.0,150.19333725528313,14261636.0,255.0
2640,105.6,1316.1441762029767,626.3712730360086,1316.1442682099096,626.371414282142,1328,481,55986.0,133.49493356635563,60.64790403209744,74.04901448873505,74.92024922929728,59.56828909461288,104.5202039921729,0.20491069227090986,132.517005704593,11.189754956639781,112.45441889694216,150.52660962595294,2.7256361587486015,0.8783007087363224,895.0,17383.0,150.35305225688072,14276399.0,255.0
2641,105.64,1316.2130765886714,626.3831590048169,1316.2131762185325,626.3833422603107,1325,481,56010.0,133.52354371104042,60.71674250551615,73.9968216067846,74.8828834681515,59.62051821212808,104.68452257060058,0.20381647379423729,132.55963065346003,11.121390860585247,113.25084621532206,150.6810186099601,2.7235139061690345,0.9006808036668185,884.0,17349.0,150.33473867378666,14282517.0,255.0
2642,105.68,1316.2310964230537,626.3685747212921,1316.2311582031948,626.3686702640889,1342,481,55966.0,133.4710870944042,60.6595805120432,74.00456940579006,74.88000436418147,59.57554823292535,104.57659714838948,0.20438642146469943,132.50673097197827,11.145796560141475,112.09128653264044,151.1335102804033,2.702842613494887,0.8979405634437427,885.0,17375.0,150.30183079988734,14271307.0,255.0
2643,105.72,1316.292070960215,626.2545019336474,1316.2920007858124,626.2546211133534,1325,481,55993.0,133.50327882523706,60.680174581368746,74.0117464858851,74.88110927623977,59.60404079151137,104.53691911280067,0.20401765722207188,132.5374121869688,11.12869129024086,113.03667326019813,151.163873444384,2.7240225787295476,0.8923139226343909,888.0,17326.0,150.29341295637428,14278198.0,255.0
2644,105.76,1316.1950111767019,626.3764867368706,1316.1949846285838,626.3765460785014,1325,481,55948.0,133.4496216263303,60.68639356889879,73.94401260751343,74.81905527127896,59.60423083316057,104.61276872471025,0.2033549392324251,132.49376471515959,11.091371047342088,112.40339872478805,150.51505112834985,2.6708132238279974,0.8777045699349795,895.0,17401.0,150.23587388922712,14266731.0,255.0
2645,105.8,1316.0356533951158,626.3650872457365,1316.0356919335516,626.365180694884,1325,481,55923.0,133.419802747029,60.66059496939081,73.9388250376936,74.80797421946694,59.58543969104129,104.55945503730838,0.20348812659686166,132.45581768676385,11.07196811081727,112.56256282789096,151.12237194919538,2.6617714529293344,0.9013198132419568,883.0,17338.0,150.2629980636078,14260353.0,255.0
2646,105.84,1316.2174303824881,626.3417973812573,1316.21751493258,626.3420365535248,1325,481,55918.0,133.41383817140263,60.632761972719564,73.97683892499627,74.85259113456857,59.548250370740675,104.57962510970442,0.2044597325470543,132.44343277834932,11.147348821662941,113.67318638054623,151.05616143641114,2.7345591209552715,0.9053357641181871,881.0,17263.0,150.26651212829168,14259056.0,255.0
2647,105.88,1316.140781718348,626.4746354155102,1316.1407366390397,626.474724921406,1325,481,55984.0,133.4925491108524,60.630524743133236,74.06896076249225,74.94203321948103,59.547990192730346,104.5175234757137,0.2054126685042892,132.52016104305602,11.205009641917327,113.30762036150404,151.19201108395777,2.7510261940298295,0.9002627050970033,884.0,17394.0,150.36279801954765,14275909.0,255.0
2648,105.92,1316.219274826575,626.3659610475702,1316.219298873189,626.366142013951,1342,481,55910.0,133.4042942957075,60.59205497225543,74.00548687475188,74.86308764356573,59.52921401968695,104.41263498033138,0.2048255569805728,132.43081000040303,11.153802486731061,113.24748041981069,151.07841204232517,2.7127082157841964,0.9134823690808971,877.0,17310.0,150.20480731804318,14257031.0,255.0
2649,105.96,1316.2731323975408,626.4969332264661,1316.2731257827877,626.4969404186795,1313,482,55890.0,133.38043161878005,60.5619198099915,74.00889438128732,74.85322051894659,59.51519097301407,104.29726346385134,0.20490807796372912,132.39692239504282,11.171302479858035,113.10310876665598,150.60369926121942,2.689525533756507,0.9152416203224158,876.0,17204.0,150.23317467773998,14251949.0,255.0
2650,106.0,1316.2323681556788,626.679896747513,1316.2323494180537,626.6800278905118,1342,481,55933.0,133.4317310984084,60.65119983882869,73.96703052721271,74.82723558551376,59.58669701815308,104.47518869471243,0.20367635458005862,132.4556726980421,11.11807670602371,113.12105347251179,150.74183460367655,2.7549271598826506,0.8974110984365304,885.0,17295.0,150.24870588661406,14262901.0,255.0
2651,106.04,1316.2081541073117,626.6867314853841,1316.2080103127853,626.6869102823483,1342,481,55853.0,133.33627440806669,60.597621528868125,73.91909455694687,74.77423531504961,59.53921403683778,104.43476868694994,0.2037469352113257,132.36996154922502,11.101663906169836,113.20754558600956,150.5978701961259,2.69944259170731,0.9084031237325003,879.0,17193.0,150.16239798788015,14242491.0,255.0
2652,106.08,1316.1388841377006,626.6082123954327,1316.1388590844062,626.6082796852647,1313,482,55920.0,133.41622403365182,60.68151689486888,73.90693325368238,74.77913695666174,59.60337198215673,104.60609696558983,0.20294116236324222,132.44505027262142,11.030548896227327,113.22260741139135,150.5359484872244,2.662222560917149,0.8931610736505441,887.0,17296.0,150.13660797699075,14259591.0,255.0
2653,106.12,1316.183366934522,626.6660814521999,1316.1833047087448,626.6662015171032,1342,481,55896.0,133.38759087009993,60.636725084783635,73.92068023498237,74.77497381806508,59.58005275188856,104.44473113722337,0.2032086444208896,132.41920357030972,11.05486174620388,113.66706411995276,150.74474218868318,2.6507079626015067,0.9091024833787235,879.0,17230.0,150.12296362341374,14253464.0,255.0
2654,106.16,1316.2392347868154,626.6652916075767,1316.2392542445734,626.6653234472383,1313,482,55836.0,133.31598105612895,60.578933970486496,73.92776525945725,74.7936466439539,59.50657223330325,104.50395015115143,0.20439001301036863,132.35294457690182,11.144852163542687,113.11602444415968,150.72579010362898,2.714067865861627,0.9060638812285108,880.0,17179.0,150.20643494372845,14238176.0,255.0
2655,106.2,1316.1886469828141,626.6171618480723,1316.188664401931,626.6171821920257,1313,482,55930.0,133.42815270496482,60.6229417390953,73.98050719479895,74.82141639630878,59.58197846959781,104.3098906985233,0.2036774851466563,132.4622397350174,11.089111014932453,113.23777361246111,150.28402537186219,2.6736673549194645,0.9222022891939665,873.0,17114.0,150.22194105155967,14262147.0,255.0
2656,106.24,1316.1591260376856,626.5352434406346,1316.159116931444,626.5352798053527,1313,482,55896.0,133.38759087009993,60.57679256670747,74.0084256943031,74.87099496016853,59.507385970932276,104.44223270691135,0.20520107950227873,132.41357958622174,11.18422302288492,113.27988397263309,150.96460836494748,2.691497635071485,0.9237567490376183,872.0,17157.0,150.33828497554637,14253475.0,255.0
2657,106.28,1316.2453097734456,626.5247475260054,1316.2453063196892,626.5247794104487,1325,480,55873.0,133.36014498622492,60.62296227698533,73.92682439140602,74.81232488093491,59.52675840110912,104.67045417328707,0.20431882720063876,132.38499937290624,11.126931904205486,113.196461746506,150.5909432934768,2.673971088391507,0.9149632322825969,876.0,17077.0,150.0956071681149,14247606.0,255.0
2658,106.32,1316.2435927706833,626.5138627680319,1316.2435714030257,626.5139122348986,1325,480,55922.0,133.41860985323578,60.625946310030685,73.97474924944592,74.82060772760003,59.57890190140905,104.35163869855202,0.20370999767445863,132.43922712073226,11.099799949745007,113.1998856706621,150.58121329282469,2.738920571945633,0.8972346101007931,885.0,17344.0,150.3093263458697,14260103.0,255.0
2659,106.36,1316.2525221924875,626.4819971583064,1316.2525046514957,626.4820559610705,1342,481,55896.0,133.38759087009993,60.60026029987006,73.96120885231107,74.79733293508555,59.56518235601359,104.2718294429763,0.2036456379038476,132.41235937095007,11.086119379405508,113.19613745732832,150.59968885881753,2.688891168576736,0.9029286303806289,882.0,17274.0,150.15506484898037,14253472.0,255.0
2660,106.4,1316.2640290648708,626.4598040014369,1316.2640101631835,626.459884053822,1312,482,55888.0,133.37804511627726,60.57505433757497,73.98808130355492,74.82418104164037,59.539191415650244,104.24898586026016,0.20427874268993185,132.39743007380537,11.131380154572636,113.18831257044624,150.52344832243585,2.7398740323257256,0.9048500515940707,881.0,17274.0,150.29878235693354,14251431.0,255.0
2661,106.44,1316.2483743913585,626.4172171021664,1316.2483684671638,626.4172790502244,1313,482,55929.0,133.42695988582378,60.6429633438416,73.9832077615001,74.86072192309146,59.55632919310405,104.59441142683853,0.20443821989467936,132.446869903893,11.166863034016568,113.21056026726555,150.4882954734974,2.7731059974570367,0.9158802752372946,876.0,17373.0,150.18575493755964,14261889.0,255.0
2662,106.48,1316.179049314497,626.4345970255192,1316.179013558656,626.434788045517,1313,482,55979.0,133.48658778574878,60.67366788091108,74.00941165551426,74.88949084195295,59.58398399865115,104.61527992074943,0.20437456138675847,132.51083241581213,11.16000728359318,113.69975078114327,150.52734665378105,2.7328321324216533,0.9063233795838906,881.0,17493.0,150.21168295793854,14274626.0,255.0
2663,106.52,1316.1870683592877,626.4437378307298,1316.1870610311857,626.4437673130194,1313,482,55955.0,133.4579697186122,60.65415030809369,73.99334650059718,74.86554651448783,59.574249647320926,104.55503054152273,0.20425012010308063,132.48904163247596,11.131904382090545,113.26684644332404,150.36478163097513,2.6907446242384827,0.9354284387911324,867.0,17457.0,150.2468975979618,14268522.0,255.0
2664,106.56,1316.1940275252161,626.5086063039913,1316.1940429338104,626.5086583184258,1342,481,55900.0,133.3923634908457,60.61659003924946,73.95594994576568,74.8079338864823,59.5619555421305,104.40263235257449,0.2038016230669717,132.4230677310362,11.097125763907943,113.67575629648744,150.423765050304,2.7161920337095014,0.9029932452819013,882.0,17308.0,150.1307869915009,14254493.0,255.0
2665,106.6,1316.1469356392056,626.540069632556,1316.1469060159804,626.5402020853488,1313,482,55818.0,133.29449061010297,60.60668020884952,73.86531376715908,74.73562532060932,59.53016522567455,104.5775306701012,0.20345665176018357,132.3327195627133,11.062924177558868,113.29115444202391,150.68537791199398,2.6591027699609358,0.8955659931083664,885.0,17175.0,150.18782185544035,14233572.0,255.0
2666,106.64,1316.2046830056654,626.5120022444685,1316.2046442564001,626.512245737696,1313,482,55897.0,133.38878404129542,60.634876488851816,73.92837021456917,74.78275212603168,59.57795023208852,104.44115337877194,0.20331963536616637,132.42529586780907,11.054706157445976,113.6647644110857,150.8055173128536,2.732305788423249,0.9111908124060619,878.0,17223.0,150.17533689693764,14253709.0,255.0
2667,106.68,1316.1581933434877,626.474757468315,1316.1581486776267,626.4748749106504,1314,482,55960.0,133.46393232197576,60.68850760077819,73.94405441317008,74.79233971551876,59.639953535746514,104.41115399863871,0.2025927553196769,132.49719913072298,11.044886064129763,113.71548586360841,150.5721139766067,2.7168851158847986,0.8897828851562077,889.0,17363.0,150.26467031149494,14269785.0,255.0
2668,106.72,1316.178627835744,626.447967150819,1316.1785912269095,626.4481143041075,1313,482,55921.0,133.4174169487768,60.668524800523144,73.92896645183808,74.78307865234572,59.612524937178826,104.45359553333901,0.20286078065456914,132.44763967630104,11.087941114960536,113.94699630001426,150.54012092017896,2.799296481752655,0.909509087824202,879.0,17331.0,150.19064354179756,14259838.0,255.0
2669,106.76,1316.1836926592784,626.402278466617,1316.1836906187982,626.4023350199352,1324,482,55931.0,133.42934551344243,60.640824277265345,73.96894622879475,74.81952431567548,59.5881981301713,104.39670244162096,0.20357421842513712,132.4674335509219,11.096143497145011,113.94761485544902,150.49528515253073,2.7377243139068104,0.9117450548094432,878.0,17119.0,150.1976203602725,14262399.0,255.0
2670,106.8,1316.1220034273879,626.5554330670803,1316.1220131181526,626.5554840669847,1342,481,55953.0,133.4555846026746,60.6395802640722,74.00448387258761,74.86409428937925,59.575076282635735,104.44891581197913,0.2042236422128535,132.48423578336087,11.13373357037954,113.98998739600812,150.87359699141552,2.7278134325726806,0.8997642029560702,884.0,17291.0,150.20358984982107,14268009.0,255.0
2671,106.84,1316.180640965505,626.4564966284953,1316.1806399713978,626.4565069717555,1313,482,55940.0,133.44008030993257,60.64633482383088,73.982857216431,74.84868764222793,59.57444962152159,104.50844646732705,0.2040682141778657,132.4730550109411,11.134422751983713,113.69546460283843,150.5475252881012,2.7351433823404383,0.913972522382139,877.0,17355.0,150.2376124962008,14264699.0,255.0
2672,106.88,1316.193934540719,626.4810520322719,1316.1939516417483,626.4810966449675,1313,482,55916.0,133.41145226648587,60.61014210857305,73.97524631516254,74.80040265032582,59.58880899262477,104.18511464960149,0.2033624568682023,132.43766371133088,11.083883063406416,113.92773081106529,150.39776994870655,2.741825450014606,0.9094277669351063,879.0,17314.0,150.13030937205258,14258574.0,255.0
2673,106.92,1316.1062807475066,626.5717122903345,1316.1062985085305,626.5717657999213,1313,482,55918.0,133.41383817140263,60.616049784971246,73.97718129798433,74.81561143077911,59.5781262760724,104.28934420563108,0.20366718741321432,132.43753047179672,11.10865728977545,113.3262838332717,150.6807022562649,2.709892331156773,0.9073945144805479,880.0,17121.0,150.18057451970643,14259083.0,255.0
2674,106.96,1316.1357435497516,626.5302789814199,1316.1357479808448,626.5303945393467,1313,482,55964.0,133.4687022128771,60.6442766678548,74.00290716595198,74.85543184182322,59.58878153943059,104.39793394467128,0.20394846341481987,132.5000245006405,11.109833962067533,113.23531443135256,150.67974529144647,2.6430549560998577,0.9143646450231323,877.0,17384.0,150.2448924170851,14270807.0,255.0
2675,107.0,1316.227809441171,626.4530620586611,1316.227792184566,626.453152105875,1342,481,55915.0,133.41025929802646,60.64239359599217,73.95723497820852,74.83248712269153,59.558973947721654,104.58892836903753,0.20410270675526532,132.43522644459767,11.110747553740206,113.1535196205882,150.36021330621176,2.711299179376584,0.9011908759799011,883.0,17298.0,150.33162695614666,14258316.0,255.0
2676,107.04,1316.19116433718,626.505485165585,1316.1911607142856,626.50575,1313,482,56000.0,133.5116235624909,60.71976294414724,73.97006664917022,74.84408513495309,59.639108749108715,104.6080948247743,0.2031553509997207,132.54428422204822,11.07230114963033,113.92747550387003,150.59039366005493,2.685679493661361,0.898486072845113,885.0,17508.0,150.2261781735899,14279970.0,255.0
2677,107.08,1316.172351197709,626.537176774221,1316.1724199478813,626.537250562239,1324,482,56026.0,133.54261373559024,60.71799892596663,74.01890149368593,74.90261747422734,59.6244167050315,104.65764993738799,0.2039741905475172,132.57327730657565,11.139112962575135,113.44663919881684,150.45786652267154,2.7465611734297424,0.9132936732894794,878.0,17529.0,150.3471754796462,14286608.0,255.0
2678,107.12,1316.1708500154095,626.6187259754627,1316.1708480754799,626.6187591580001,1324,482,55962.0,133.46631728873504,60.653677928384134,74.00230365738247,74.86572308256626,59.584671687977774,104.48480224054617,0.20411278707260538,132.49729264315283,11.135039924232474,113.18959480170501,150.5353854212129,2.736223481240723,0.9019483823944778,883.0,17362.0,150.24611182107367,14270306.0,255.0
2679,107.16,1316.2424829619697,626.5982948994271,1316.2425017437804,626.5983045087904,1324,482,55913.0,133.40787332910412,60.66000331574743,73.93194060517146,74.81354341799766,59.56930052599634,104.65555698183121,0.20376314495396652,132.4364300824786,11.08364919669354,113.18759815144888,150.66139315681878,2.6827038896863105,0.907313378306643,880.0,17285.0,150.16204322257326,14257810.0,255.0
2680,107.2,1316.2357966132513,626.50313187184,1316.2358097350673,626.5033004776301,1342,481,55901.0,133.3935566193513,60.573792222861904,74.01704099227443,74.87829436591107,59.50586268900275,104.427212528204,0.20529890280068597,132.40848194363875,11.182715419270732,112.2221629180865,150.57361093076227,2.685867018306107,0.8948742206499041,886.0,17294.0,150.19978460951222,14254734.0,255.0
2681,107.24,1316.1701460548627,626.5099306910523,1316.1701888208079,626.5099412279606,1342,481,55979.0,133.48658778574878,60.680263502960955,73.99011283058665,74.85968393728557,59.60418522454132,104.54822630690911,0.20378791240321947,132.52667847620583,11.098990657725857,113.2036902418905,150.60145527334413,2.727784836999453,0.9166990635897033,876.0,17428.0,150.18339691136848,14274636.0,255.0
2682,107.28,1316.1998447696503,626.5714301542669,1316.19992131898,626.5714209076929,1342,481,55922.0,133.41860985323578,60.60532342224812,74.01451463407031,74.8795366096602,59.53325625862289,104.47037318942476,0.20494625161792857,132.43993912063863,11.179649292479008,113.16663339147055,150.649896000725,2.7596135792197884,0.913678430401394,877.0,17347.0,150.23963960120014,14260098.0,255.0
2683,107.32,1316.2346790403315,626.3354364950383,1316.234706995679,626.3355354783416,1342,481,56006.0,133.51877577932396,60.69670111961301,74.01529078249146,74.88580922182507,59.61936240528589,104.55126684700353,0.20386301457085487,132.54261278956005,11.127150510359757,113.65686533774243,150.4633607045821,2.786012536897362,0.8985823392100607,885.0,17644.0,150.24504283454374,14281514.0,255.0
2684,107.36,1316.1977292219035,626.3982487075898,1316.1977458650376,626.3982424177473,1342,481,55986.0,133.49493356635563,60.67608056418937,73.99074709790585,74.83240944307913,59.63495540101984,104.33417914826282,0.20308652568001506,132.54050237838302,11.071740409405603,113.68571780020811,150.48689311413105,2.7172427713939573,0.9084979664456516,880.0,17474.0,150.2198957194568,14276428.0,255.0
2685,107.4,1316.2762906032422,626.3395193328952,1316.276305680133,626.3395215037433,1324,481,55967.0,133.47227951918785,60.66396114575196,73.99446843169177,74.86752530019538,59.58314523257847,104.56525668656528,0.2041523344912407,132.509809871324,11.126002889568253,113.61507134956517,150.4057454524647,2.647201366931032,0.9228123640142807,873.0,17400.0,150.1946017957006,14271582.0,255.0
2686,107.44,1316.2781204741727,626.3982906899819,1316.2781204741727,626.3982906899819,1324,481,55929.0,133.42695988582378,60.63805529124651,73.98083418652408,74.85507470718537,59.5554814187572,104.56885353832152,0.20438952667239207,132.44846047697612,11.143227598097713,113.60594637567661,150.46070478833573,2.678866660108496,0.9055138587103632,881.0,17254.0,150.3057051766978,14261895.0,255.0
2687,107.48,1316.2987974437874,626.4903431878013,1316.2988201644619,626.490346800143,1313,482,55940.0,133.44008030993257,60.66563172567937,73.94716090596397,74.80479172106233,59.60490428057716,104.47090648334455,0.20319403464371166,132.4618885630296,11.05539512376183,113.57403974561113,150.1279951419341,2.652892601190651,0.9118917660338678,878.0,17435.0,150.3030544303872,14264697.0,255.0
2688,107.52,1316.2037552240613,626.494060325236,1316.2037583364622,626.4940907221655,1324,481,55929.0,133.42695988582378,60.6326062774998,73.99437405319749,74.86961793156844,59.54847308124515,104.56790051675952,0.20463767912275133,132.4488424139635,11.1650043530315,112.25524282753332,150.40683281685875,2.7460432847463645,0.8933048227503806,887.0,17292.0,150.34317393151164,14261892.0,255.0
2689,107.56,1316.3313487938958,626.4123701541928,1316.331356825204,626.4123698451538,1323,482,55991.0,133.50089451878824,60.67207584855727,74.0230601044891,74.89800890608699,59.588610295169715,104.57015975330053,0.20440327899922406,132.52125556747407,11.150753438155467,113.5513849401834,151.08591742040244,2.6877355390955824,0.9044632342858485,882.0,17315.0,150.26495581196852,14277704.0,255.0
2690,107.6,1316.3091732121452,626.4915102610438,1316.3091732121452,626.4915102610438,1314,482,55891.0,133.38162485401895,60.60713403593135,73.97360811267355,74.83986502154295,59.53414143845515,104.49864465189829,0.2045129768564118,132.3966672979011,11.16572683550185,112.15160538880609,151.01202160838122,2.7678185866100486,0.9131719386567774,877.0,17298.0,150.19572107605646,14252205.0,255.0
2691,107.64,1316.2604811579909,626.360753408422,1316.2604375178726,626.3608450100086,1342,481,55952.0,133.45439202872063,60.612309510912205,74.03803815300918,74.89121033040138,59.5549307198039,104.3734699653012,0.20478076857000482,132.47105832189033,11.192169714088639,112.0634443104232,150.93595276617637,2.704678829651396,0.8997481222418465,884.0,17283.0,150.3297577757783,14267746.0,255.0
2692,107.68,1316.3177810049588,626.4553545791439,1316.3177379547162,626.4554494402117,1342,481,55914.0,133.4090663188993,60.64477107529577,73.95012870601266,74.82428491518634,59.5628758652727,104.5849695645359,0.20396331307693105,132.4227652028924,11.100694251957645,113.80800202443389,150.08870830197924,2.686964975193301,0.913547722854396,877.0,17424.0,150.20000214717578,14258058.0,255.0
2693,107.72,1316.2449821541377,626.452543670421,1316.2449789150169,626.4525587877922,1312,482,55964.0,133.4687022128771,60.66360478051119,73.9817913261427,74.83649450335615,59.60601885078492,104.43230690166641,0.20351669000060124,132.5013495186405,11.088956239494442,113.8805876196639,150.57081143324706,2.704419821908146,0.908140967280471,880.0,17321.0,150.23110132465055,14270815.0,255.0
2694,107.76,1316.3392960285785,626.4454999783725,1316.3392863527476,626.4455289785119,1342,481,55938.0,133.4376948742329,60.65879137345465,73.95814806595031,74.82491124944616,59.586317999569594,104.53201020572442,0.20365668325452724,132.4656556792988,11.091501668647608,113.53939412856752,150.5336360242503,2.679617951524481,0.9118591635395511,878.0,17399.0,150.19170209156835,14264187.0,255.0
2695,107.8,1316.2755496774125,626.3559023426346,1316.2755422935354,626.3559482542972,1342,481,55966.0,133.4710870944042,60.6585266529058,73.99207359479526,74.84761504396677,59.59965044183598,104.43187286672372,0.2037201131014511,132.5021040063076,11.100940604323604,113.61376592827094,150.42147351193196,2.681893189704097,0.8938957912719304,887.0,17400.0,150.26246054329374,14271325.0,255.0
2696,107.84,1316.3231854007024,626.3884430356557,1316.3232061477975,626.388455008489,1342,481,55955.0,133.4579697186122,60.6378768323818,74.00272891060585,74.85919083366323,59.577324047702206,104.42511916377792,0.20414149038716256,132.4734555974519,11.119510550265124,113.56245536761867,150.02375550842805,2.6464953402563607,0.891708348204371,888.0,17437.0,150.22377956611373,14268522.0,255.0
2697,107.88,1316.2382031323787,626.2581720260745,1316.2381990351973,626.2581918885116,1324,481,55970.0,133.4758567296227,60.65373044782779,74.0044729479706,74.85463898712486,59.60134273363204,104.38339662899367,0.20377222387134108,132.49242208661286,11.105188636243371,112.10118951094813,150.1727264521866,2.7113308569691688,0.9123808034486159,878.0,17452.0,150.16528639425778,14272348.0,255.0
2698,107.92,1316.2736819769573,626.3513042093809,1316.2738108001859,626.3512919481077,1342,481,55962.0,133.46631728873504,60.6251305392665,74.0356902364386,74.89390638264666,59.56167113535643,104.41825541025702,0.20471939558012964,132.493365143294,11.179769999107423,112.05184503424388,151.046873720696,2.7225686747459252,0.8878162256290469,890.0,17418.0,150.20929936478868,14270293.0,255.0
2699,107.96,1316.324175941648,626.2443215047106,1316.3242706992708,626.2443157443158,1314,482,55944.0,133.44485105340704,60.60897408257242,74.03192861488672,74.88523216678131,59.55145839615417,104.37572032282823,0.20476365402027985,132.45231052922568,11.176872910376316,112.01837703037373,150.32598692597657,2.7528346942387207,0.889528479756592,889.0,17345.0,150.32755968313666,14265707.0,255.0
